order_id,order_date,customer_id,segment,region,channel,category,sub_category,quantity,unit_price,discount,revenue,profit,ship_mode,delivery_days,satisfaction_score,returned,currency
ORD-102948,2025-05-07,CUST-00627,Consumer,East,Web,Furniture,Bookcases,6,490.79,0.4,1766.84,249.12,Standard,8.0,4.0,False,GBP
ORD-104264,2025-09-29,CUST-01261,Corporate,Central,Phone,Office Supplies,Storage,2,42.38,0.3,59.33,7.89,First Class,5.0,5.0,False,GBP
ORD-101402,2025-04-28,CUST-00066,Consumer,Central,Mobile App,Technology,Accessories,4,285.29,0.15,969.99,228.92,Second Class,2.0,5.0,False,GBP
ORD-101711,2024-12-11,CUST-01101,Corporate,East,Mobile App,Office Supplies,Storage,2,27.31,0.0,54.62,13.05,Standard,6.0,4.0,False,GBP
ORD-102887,2025-01-07,CUST-00390,Consumer,South,Marketplace,Office Supplies,Paper,8,52.9,0.4,253.92,22.85,Second Class,3.0,4.1,False,GBP
ORD-103618,2024-02-12,CUST-00149,Corporate,North,Web,Office Supplies,Storage,8,21.45,0.2,137.28,22.1,Standard,7.0,4.6,False,GBP
ORD-100884,2024-03-14,CUST-00818,Corporate,West,Mobile App,Furniture,Furnishings,4,99.66,0.4,239.18,27.51,Same Day,3.0,4.8,False,GBP
ORD-102097,2025-01-29,CUST-00262,,South,Web,Technology,Copiers,8,124.07,0.2,794.05,135.78,Standard,7.0,3.2,False,GBP
ORD-100380,2025-09-05,CUST-00810,Consumer,North,Web,Furniture,Furnishings,2,525.15,0.4,630.18,80.66,Standard,6.0,5.0,False,GBP
ORD-104214,2025-09-08,CUST-00458,,North,Marketplace,Office Supplies,Paper,7,19.0,0.0,133.0,46.95,Standard,7.0,2.3,False,GBP
ORD-103406,2025-01-27,CUST-00637,,West,Mobile App,Furniture,Tables,2,191.55,0.0,383.1,113.01,Standard,5.0,4.1,False,GBP
ORD-103033,2025-05-16,CUST-00191,Home Office,West,Marketplace,Furniture,Tables,3,372.89,0.0,1118.67,349.03,Standard,7.0,3.6,False,GBP
ORD-100489,2024-07-30,CUST-00741,Consumer,South,Marketplace,Technology,Machines,5,208.64,0.0,1043.2,443.36,First Class,3.0,4.0,False,GBP
ORD-101247,2024-08-15,CUST-01211,,North,Mobile App,Office Supplies,Storage,3,21.66,0.1,58.48,18.3,Same Day,0.0,3.5,False,GBP
ORD-100500,2024-04-24,CUST-00451,Home Office,South,Mobile App,Office Supplies,Storage,7,29.32,0.4,123.14,19.7,Same Day,0.0,3.4,False,GBP
ORD-103715,2025-12-18,CUST-01281,Consumer,Central,Web,Furniture,Chairs,3,499.34,0.1,1348.22,434.13,Standard,6.0,4.5,False,GBP
ORD-104895,2025-09-06,CUST-00952,,West,Mobile App,Office Supplies,Labels,2,28.22,0.1,50.8,16.76,Second Class,3.0,3.1,False,GBP
ORD-101063,2025-10-28,CUST-00431,Corporate,Central,Mobile App,Office Supplies,Binders,2,30.84,0.0,61.68,23.81,Standard,7.0,2.6,True,GBP
ORD-103314,2025-08-26,CUST-01308,Home Office,South,Web,Technology,Copiers,4,470.28,0.15,1598.95,458.9,Standard,3.0,5.0,False,GBP
ORD-104017,2024-08-09,CUST-01266,Corporate,South,Marketplace,Furniture,Bookcases,8,201.53,0.0,1612.24,730.34,Same Day,0.0,4.4,False,GBP
ORD-104777,2025-12-25,CUST-00516,Consumer,West,Mobile App,Furniture,Furnishings,2,227.51,0.2,364.02,29.49,Standard,5.0,3.7,False,GBP
ORD-104888,2025-03-28,CUST-01327,Consumer,Central,Web,Furniture,Bookcases,5,428.22,0.15,1819.94,618.78,Second Class,4.0,4.3,False,GBP
ORD-100328,2024-11-07,CUST-00952,Consumer,North,Mobile App,Furniture,Bookcases,4,208.26,0.4,499.82,63.98,Same Day,0.0,4.8,False,GBP
ORD-100119,2024-10-06,CUST-01397,Corporate,Central,Marketplace,Technology,Accessories,3,268.83,0.0,806.49,183.07,Standard,7.0,3.8,False,GBP
ORD-102328,2025-05-06,CUST-01137,Consumer,South,Mobile App,Technology,Accessories,1,432.51,0.15,367.63,47.79,Same Day,1.0,2.7,False,GBP
ORD-102952,2025-10-02,CUST-01101,Consumer,East,Mobile App,Office Supplies,Labels,2,30.19,0.0,60.38,24.33,Standard,8.0,3.4,False,GBP
ORD-102253,2024-04-26,CUST-00580,Corporate,North,Mobile App,Technology,Phones,3,315.03,0.0,945.09,261.79,Standard,4.0,3.6,False,GBP
ORD-101638,2024-12-28,CUST-01384,Corporate,South,Web,Furniture,Furnishings,5,297.53,0.1,1338.88,451.2,Second Class,4.0,3.4,False,GBP
ORD-101182,2024-01-15,CUST-00396,Home Office,North,Mobile App,Office Supplies,Art,8,38.43,0.0,307.44,108.22,Standard,7.0,5.0,False,GBP
ORD-104161,2024-06-07,CUST-00562,Consumer,Central,Phone,Furniture,Chairs,2,325.2,0.15,552.84,175.8,First Class,1.0,4.7,False,GBP
ORD-104395,2024-06-08,CUST-00774,Corporate,Central,Web,Technology,Copiers,1,449.69,0.0,449.69,135.36,Standard,6.0,3.4,False,GBP
ORD-102194,2024-10-31,CUST-01053,Consumer,South,Web,Technology,Accessories,7,331.01,0.3,1621.95,429.82,Second Class,4.0,4.6,False,GBP
ORD-103828,2025-07-18,CUST-00052,Consumer,South,Phone,Office Supplies,Art,3,89.8,0.0,269.4,126.08,First Class,1.0,4.4,False,GBP
ORD-101263,2024-09-25,CUST-00708,,North,Mobile App,Office Supplies,Paper,1,42.51,0.1,38.26,10.41,Standard,6.0,3.8,False,GBP
ORD-103338,2025-06-10,CUST-00478,Consumer,West,Marketplace,Furniture,Bookcases,2,263.3,0.4,315.96,40.76,Standard,4.0,4.0,False,GBP
ORD-101353,2024-02-10,CUST-00605,Home Office,South,Phone,Office Supplies,Art,6,18.65,0.0,111.9,35.02,Standard,7.0,4.9,False,GBP
ORD-102822,2025-02-07,CUST-00973,Home Office,East,Web,Office Supplies,Binders,3,15.74,0.1,42.5,14.96,Standard,6.0,4.2,True,GBP
ORD-103174,2025-07-13,CUST-00211,Consumer,South,Mobile App,Technology,Accessories,2,327.31,0.4,392.77,2.36,First Class,3.0,4.7,False,GBP
ORD-104229,2024-10-08,CUST-01119,Consumer,East,Mobile App,Furniture,Chairs,7,508.47,0.2,2847.43,777.35,Same Day,3.0,3.2,False,GBP
ORD-100280,2025-04-21,CUST-00274,Corporate,East,Marketplace,Office Supplies,Storage,1,31.97,0.4,19.18,3.49,First Class,3.0,3.2,False,GBP
ORD-100035,2024-03-18,CUST-01291,Consumer,Central,Marketplace,Furniture,Bookcases,8,189.44,0.0,1515.52,560.74,Standard,4.0,4.7,False,GBP
ORD-104385,2024-08-09,CUST-00266,Corporate,South,Web,Technology,Phones,2,442.44,0.4,530.93,57.34,First Class,3.0,3.8,False,GBP
ORD-104205,2025-02-24,CUST-00678,Consumer,North,Mobile App,Furniture,Bookcases,5,508.52,0.3,1779.82,302.57,Standard,5.0,4.6,False,GBP
ORD-102188,2024-04-08,CUST-00064,Corporate,North,Web,Office Supplies,Labels,2,42.65,0.4,51.18,1.79,Standard,6.0,3.3,False,GBP
ORD-101471,2025-04-24,CUST-00785,,East,Web,Office Supplies,Paper,3,52.23,0.0,156.69,65.65,Standard,5.0,3.9,False,GBP
ORD-103022,2024-11-26,CUST-01029,Corporate,Central,Web,Technology,Machines,2,560.89,0.2,897.42,157.05,Standard,7.0,3.1,False,GBP
ORD-104720,2025-02-22,CUST-00929,Consumer,North,Web,Technology,Phones,3,142.46,0.2,341.9,43.76,Second Class,4.0,3.1,True,GBP
ORD-101708,2024-09-19,CUST-01114,Consumer,Central,Marketplace,Furniture,Bookcases,5,245.56,0.2,982.24,243.6,Standard,5.0,2.4,False,GBP
ORD-101451,2024-10-11,CUST-00431,Consumer,Central,Web,Furniture,Furnishings,7,255.35,0.2,1429.96,193.04,Second Class,6.0,3.0,False,GBP
ORD-103477,2024-08-07,CUST-01211,Home Office,East,Mobile App,Furniture,Tables,7,395.23,0.4,1659.97,159.36,Standard,5.0,3.6,False,GBP
ORD-102436,2025-05-09,CUST-00943,Consumer,West,Web,Office Supplies,Art,5,31.72,0.15,134.81,36.53,Standard,6.0,2.9,False,GBP
ORD-104400,2025-11-19,CUST-01215,Home Office,South,Marketplace,Furniture,Chairs,5,339.85,0.0,1699.25,684.8,Second Class,6.0,2.7,False,GBP
ORD-101151,2024-09-03,CUST-00152,Consumer,West,Marketplace,Office Supplies,Storage,3,53.26,0.1,143.8,49.75,Second Class,4.0,4.6,False,GBP
ORD-102711,2025-07-21,CUST-00962,Home Office,Central,Mobile App,Office Supplies,Labels,7,16.37,0.0,114.59,37.36,Second Class,6.0,4.0,False,GBP
ORD-100793,2024-08-17,CUST-00760,Consumer,Central,Web,Office Supplies,Binders,3,29.08,0.0,87.24,22.07,Second Class,3.0,3.9,False,GBP
ORD-101939,2025-10-24,CUST-00897,,South,Mobile App,Office Supplies,Binders,5,31.64,0.0,158.2,66.92,Second Class,6.0,3.9,False,GBP
ORD-102926,2025-06-04,CUST-00614,Consumer,South,Web,Office Supplies,Binders,1,40.25,0.0,40.25,15.01,Second Class,5.0,3.6,False,GBP
ORD-103172,2025-05-10,CUST-00757,Consumer,West,Web,Furniture,Bookcases,5,385.72,0.0,1928.6,586.29,Standard,6.0,2.4,False,GBP
ORD-104392,2024-10-14,CUST-00748,,East,Mobile App,Furniture,Furnishings,8,230.44,0.3,1290.46,148.4,First Class,1.0,3.9,False,GBP
ORD-102450,2024-08-11,CUST-00720,Home Office,Central,Web,Furniture,Furnishings,8,194.23,0.4,932.3,20.51,Standard,8.0,5.0,False,GBP
ORD-100418,2025-12-02,CUST-00296,Home Office,East,Web,Office Supplies,Paper,7,35.32,0.0,247.24,61.81,Standard,7.0,2.8,False,GBP
ORD-100743,2025-10-03,CUST-01331,Consumer,West,Mobile App,Furniture,Furnishings,1,508.52,0.0,508.52,197.31,Same Day,3.0,3.6,False,GBP
ORD-103018,2025-12-14,CUST-00329,Consumer,West,Web,Office Supplies,Labels,8,39.29,0.1,282.89,102.69,Second Class,5.0,3.7,False,GBP
ORD-100121,2025-01-11,CUST-01363,Consumer,Central,Web,Office Supplies,Labels,6,63.38,0.15,323.24,125.09,Standard,8.0,5.0,False,GBP
ORD-101918,2025-12-26,CUST-01257,Corporate,East,Mobile App,Furniture,Chairs,7,105.11,0.1,662.19,217.86,Standard,7.0,3.2,False,GBP
ORD-100129,2025-02-22,CUST-00835,Consumer,Central,Mobile App,Office Supplies,Art,2,24.63,0.15,41.87,9.17,Second Class,,5.0,False,GBP
ORD-102707,2025-11-04,CUST-00974,,South,Mobile App,Office Supplies,Labels,8,21.62,0.3,121.07,27.36,First Class,2.0,,False,GBP
ORD-100338,2024-07-07,CUST-00900,,Central,Marketplace,Office Supplies,Art,7,57.48,0.2,321.89,88.84,First Class,3.0,4.0,False,GBP
ORD-104671,2024-08-27,CUST-00904,Consumer,West,Mobile App,Office Supplies,Art,7,12.17,0.0,85.19,26.32,Standard,8.0,3.4,False,GBP
ORD-104817,2024-04-27,CUST-01361,Home Office,West,Mobile App,Technology,Accessories,8,404.53,0.0,3236.24,1443.36,First Class,4.0,4.2,False,GBP
ORD-100377,2024-08-11,CUST-01009,Home Office,West,Mobile App,Office Supplies,Labels,4,35.36,0.15,120.22,31.98,Second Class,2.0,4.9,False,GBP
ORD-101773,2025-03-11,CUST-00758,Consumer,East,Web,Office Supplies,Storage,2,10.14,0.2,16.22,2.51,Standard,5.0,2.2,False,GBP
ORD-100700,2024-03-13,CUST-00826,Consumer,East,Web,Office Supplies,Storage,2,50.62,0.3,70.87,10.84,Second Class,3.0,4.3,False,GBP
ORD-101218,2024-04-16,CUST-00560,,South,Mobile App,Office Supplies,Binders,6,39.58,0.2,189.98,41.8,Standard,6.0,4.0,False,GBP
ORD-102555,2025-05-21,CUST-00425,Home Office,East,Marketplace,Technology,Accessories,6,493.29,0.1,2663.77,1009.57,Standard,6.0,4.2,False,GBP
ORD-102234,2024-02-29,CUST-01106,Home Office,South,Web,Furniture,Chairs,4,308.6,0.1,1110.96,257.74,First Class,4.0,4.0,False,GBP
ORD-101614,2025-04-08,CUST-00152,Consumer,East,Mobile App,Office Supplies,Paper,8,61.55,0.15,418.54,125.98,Standard,4.0,4.3,False,GBP
ORD-102670,2025-07-14,CUST-00080,Corporate,North,Marketplace,Office Supplies,Binders,3,17.47,0.2,41.93,8.01,Standard,7.0,3.7,False,GBP
ORD-100748,2025-01-21,CUST-00155,Home Office,East,Web,Technology,Machines,7,401.18,0.3,1965.78,161.19,First Class,2.0,2.9,False,GBP
ORD-104107,2025-08-31,CUST-00079,Corporate,North,Mobile App,Furniture,Bookcases,6,331.38,0.0,1988.28,934.49,Standard,5.0,3.5,False,GBP
ORD-101064,2025-08-20,CUST-00709,Consumer,South,Web,Office Supplies,Binders,2,21.64,0.15,36.79,13.02,Standard,5.0,4.8,False,GBP
ORD-104169,2025-07-16,CUST-00950,Corporate,North,Web,Office Supplies,Art,8,36.1,0.4,173.28,22.01,Standard,,4.4,False,GBP
ORD-100595,2024-12-08,CUST-00895,Corporate,Central,Phone,Office Supplies,Storage,5,77.93,0.0,389.65,148.85,Second Class,4.0,4.7,False,GBP
ORD-104603,2025-09-28,CUST-00568,Consumer,North,Mobile App,Technology,Machines,7,251.64,0.3,1233.04,212.08,First Class,2.0,4.4,False,GBP
ORD-102446,2025-06-08,CUST-01297,Corporate,West,Mobile App,Office Supplies,Paper,8,15.15,0.0,121.2,37.69,First Class,6.0,3.7,False,GBP
ORD-102647,2025-12-12,CUST-00946,Corporate,Central,Web,Office Supplies,Labels,7,22.6,0.1,142.38,45.13,Standard,6.0,2.9,False,GBP
ORD-101112,2024-11-27,CUST-00120,,Central,Web,Furniture,Chairs,5,172.04,0.0,860.2,297.63,First Class,2.0,,False,GBP
ORD-100317,2025-08-28,CUST-00726,Consumer,Central,Web,Office Supplies,Paper,8,58.95,0.15,400.86,137.9,Second Class,5.0,3.0,False,GBP
ORD-100218,2024-07-29,CUST-01004,Corporate,North,Mobile App,Furniture,Tables,1,253.09,0.4,151.85,16.25,Standard,8.0,4.9,True,GBP
ORD-104472,2024-03-26,CUST-01223,Consumer,Central,Mobile App,Technology,Machines,2,318.4,0.3,445.76,89.15,Second Class,3.0,2.1,False,GBP
ORD-103170,2024-07-31,CUST-00266,Consumer,Central,Marketplace,Technology,Copiers,1,128.17,0.1,115.35,38.53,Standard,7.0,2.2,False,GBP
ORD-103072,2024-12-22,CUST-00932,Consumer,North,Web,Technology,Phones,7,471.6,0.2,2640.96,219.2,Standard,6.0,2.6,False,GBP
ORD-104728,2025-05-18,CUST-00107,Home Office,South,Mobile App,Office Supplies,Labels,6,31.28,0.2,150.14,25.22,Standard,7.0,3.9,False,GBP
ORD-102692,2025-09-04,CUST-01398,Home Office,East,Web,Furniture,Tables,6,228.75,0.1,1235.25,303.87,Same Day,2.0,5.0,False,GBP
ORD-100186,2024-03-21,CUST-00179,,North,Marketplace,Furniture,Bookcases,8,71.1,0.0,568.8,146.75,Standard,7.0,4.1,True,GBP
ORD-100238,2024-03-21,CUST-01380,Consumer,Central,Marketplace,Office Supplies,Paper,7,14.01,0.4,58.84,12.0,Standard,10.0,3.5,False,GBP
ORD-102752,2025-01-09,CUST-01071,Consumer,North,Web,Office Supplies,Binders,4,30.12,0.0,120.48,44.22,Second Class,3.0,4.2,False,GBP
ORD-104893,2024-02-29,CUST-00117,Consumer,East,Web,Technology,Copiers,1,371.51,0.0,371.51,92.13,Second Class,2.0,,False,GBP
ORD-100088,2024-10-31,CUST-00981,Home Office,Central,Mobile App,Office Supplies,Storage,2,31.84,0.15,54.13,15.59,Second Class,4.0,3.8,False,GBP
ORD-101686,2025-01-03,CUST-00938,,Central,Web,Office Supplies,Art,5,46.74,0.4,140.22,33.09,Standard,7.0,4.4,False,GBP
ORD-102724,2025-02-01,CUST-00981,Corporate,West,Marketplace,Office Supplies,Labels,3,20.92,0.0,62.76,25.17,Second Class,5.0,4.0,False,GBP
ORD-101715,2024-12-17,CUST-00533,Consumer,Central,Marketplace,Office Supplies,Binders,7,9.87,0.3,48.36,16.3,Standard,6.0,4.6,False,GBP
ORD-101267,2024-06-08,CUST-00690,Consumer,Central,Mobile App,Furniture,Furnishings,4,101.89,0.0,407.56,154.47,Standard,5.0,3.2,False,GBP
ORD-104956,2024-06-30,CUST-00604,Consumer,Central,Mobile App,Technology,Accessories,2,869.43,0.1,1564.97,308.3,Standard,4.0,2.9,False,GBP
ORD-103872,2024-10-07,CUST-00717,Corporate,Central,Mobile App,Office Supplies,Binders,3,16.46,0.0,49.38,21.92,Standard,5.0,3.3,False,GBP
ORD-104848,2025-06-20,CUST-01192,Corporate,North,Web,Office Supplies,Paper,3,81.11,0.0,243.33,102.93,Standard,5.0,4.2,False,GBP
ORD-103946,2025-11-13,CUST-00736,Corporate,West,Mobile App,Technology,Copiers,7,553.85,0.4,2326.17,330.32,Standard,6.0,3.6,False,GBP
ORD-102869,2024-09-05,CUST-00386,Corporate,East,Mobile App,Furniture,Tables,7,330.04,0.1,2079.25,602.98,Standard,4.0,2.6,False,GBP
ORD-100868,2025-01-26,CUST-00155,Corporate,North,Mobile App,Furniture,Furnishings,2,522.52,0.4,627.02,102.83,First Class,3.0,3.4,False,GBP
ORD-101998,2025-12-15,CUST-00146,Corporate,East,Marketplace,Furniture,Bookcases,6,142.82,0.0,856.92,350.48,Standard,4.0,,True,GBP
ORD-104175,2024-10-05,CUST-00100,Consumer,Central,Phone,Furniture,Tables,6,172.89,0.4,622.4,91.49,Standard,7.0,4.5,False,GBP
ORD-103494,2025-12-21,CUST-00980,Consumer,West,Mobile App,Office Supplies,Labels,5,14.49,0.2,57.96,11.42,Same Day,3.0,3.3,False,GBP
ORD-100576,2024-08-02,CUST-00666,Consumer,West,Web,Office Supplies,Paper,6,6.07,0.15,30.96,5.73,Standard,4.0,3.5,False,GBP
ORD-102054,2024-06-11,CUST-01183,,North,Web,Office Supplies,Binders,4,13.83,0.2,44.26,7.57,Same Day,1.0,4.7,False,GBP
ORD-101460,2025-01-01,CUST-00752,,North,Web,Furniture,Tables,5,127.46,0.0,637.3,164.42,Second Class,4.0,5.0,False,GBP
ORD-104623,2025-03-18,CUST-00374,Corporate,West,Web,Technology,Phones,5,166.82,0.3,583.87,126.7,Standard,5.0,2.9,False,GBP
ORD-102774,2025-06-08,CUST-00464,Consumer,South,Web,Office Supplies,Binders,1,46.16,0.1,41.54,10.05,Second Class,3.0,3.1,True,GBP
ORD-104207,2025-09-10,CUST-00312,Consumer,East,Phone,Office Supplies,Storage,6,81.97,0.3,344.27,71.61,Second Class,5.0,4.3,False,GBP
ORD-104805,2024-02-13,CUST-00411,Consumer,Central,Phone,Office Supplies,Art,5,17.76,0.2,71.04,22.09,Second Class,2.0,3.1,False,GBP
ORD-104451,2025-01-12,CUST-00780,Corporate,North,Marketplace,Office Supplies,Labels,7,35.05,0.0,245.35,102.56,Standard,7.0,3.8,True,GBP
ORD-102817,2024-02-10,CUST-01337,Consumer,North,Mobile App,Office Supplies,Labels,7,53.92,0.4,226.46,60.01,Standard,,3.0,False,GBP
ORD-104778,2025-09-16,CUST-00395,Consumer,East,Web,Technology,Phones,1,547.26,0.0,547.26,192.64,Standard,5.0,4.0,False,GBP
ORD-101172,2025-10-02,CUST-00034,Corporate,South,Web,Furniture,Tables,5,320.28,0.2,1281.12,295.94,First Class,4.0,2.9,False,GBP
ORD-100658,2025-09-13,CUST-00227,Consumer,North,Marketplace,Office Supplies,Art,5,53.89,0.1,242.5,63.54,Standard,5.0,4.8,False,GBP
ORD-100982,2024-10-14,CUST-00951,Consumer,East,Web,Technology,Accessories,4,753.64,0.0,3014.56,1055.1,First Class,2.0,4.8,False,GBP
ORD-103436,2025-09-26,CUST-00134,Corporate,East,Phone,Office Supplies,Labels,4,28.52,0.15,96.97,30.45,Second Class,0.0,4.6,False,GBP
ORD-101894,2024-09-18,CUST-01065,Corporate,West,Web,Furniture,Tables,2,369.6,0.0,739.2,255.76,First Class,1.0,3.5,True,GBP
ORD-101179,2025-10-17,CUST-00703,Consumer,West,Mobile App,Furniture,Chairs,4,222.05,0.15,754.97,266.5,First Class,5.0,,False,GBP
ORD-100497,2025-04-10,CUST-01009,,Central,Marketplace,Office Supplies,Labels,7,21.98,0.1,138.47,43.06,Second Class,7.0,3.1,False,GBP
ORD-101328,2024-05-28,CUST-00935,Consumer,South,Web,Technology,Accessories,7,241.94,0.0,1693.58,470.82,Standard,5.0,3.2,False,GBP
ORD-104601,2024-09-15,CUST-00065,Consumer,West,Mobile App,Office Supplies,Labels,6,18.26,0.1,98.6,29.68,First Class,3.0,4.0,True,GBP
ORD-104535,2025-05-04,CUST-00668,Consumer,South,Mobile App,Technology,Phones,1,224.46,0.0,224.46,77.66,Same Day,2.0,3.6,False,GBP
ORD-101713,2024-05-29,CUST-00435,Corporate,West,Mobile App,Office Supplies,Binders,8,18.21,0.0,145.68,36.71,Same Day,0.0,4.5,False,GBP
ORD-104498,2024-11-03,CUST-01241,Consumer,West,Mobile App,Furniture,Bookcases,3,282.22,0.1,761.99,181.35,Standard,4.0,1.5,False,GBP
ORD-104204,2024-09-21,CUST-00268,Home Office,North,Marketplace,Technology,Machines,2,459.21,0.3,642.89,129.22,First Class,1.0,3.5,False,GBP
ORD-100885,2025-12-02,CUST-00683,Consumer,West,Web,Furniture,Furnishings,8,114.0,0.0,912.0,273.6,Standard,7.0,,False,GBP
ORD-101865,2025-12-19,CUST-01315,,South,Marketplace,Office Supplies,Labels,7,12.1,0.2,67.76,15.58,Standard,7.0,4.8,False,GBP
ORD-100671,2025-12-16,CUST-00762,Corporate,South,Marketplace,Furniture,Furnishings,3,111.02,0.0,333.06,112.91,Second Class,4.0,4.0,True,GBP
ORD-104346,2025-10-23,CUST-00231,Consumer,South,Mobile App,Office Supplies,Binders,1,9.3,0.15,7.9,1.46,Same Day,3.0,4.7,False,GBP
ORD-100385,2025-10-01,CUST-00757,Corporate,South,Marketplace,Office Supplies,Art,2,35.57,0.4,42.68,8.24,Standard,10.0,,False,GBP
ORD-100374,2025-01-15,CUST-00564,Consumer,East,Marketplace,Furniture,Chairs,3,201.63,0.2,483.91,169.85,Standard,3.0,4.5,False,GBP
ORD-102657,2025-03-19,CUST-00283,Home Office,East,Web,Office Supplies,Storage,6,30.06,0.0,180.36,69.62,Standard,7.0,4.2,False,GBP
ORD-101071,2025-10-13,CUST-01198,Consumer,North,Web,Technology,Machines,4,466.18,0.0,1864.72,516.53,Second Class,6.0,4.1,False,GBP
ORD-104617,2024-12-03,CUST-00203,Home Office,East,Web,Office Supplies,Paper,2,28.91,0.15,49.15,13.02,Standard,4.0,2.2,False,GBP
ORD-101576,2024-03-30,CUST-01185,Consumer,South,Mobile App,Office Supplies,Labels,8,10.06,0.0,80.48,26.64,Standard,7.0,2.9,False,GBP
ORD-100198,2025-05-31,CUST-00477,Consumer,West,Mobile App,Technology,Machines,7,197.31,0.15,1173.99,226.58,Standard,5.0,4.5,False,GBP
ORD-104025,2025-12-10,CUST-01153,Corporate,North,Mobile App,Technology,Phones,8,355.06,0.0,2840.48,880.55,First Class,,3.2,False,GBP
ORD-102080,2025-10-15,CUST-00287,,East,Mobile App,Furniture,Bookcases,7,115.57,0.4,485.39,106.79,Standard,7.0,3.5,False,GBP
ORD-101801,2025-09-22,CUST-00056,Corporate,East,Web,Office Supplies,Binders,4,29.41,0.4,70.58,11.65,First Class,1.0,3.7,True,GBP
ORD-101861,2025-10-24,CUST-01169,Corporate,East,Marketplace,Technology,Phones,7,462.62,0.0,3238.34,1194.95,Standard,5.0,4.1,False,GBP
ORD-101399,2024-03-27,CUST-01204,Corporate,West,Mobile App,Furniture,Furnishings,6,252.76,0.15,1289.08,319.69,First Class,5.0,4.3,False,GBP
ORD-101863,2025-01-29,CUST-00741,Corporate,South,Marketplace,Furniture,Bookcases,4,265.88,0.0,1063.52,295.66,Second Class,5.0,3.5,False,GBP
ORD-101608,2025-12-17,CUST-00573,Consumer,East,Web,Office Supplies,Labels,6,54.92,0.15,280.09,75.62,Second Class,4.0,4.8,False,GBP
ORD-102842,2024-11-14,CUST-00491,Home Office,East,Mobile App,Office Supplies,Storage,8,40.34,0.0,322.72,112.95,Standard,5.0,4.1,False,GBP
ORD-104943,2025-12-17,CUST-00121,Home Office,North,Mobile App,Office Supplies,Storage,6,29.37,0.0,176.22,74.01,Standard,6.0,4.1,False,GBP
ORD-101758,2025-05-11,CUST-00252,Consumer,West,Web,Technology,Accessories,3,165.06,0.0,495.18,207.98,Standard,5.0,3.0,False,GBP
ORD-100603,2025-02-12,CUST-00654,Home Office,South,Mobile App,Furniture,Tables,2,238.09,0.0,476.18,153.81,Standard,6.0,3.1,True,GBP
ORD-102992,2025-05-19,CUST-00172,Corporate,Central,Marketplace,Office Supplies,Art,6,26.34,0.0,158.04,36.67,First Class,5.0,3.3,True,GBP
ORD-100068,2024-06-10,CUST-00777,Corporate,South,Mobile App,Technology,Copiers,5,346.87,0.0,1734.35,516.84,Standard,6.0,3.1,False,GBP
ORD-104032,2025-02-05,CUST-01293,Corporate,East,Phone,Furniture,Chairs,2,297.32,0.1,535.18,168.05,First Class,5.0,3.0,False,GBP
ORD-100625,2025-07-24,CUST-00281,Consumer,North,Mobile App,Furniture,Tables,7,552.83,0.4,2321.89,199.68,Standard,5.0,2.7,True,GBP
ORD-104619,2025-02-26,CUST-00393,Consumer,Central,Web,Office Supplies,Labels,8,56.59,0.4,271.63,19.29,Standard,7.0,4.0,False,GBP
ORD-104986,2024-03-07,CUST-01346,Corporate,West,Mobile App,Office Supplies,Storage,8,17.49,0.0,139.92,39.46,Standard,5.0,,False,GBP
ORD-104583,2024-10-08,CUST-00403,Corporate,West,Mobile App,Technology,Copiers,3,681.46,0.15,1737.72,357.97,Second Class,5.0,2.5,False,GBP
ORD-104299,2025-12-26,CUST-00589,Corporate,South,Mobile App,Furniture,Furnishings,1,178.91,0.0,178.91,72.28,Standard,6.0,3.0,False,GBP
ORD-102079,2024-04-27,CUST-01041,Corporate,East,Web,Office Supplies,Paper,7,17.72,0.0,124.04,57.31,Second Class,3.0,5.0,False,GBP
ORD-104223,2024-01-20,CUST-00954,Corporate,North,Web,Furniture,Tables,8,154.07,0.15,1047.68,233.63,Standard,5.0,4.5,False,GBP
ORD-102417,2024-07-25,CUST-01048,Consumer,North,Marketplace,Furniture,Chairs,2,131.52,0.0,263.04,110.74,First Class,2.0,2.9,False,GBP
ORD-102278,2025-02-12,CUST-01219,Consumer,West,Mobile App,Technology,Phones,4,700.5,0.1,2521.8,892.72,First Class,4.0,5.0,False,GBP
ORD-100397,2024-07-10,CUST-00670,Corporate,North,Web,Furniture,Tables,7,559.67,0.1,3525.92,895.58,Second Class,6.0,4.6,False,GBP
ORD-102352,2024-07-23,CUST-01148,Corporate,East,Web,Furniture,Chairs,5,314.88,0.0,1574.4,612.44,Standard,,4.6,True,GBP
ORD-102167,2025-10-01,CUST-00026,Corporate,North,Mobile App,Technology,Copiers,5,555.23,0.0,2776.15,838.4,Standard,6.0,3.2,False,GBP
ORD-103475,2024-09-07,CUST-01105,Home Office,North,Marketplace,Technology,Phones,5,107.71,0.1,484.7,156.56,Second Class,5.0,5.0,False,GBP
ORD-101257,2024-08-02,CUST-01360,Corporate,Central,Web,Office Supplies,Binders,1,16.23,0.3,11.36,2.48,Standard,6.0,3.8,False,GBP
ORD-102173,2024-05-15,CUST-00093,Consumer,South,Marketplace,Office Supplies,Paper,6,8.67,0.1,46.82,14.47,Standard,6.0,4.1,False,GBP
ORD-104369,2024-11-12,CUST-00124,Consumer,East,Marketplace,Technology,Machines,3,714.73,0.0,2144.19,662.55,Standard,6.0,,False,GBP
ORD-100341,2025-03-03,CUST-00192,Consumer,West,Mobile App,Office Supplies,Labels,6,77.35,0.4,278.46,44.55,Standard,6.0,4.4,False,GBP
ORD-103097,2025-05-07,CUST-01191,,Central,Mobile App,Furniture,Bookcases,4,214.05,0.15,727.77,155.74,Standard,6.0,3.6,False,GBP
ORD-101518,2024-03-23,CUST-01314,Consumer,Central,Web,Office Supplies,Binders,7,18.64,0.4,78.29,14.09,Standard,8.0,3.9,False,GBP
ORD-101959,2024-03-23,CUST-00308,Home Office,Central,Mobile App,Office Supplies,Paper,5,46.97,0.0,234.85,101.46,Standard,5.0,5.0,False,GBP
ORD-100899,2024-10-05,CUST-00945,Consumer,Central,Mobile App,Furniture,Tables,5,416.13,0.2,1664.52,371.19,Standard,4.0,5.0,False,GBP
ORD-103112,2024-03-29,CUST-00395,,North,Web,Furniture,Chairs,8,379.15,0.15,2578.22,474.39,Standard,4.0,,False,GBP
ORD-102018,2024-07-20,CUST-01124,Consumer,Central,Phone,Office Supplies,Binders,1,30.76,0.2,24.61,6.03,Standard,,4.0,False,GBP
ORD-104657,2025-04-06,CUST-00897,Corporate,East,Phone,Technology,Copiers,3,1003.36,0.15,2558.57,808.51,Standard,9.0,3.8,False,GBP
ORD-101475,2024-05-01,CUST-00284,Consumer,West,Web,Office Supplies,Labels,3,22.72,0.3,47.71,5.15,Standard,9.0,2.9,False,GBP
ORD-104100,2025-05-14,CUST-00381,Corporate,East,Web,Furniture,Chairs,2,412.27,0.2,659.63,118.07,Second Class,,5.0,False,GBP
ORD-104571,2025-04-14,CUST-00410,Corporate,South,Mobile App,Technology,Copiers,3,1199.03,0.0,3597.09,1705.02,Standard,9.0,3.5,False,GBP
ORD-100811,2025-07-08,CUST-00457,Corporate,East,Web,Office Supplies,Storage,2,62.34,0.2,99.74,21.74,Standard,5.0,4.6,False,GBP
ORD-104905,2024-04-12,CUST-00311,,North,Marketplace,Office Supplies,Storage,3,13.1,0.0,39.3,13.28,Standard,5.0,3.7,True,GBP
ORD-101150,2024-01-06,CUST-01250,Home Office,West,Marketplace,Office Supplies,Paper,1,30.64,0.0,30.64,13.7,Standard,5.0,3.0,False,GBP
ORD-102283,2025-11-12,CUST-00723,Consumer,Central,Web,Furniture,Furnishings,1,293.84,0.0,293.84,97.26,Standard,7.0,4.5,False,GBP
ORD-100072,2024-01-07,CUST-00145,,West,Web,Technology,Phones,6,838.16,0.1,4526.06,1090.78,Standard,5.0,3.1,False,GBP
ORD-104154,2025-10-09,CUST-01232,Consumer,Central,Marketplace,Office Supplies,Art,6,37.39,0.2,179.47,17.41,Standard,7.0,5.0,False,GBP
ORD-102395,2025-09-18,CUST-00017,Consumer,North,Mobile App,Furniture,Tables,3,482.01,0.2,1156.82,282.26,Standard,7.0,3.5,True,GBP
ORD-102953,2024-06-08,CUST-00838,Corporate,Central,Web,Office Supplies,Paper,7,39.24,0.0,274.68,112.34,Standard,7.0,,False,GBP
ORD-102658,2025-09-04,CUST-00295,Consumer,East,Mobile App,Office Supplies,Labels,2,43.16,0.15,73.37,16.8,First Class,4.0,4.1,True,GBP
ORD-100192,2024-03-05,CUST-00525,,North,Web,Furniture,Chairs,4,232.31,0.0,929.24,339.17,Second Class,1.0,3.1,False,GBP
ORD-104314,2024-07-14,CUST-00345,Corporate,South,Marketplace,Furniture,Bookcases,5,274.2,0.15,1165.35,371.75,Standard,5.0,2.9,False,GBP
ORD-103125,2024-02-07,CUST-00563,Consumer,Central,Web,Technology,Phones,6,400.49,0.0,2402.94,761.73,First Class,7.0,4.3,False,GBP
ORD-104179,2024-11-22,CUST-00817,Consumer,South,Marketplace,Furniture,Furnishings,6,137.2,0.2,658.56,202.18,First Class,3.0,3.8,False,GBP
ORD-104106,2024-10-27,CUST-00849,Corporate,North,Marketplace,Furniture,Furnishings,4,119.43,0.15,406.06,106.79,First Class,5.0,3.6,False,GBP
ORD-104911,2025-02-23,CUST-00886,Consumer,North,Mobile App,Technology,Machines,5,299.26,0.2,1197.04,181.95,Second Class,4.0,3.1,False,GBP
ORD-102764,2025-10-18,CUST-01176,Consumer,West,Web,Office Supplies,Labels,6,62.59,0.2,300.43,88.93,Second Class,4.0,4.1,False,GBP
ORD-104947,2024-11-24,CUST-01006,Consumer,North,Marketplace,Technology,Copiers,8,462.23,0.4,2218.7,133.12,Second Class,,3.8,True,GBP
ORD-100322,2024-09-11,CUST-01053,Home Office,Central,Web,Office Supplies,Art,2,22.84,0.0,45.68,12.84,Same Day,0.0,3.8,False,GBP
ORD-101734,2025-07-10,CUST-00040,Corporate,West,Web,Office Supplies,Binders,3,61.02,0.2,146.45,16.26,Same Day,2.0,5.0,False,GBP
ORD-100130,2025-11-01,CUST-00736,Home Office,East,Mobile App,Technology,Accessories,6,432.63,0.15,2206.41,461.14,Standard,4.0,4.2,False,GBP
ORD-100045,2024-08-03,CUST-00640,Consumer,West,Mobile App,Office Supplies,Labels,7,39.95,0.15,237.7,76.06,Standard,5.0,4.3,False,GBP
ORD-104127,2024-04-10,CUST-00501,Corporate,Central,Mobile App,Furniture,Tables,6,134.49,0.2,645.55,200.77,Standard,8.0,3.9,False,GBP
ORD-101025,2024-08-10,CUST-00158,Corporate,South,Mobile App,Furniture,Bookcases,8,175.02,0.0,1400.16,385.04,Second Class,6.0,5.0,False,GBP
ORD-102339,2024-05-14,CUST-00198,,West,Web,Office Supplies,Binders,5,34.1,0.1,153.45,33.76,Second Class,3.0,3.7,True,GBP
ORD-100799,2024-01-07,CUST-00822,Home Office,West,Mobile App,Office Supplies,Binders,7,28.01,0.3,137.25,10.02,Standard,8.0,,False,GBP
ORD-103066,2025-01-16,CUST-00417,Consumer,West,Mobile App,Furniture,Tables,4,420.56,0.15,1429.9,433.26,Standard,7.0,4.6,False,GBP
ORD-104523,2024-09-27,CUST-00747,Corporate,West,Phone,Office Supplies,Storage,6,14.32,0.0,85.92,26.64,Second Class,6.0,,False,GBP
ORD-101459,2024-12-11,CUST-00425,Consumer,North,Mobile App,Office Supplies,Art,2,25.56,0.0,51.12,16.56,Second Class,2.0,2.9,False,GBP
ORD-102925,2025-02-21,CUST-00738,Consumer,East,Web,Office Supplies,Art,7,7.66,0.2,42.9,8.19,Same Day,2.0,3.9,False,GBP
ORD-104932,2024-01-25,CUST-01067,Consumer,West,Marketplace,Technology,Machines,4,750.68,0.4,1801.63,254.03,First Class,4.0,5.0,False,GBP
ORD-102701,2025-02-28,CUST-00808,Corporate,Central,Marketplace,Office Supplies,Labels,5,35.34,0.0,176.7,54.78,Second Class,6.0,3.7,True,GBP
ORD-101741,2025-05-24,CUST-00907,Consumer,East,Marketplace,Office Supplies,Binders,4,34.6,0.0,138.4,35.15,Standard,6.0,4.3,False,GBP
ORD-101364,2024-06-06,CUST-00853,Corporate,East,Mobile App,Office Supplies,Storage,5,39.1,0.0,195.5,56.3,First Class,4.0,2.8,True,GBP
ORD-104650,2024-08-19,CUST-00909,Consumer,Central,Web,Furniture,Bookcases,1,270.58,0.4,162.35,27.44,Standard,9.0,3.2,False,GBP
ORD-104095,2025-02-26,CUST-00030,Corporate,Central,Mobile App,Furniture,Chairs,8,403.51,0.2,2582.46,707.59,First Class,3.0,5.0,False,GBP
ORD-100551,2024-04-06,CUST-01101,Consumer,East,Marketplace,Office Supplies,Paper,5,21.36,0.15,90.78,24.15,First Class,2.0,5.0,False,GBP
ORD-104407,2024-11-23,CUST-01221,Consumer,East,Marketplace,Office Supplies,Paper,4,40.72,0.0,162.88,73.62,Same Day,2.0,3.8,False,GBP
ORD-103678,2025-03-28,CUST-00121,Corporate,South,Marketplace,Office Supplies,Labels,8,49.76,0.2,318.46,74.2,First Class,6.0,4.4,False,GBP
ORD-101367,2025-08-31,CUST-00635,Corporate,West,Web,Office Supplies,Art,1,23.65,0.3,16.56,2.45,Standard,4.0,4.5,False,GBP
ORD-101617,2025-12-12,CUST-01141,Corporate,West,Web,Office Supplies,Storage,1,23.94,0.1,21.55,8.62,Standard,6.0,3.7,False,GBP
ORD-100895,2024-05-12,CUST-00503,Consumer,East,Mobile App,Technology,Machines,1,1420.79,0.0,1420.79,549.85,Standard,5.0,2.7,True,GBP
ORD-101914,2024-04-10,CUST-01075,Consumer,North,Web,Technology,Copiers,7,178.1,0.0,1246.7,379.0,Second Class,3.0,3.7,True,GBP
ORD-104094,2025-07-10,CUST-00214,,Central,Web,Office Supplies,Binders,1,32.69,0.3,22.88,4.96,Second Class,5.0,3.8,False,GBP
ORD-103234,2024-02-17,CUST-01332,Corporate,North,Web,Furniture,Tables,6,392.53,0.2,1884.14,422.05,Second Class,3.0,4.5,False,GBP
ORD-103850,2025-05-23,CUST-00531,Consumer,East,Mobile App,Furniture,Tables,8,271.6,0.0,2172.8,630.11,Standard,4.0,4.6,False,GBP
ORD-104236,2024-10-24,CUST-00964,Corporate,West,Marketplace,Office Supplies,Binders,3,18.4,0.2,44.16,2.47,Standard,6.0,4.1,False,GBP
ORD-100749,2024-06-01,CUST-01394,,West,Web,Furniture,Bookcases,8,224.96,0.0,1799.68,644.29,Second Class,5.0,4.1,False,GBP
ORD-104659,2025-02-15,CUST-00230,Consumer,East,Mobile App,Furniture,Furnishings,3,172.72,0.1,466.34,145.5,First Class,1.0,2.5,False,GBP
ORD-101427,2024-02-29,CUST-01135,,Central,Web,Office Supplies,Binders,2,17.72,0.1,31.9,11.83,Same Day,2.0,3.3,False,GBP
ORD-103801,2024-11-04,CUST-01248,Consumer,East,Marketplace,Technology,Machines,6,666.67,0.2,3200.02,294.4,First Class,0.0,3.6,False,GBP
ORD-102100,2024-12-26,CUST-00363,,North,Mobile App,Office Supplies,Paper,2,11.98,0.0,23.96,7.62,Second Class,4.0,2.2,False,GBP
ORD-101387,2025-08-18,CUST-00379,Consumer,North,Marketplace,Furniture,Tables,4,389.57,0.1,1402.45,485.25,Second Class,3.0,4.3,False,GBP
ORD-101125,2025-04-13,CUST-00065,Consumer,Central,Marketplace,Technology,Accessories,5,639.02,0.15,2715.84,725.13,Second Class,4.0,5.0,False,GBP
ORD-104838,2024-01-30,CUST-00464,Corporate,West,Mobile App,Furniture,Furnishings,7,348.97,0.15,2076.37,651.98,Standard,6.0,5.0,False,GBP
ORD-101463,2025-04-03,CUST-00311,Home Office,Central,Mobile App,Furniture,Chairs,8,204.16,0.0,1633.28,354.42,First Class,3.0,4.4,False,GBP
ORD-100375,2025-02-17,CUST-00817,Home Office,West,Web,Technology,Accessories,1,221.73,0.3,155.21,20.49,Standard,8.0,4.1,False,GBP
ORD-102408,2025-11-20,CUST-00899,Consumer,West,Web,Technology,Phones,2,387.42,0.2,619.87,219.43,Second Class,2.0,3.5,False,GBP
ORD-101142,2025-11-28,CUST-00217,Home Office,East,Web,Office Supplies,Labels,1,26.69,0.3,18.68,1.77,Standard,8.0,3.5,True,GBP
ORD-102610,2024-04-16,CUST-00512,Consumer,North,Web,Technology,Phones,7,288.3,0.0,2018.1,873.84,First Class,0.0,3.8,False,GBP
ORD-102425,2024-07-15,CUST-00623,,Central,Phone,Furniture,Bookcases,6,172.67,0.2,828.82,191.46,Second Class,2.0,4.9,False,GBP
ORD-102645,2024-09-09,CUST-00401,,North,Mobile App,Office Supplies,Binders,4,33.61,0.0,134.44,52.3,Same Day,1.0,3.6,False,GBP
ORD-104152,2024-08-16,CUST-01101,Corporate,South,Web,Technology,Phones,3,688.48,0.15,1755.62,182.58,Same Day,3.0,2.8,False,GBP
ORD-102835,2025-11-24,CUST-00541,Consumer,South,Mobile App,Furniture,Chairs,7,229.25,0.1,1444.28,530.05,First Class,5.0,4.1,False,GBP
ORD-104784,2025-03-15,CUST-01152,Consumer,Central,Web,Office Supplies,Labels,5,28.35,0.0,141.75,39.55,First Class,4.0,,True,GBP
ORD-100935,2024-07-02,CUST-00822,Corporate,Central,Marketplace,Furniture,Bookcases,3,167.45,0.1,452.11,67.36,Standard,6.0,3.5,False,GBP
ORD-100964,2024-09-23,CUST-00306,Consumer,West,Mobile App,Furniture,Tables,5,264.4,0.4,793.2,132.46,Same Day,1.0,4.3,False,GBP
ORD-100862,2025-10-17,CUST-00527,Consumer,West,Web,Office Supplies,Labels,7,24.24,0.15,144.23,30.29,First Class,4.0,4.7,False,GBP
ORD-102521,2025-05-02,CUST-01194,Consumer,West,Mobile App,Office Supplies,Paper,6,26.57,0.4,95.65,12.43,Standard,7.0,3.9,False,GBP
ORD-103134,2025-08-25,CUST-00559,Consumer,Central,Mobile App,Office Supplies,Paper,1,19.28,0.2,15.42,3.28,Standard,6.0,3.6,False,GBP
ORD-102176,2024-02-01,CUST-00770,Home Office,West,Mobile App,Furniture,Furnishings,1,215.44,0.4,129.26,28.18,Standard,8.0,2.5,False,GBP
ORD-104546,2025-09-13,CUST-00818,Home Office,Central,Phone,Furniture,Furnishings,5,155.65,0.4,466.95,-1.4,Second Class,4.0,4.6,False,GBP
ORD-100270,2024-04-27,CUST-01046,Home Office,West,Web,Office Supplies,Storage,2,46.84,0.4,56.21,0.51,Second Class,4.0,4.8,False,GBP
ORD-100091,2025-12-20,CUST-01334,Consumer,West,Mobile App,Technology,Copiers,6,382.91,0.0,2297.46,824.79,First Class,3.0,2.9,False,GBP
ORD-104937,2024-10-12,CUST-00216,Consumer,Central,Web,Furniture,Furnishings,1,176.77,0.0,176.77,65.76,Same Day,1.0,2.8,False,GBP
ORD-100428,2024-09-01,CUST-00723,Home Office,East,Mobile App,Office Supplies,Paper,3,27.45,0.0,82.35,29.32,Standard,8.0,3.2,False,GBP
ORD-103502,2025-04-16,CUST-01329,Corporate,West,Mobile App,Technology,Copiers,2,444.01,0.0,888.02,276.17,First Class,4.0,4.2,False,GBP
ORD-104997,2024-12-14,CUST-00917,Corporate,South,Web,Furniture,Bookcases,6,670.39,0.0,4022.34,1214.75,Standard,7.0,4.0,False,GBP
ORD-100491,2025-04-19,CUST-00132,Consumer,South,Marketplace,Furniture,Tables,3,240.89,0.3,505.87,62.73,Same Day,1.0,2.7,False,GBP
ORD-101928,2024-09-15,CUST-00629,,Central,Marketplace,Technology,Phones,1,611.41,0.0,611.41,196.26,Standard,3.0,3.8,True,GBP
ORD-104048,2025-02-04,CUST-00517,Consumer,North,Mobile App,Office Supplies,Paper,5,21.12,0.0,105.6,44.56,First Class,1.0,5.0,False,GBP
ORD-104673,2025-10-28,CUST-01148,Corporate,Central,Web,Furniture,Tables,7,260.68,0.3,1277.33,328.27,Standard,5.0,1.7,False,GBP
ORD-101583,2024-07-23,CUST-00812,,South,Web,Furniture,Bookcases,3,238.11,0.0,714.33,307.88,First Class,3.0,5.0,False,GBP
ORD-104130,2024-08-05,CUST-00076,Corporate,East,Web,Furniture,Bookcases,4,172.31,0.0,689.24,253.64,Standard,5.0,2.7,False,GBP
ORD-103424,2025-03-29,CUST-00244,Corporate,West,Mobile App,Furniture,Chairs,5,184.12,0.3,644.42,169.48,Standard,3.0,4.2,False,GBP
ORD-101500,2025-11-14,CUST-00669,,Central,Web,Office Supplies,Binders,4,26.04,0.0,104.16,30.0,Second Class,3.0,3.7,False,GBP
ORD-101988,2024-12-21,CUST-00643,Consumer,East,Web,Furniture,Furnishings,7,73.03,0.0,511.21,209.08,Standard,5.0,3.6,False,GBP
ORD-101607,2024-01-07,CUST-00089,Home Office,East,Marketplace,Office Supplies,Art,8,28.45,0.0,227.6,82.16,Standard,6.0,3.7,False,GBP
ORD-100258,2024-06-24,CUST-00473,Consumer,Central,Marketplace,Office Supplies,Art,1,17.92,0.3,12.54,2.56,First Class,3.0,2.7,False,GBP
ORD-101764,2025-07-23,CUST-01040,Consumer,North,Mobile App,Furniture,Tables,7,774.29,0.0,5420.03,1414.63,First Class,2.0,4.7,False,GBP
ORD-104707,2025-11-09,CUST-00278,Consumer,East,Mobile App,Office Supplies,Art,4,9.3,0.3,26.04,6.09,First Class,4.0,4.4,False,GBP
ORD-100137,2025-01-02,CUST-00842,Consumer,West,Mobile App,Office Supplies,Binders,7,24.22,0.0,169.54,52.56,Standard,5.0,5.0,True,GBP
ORD-102689,2025-03-07,CUST-00366,,North,Web,Office Supplies,Binders,1,21.22,0.0,21.22,8.53,Second Class,3.0,3.8,False,GBP
ORD-103794,2025-09-23,CUST-00529,Consumer,East,Marketplace,Office Supplies,Labels,7,9.93,0.3,48.66,11.78,Second Class,1.0,4.3,False,GBP
ORD-104966,2025-03-21,CUST-01216,Home Office,North,Web,Furniture,Tables,6,352.01,0.1,1900.85,617.78,First Class,5.0,4.0,False,GBP
ORD-103041,2025-03-13,CUST-01357,Consumer,West,Mobile App,Technology,Machines,7,258.5,0.1,1628.55,369.68,First Class,2.0,4.6,False,GBP
ORD-104421,2025-02-21,CUST-00377,Corporate,South,Web,Office Supplies,Binders,8,11.77,0.0,94.16,40.49,First Class,2.0,4.4,False,GBP
ORD-104864,2025-07-09,CUST-01019,Consumer,South,Web,Office Supplies,Storage,1,44.11,0.2,35.29,5.43,First Class,3.0,2.4,False,GBP
ORD-100994,2025-07-23,CUST-00392,Consumer,East,Marketplace,Technology,Phones,2,361.78,0.0,723.56,270.61,Second Class,4.0,4.7,True,GBP
ORD-103126,2025-04-10,CUST-01325,Home Office,North,Phone,Technology,Accessories,2,426.7,0.2,682.72,142.01,Standard,8.0,3.5,False,GBP
ORD-104581,2025-09-24,CUST-01191,Corporate,South,Phone,Technology,Phones,7,467.04,0.2,2615.42,839.55,Standard,4.0,4.4,False,GBP
ORD-104609,2024-09-11,CUST-01036,,East,Mobile App,Technology,Machines,8,255.75,0.1,1841.4,497.18,Standard,5.0,4.8,False,GBP
ORD-103179,2025-06-13,CUST-00148,Corporate,West,Mobile App,Office Supplies,Labels,2,36.55,0.0,73.1,18.42,Standard,7.0,4.5,False,GBP
ORD-102479,2024-03-02,CUST-00584,Consumer,Central,Mobile App,Office Supplies,Art,2,58.96,0.4,70.75,5.73,Same Day,0.0,4.4,False,GBP
ORD-104329,2024-04-13,CUST-00310,Corporate,West,Web,Furniture,Tables,4,281.44,0.3,788.03,66.98,Second Class,5.0,4.2,False,GBP
ORD-104306,2025-05-15,CUST-00916,Home Office,North,Phone,Technology,Accessories,1,549.7,0.15,467.24,89.24,Standard,3.0,4.3,False,GBP
ORD-100866,2024-08-26,CUST-00171,,East,Marketplace,Furniture,Bookcases,3,207.11,0.15,528.13,138.37,Standard,5.0,5.0,False,GBP
ORD-102783,2024-07-12,CUST-01079,Corporate,South,Web,Furniture,Bookcases,6,514.82,0.3,2162.24,231.36,Standard,5.0,3.0,False,GBP
ORD-102795,2025-08-09,CUST-01101,Consumer,Central,Web,Furniture,Tables,7,157.47,0.2,881.83,257.49,Same Day,1.0,4.1,False,GBP
ORD-103876,2024-02-11,CUST-01163,Consumer,East,Mobile App,Furniture,Bookcases,8,227.9,0.0,1823.2,716.52,Second Class,3.0,3.8,False,GBP
ORD-102247,2024-12-07,CUST-01048,Consumer,East,Web,Technology,Copiers,3,246.01,0.3,516.62,89.38,Standard,8.0,4.2,False,GBP
ORD-101382,2025-04-27,CUST-00366,Corporate,Central,Web,Office Supplies,Storage,6,30.05,0.15,153.26,43.37,Standard,6.0,3.0,False,GBP
ORD-102690,2025-03-30,CUST-00241,Consumer,East,Mobile App,Furniture,Tables,2,330.4,0.0,660.8,220.71,Second Class,0.0,4.5,False,GBP
ORD-104334,2025-04-30,CUST-00439,Consumer,North,Web,Office Supplies,Binders,4,39.11,0.4,93.86,5.91,Standard,7.0,3.4,False,GBP
ORD-103017,2025-01-18,CUST-00809,Home Office,Central,Web,Technology,Machines,5,468.0,0.0,2340.0,898.56,First Class,4.0,3.5,False,GBP
ORD-100921,2024-05-14,CUST-01302,Corporate,West,Web,Office Supplies,Art,3,26.73,0.3,56.13,13.53,First Class,,4.2,False,GBP
ORD-101604,2025-05-26,CUST-00687,Corporate,West,Phone,Office Supplies,Storage,5,32.54,0.1,146.43,46.56,Same Day,2.0,3.8,False,GBP
ORD-104272,2025-04-22,CUST-00219,Consumer,North,Mobile App,Office Supplies,Labels,4,27.11,0.0,108.44,50.53,Second Class,4.0,4.4,False,GBP
ORD-103788,2024-10-15,CUST-01257,Consumer,East,Mobile App,Office Supplies,Paper,2,28.56,0.2,45.7,7.17,Second Class,4.0,,False,GBP
ORD-103568,2025-05-28,CUST-00685,Consumer,South,Mobile App,Office Supplies,Labels,1,75.28,0.0,75.28,32.9,Standard,6.0,3.8,False,GBP
ORD-104915,2024-03-14,CUST-00842,Corporate,West,Web,Technology,Copiers,6,216.76,0.3,910.39,109.25,Standard,5.0,3.1,False,GBP
ORD-104924,2024-04-09,CUST-00002,Home Office,North,Phone,Technology,Accessories,4,1186.23,0.4,2846.95,187.9,Standard,8.0,2.0,False,GBP
ORD-104760,2024-10-31,CUST-00995,Consumer,East,Marketplace,Office Supplies,Labels,6,20.25,0.15,103.28,12.39,Standard,6.0,,False,GBP
ORD-100278,2024-12-02,CUST-00342,,West,Web,Technology,Copiers,1,488.4,0.4,293.04,32.23,First Class,3.0,3.3,True,GBP
ORD-100213,2024-03-30,CUST-01395,Consumer,East,Web,Office Supplies,Labels,3,46.92,0.0,140.76,60.81,Standard,,4.0,False,GBP
ORD-101595,2025-01-02,CUST-00090,Corporate,East,Phone,Technology,Phones,4,1036.05,0.2,3315.36,719.43,Second Class,5.0,3.4,False,GBP
ORD-101724,2025-04-25,CUST-00164,Consumer,East,Web,Furniture,Bookcases,3,205.39,0.0,616.17,210.73,Standard,4.0,3.8,False,GBP
ORD-102607,2025-06-04,CUST-00872,,North,Mobile App,Technology,Copiers,1,402.4,0.2,321.92,56.01,First Class,2.0,3.7,False,GBP
ORD-103884,2024-12-05,CUST-01197,Consumer,South,Web,Furniture,Chairs,8,690.79,0.4,3315.79,523.89,First Class,5.0,2.1,True,GBP
ORD-102063,2025-08-28,CUST-00375,Consumer,West,Marketplace,Furniture,Tables,6,452.35,0.15,2306.98,645.95,Standard,5.0,3.9,False,GBP
ORD-104409,2025-04-14,CUST-00051,Corporate,South,Mobile App,Furniture,Chairs,8,128.14,0.2,820.1,296.88,Standard,6.0,2.9,False,GBP
ORD-100185,2024-04-17,CUST-01256,Consumer,North,Web,Furniture,Tables,3,89.16,0.0,267.48,50.82,Standard,6.0,3.8,False,GBP
ORD-103490,2024-01-19,CUST-00046,Corporate,West,Mobile App,Furniture,Tables,4,296.59,0.15,1008.41,334.79,Second Class,,4.2,False,GBP
ORD-104080,2024-01-31,CUST-00925,Corporate,East,Mobile App,Furniture,Bookcases,6,420.79,0.0,2524.74,1027.57,Standard,5.0,2.3,False,GBP
ORD-101082,2025-06-09,CUST-00483,Consumer,East,Web,Technology,Accessories,3,361.89,0.15,922.82,309.14,Standard,8.0,,False,GBP
ORD-100824,2024-05-12,CUST-00494,Corporate,Central,Mobile App,Office Supplies,Binders,1,25.36,0.3,17.75,5.29,Standard,6.0,3.9,False,GBP
ORD-101650,2024-10-04,CUST-00699,Corporate,East,Web,Office Supplies,Paper,7,13.21,0.3,64.73,11.46,First Class,4.0,2.6,True,GBP
ORD-103864,2024-04-12,CUST-00641,Consumer,South,Marketplace,Furniture,Bookcases,8,216.81,0.1,1561.03,87.42,Standard,7.0,2.8,False,GBP
ORD-102674,2024-03-07,CUST-00280,Consumer,Central,Mobile App,Office Supplies,Labels,8,15.32,0.15,104.18,20.11,First Class,3.0,3.6,False,GBP
ORD-104458,2025-05-28,CUST-01106,,East,Mobile App,Technology,Machines,6,613.1,0.1,3310.74,946.87,Standard,7.0,2.8,False,GBP
ORD-100563,2024-02-21,CUST-00824,Consumer,South,Web,Furniture,Furnishings,7,193.48,0.2,1083.49,313.13,First Class,3.0,3.6,False,GBP
ORD-102012,2024-01-26,CUST-00280,Corporate,West,Mobile App,Office Supplies,Binders,6,14.68,0.0,88.08,24.75,Standard,7.0,3.2,False,GBP
ORD-104181,2025-10-30,CUST-00702,Consumer,South,Mobile App,Furniture,Tables,5,314.48,0.0,1572.4,715.44,Standard,7.0,2.4,False,GBP
ORD-100230,2025-01-07,CUST-01054,Consumer,North,Web,Office Supplies,Labels,4,42.71,0.1,153.76,28.14,Standard,6.0,,True,GBP
ORD-101581,2025-03-09,CUST-01148,Corporate,North,Marketplace,Office Supplies,Paper,5,7.86,0.2,31.44,8.39,Same Day,1.0,3.6,False,GBP
ORD-100118,2025-10-30,CUST-01079,Home Office,North,Web,Office Supplies,Paper,3,13.92,0.15,35.5,10.22,Same Day,0.0,3.6,False,GBP
ORD-104855,2024-05-20,CUST-00482,Corporate,North,Web,Furniture,Furnishings,2,393.25,0.3,550.55,113.96,Same Day,1.0,3.6,False,GBP
ORD-102499,2025-03-05,CUST-00564,Consumer,South,Mobile App,Technology,Copiers,2,393.61,0.15,669.14,126.47,Standard,7.0,3.9,False,GBP
ORD-102049,2025-01-27,CUST-00065,Consumer,South,Mobile App,Furniture,Tables,4,405.57,0.0,1622.28,546.71,Standard,4.0,4.0,False,GBP
ORD-104582,2024-02-13,CUST-00304,,Central,Marketplace,Office Supplies,Binders,1,66.69,0.0,66.69,20.07,Standard,3.0,4.2,False,GBP
ORD-100521,2025-08-11,CUST-00926,Corporate,North,Mobile App,Office Supplies,Labels,1,21.74,0.0,21.74,6.13,Second Class,4.0,5.0,False,GBP
ORD-101842,2024-06-04,CUST-00132,Consumer,West,Mobile App,Office Supplies,Art,6,11.86,0.15,60.49,11.07,Second Class,4.0,4.7,False,GBP
ORD-100277,2025-03-09,CUST-00525,Consumer,South,Mobile App,Office Supplies,Storage,4,44.14,0.0,176.56,60.21,First Class,7.0,3.7,False,GBP
ORD-103878,2024-06-16,CUST-00170,Consumer,North,Web,Furniture,Furnishings,1,389.8,0.1,350.82,89.46,Standard,4.0,4.3,False,GBP
ORD-100294,2025-06-01,CUST-00778,Consumer,South,Mobile App,Office Supplies,Paper,2,27.27,0.0,54.54,20.67,First Class,,,False,GBP
ORD-103498,2024-11-14,CUST-00140,Consumer,East,Mobile App,Technology,Phones,4,304.75,0.0,1219.0,440.06,Standard,8.0,2.4,False,GBP
ORD-102998,2024-11-14,CUST-00923,Corporate,North,Web,Office Supplies,Storage,7,45.14,0.1,284.38,81.05,Same Day,2.0,3.8,False,GBP
ORD-103829,2024-12-28,CUST-01089,,Central,Mobile App,Office Supplies,Paper,4,26.62,0.0,106.48,45.47,Standard,7.0,3.6,False,GBP
ORD-100505,2024-01-30,CUST-00819,Corporate,East,Mobile App,Office Supplies,Paper,3,17.25,0.0,51.75,20.23,First Class,4.0,4.6,False,GBP
ORD-102177,2024-06-23,CUST-00472,Corporate,North,Mobile App,Office Supplies,Art,1,9.47,0.0,9.47,3.85,Standard,8.0,3.8,False,GBP
ORD-101215,2025-06-24,CUST-00148,Home Office,West,Phone,Office Supplies,Binders,4,55.07,0.3,154.2,22.2,Same Day,2.0,4.3,False,GBP
ORD-102010,2025-10-30,CUST-00470,Home Office,West,Marketplace,Furniture,Tables,2,199.09,0.1,358.36,91.02,Same Day,2.0,4.6,False,GBP
ORD-100622,2024-06-05,CUST-00198,Corporate,East,Mobile App,Technology,Phones,4,964.04,0.0,3856.16,1226.26,Second Class,6.0,3.4,False,GBP
ORD-101192,2025-04-25,CUST-01023,,West,Marketplace,Technology,Machines,1,345.92,0.0,345.92,125.22,Standard,7.0,3.1,False,GBP
ORD-100259,2024-08-23,CUST-00042,Consumer,North,Marketplace,Furniture,Bookcases,2,508.53,0.0,1017.06,370.21,Standard,5.0,3.8,False,GBP
ORD-104096,2024-11-11,CUST-00949,Consumer,South,Web,Furniture,Chairs,2,256.46,0.3,359.04,78.63,First Class,3.0,3.3,False,GBP
ORD-101726,2025-10-12,CUST-00564,Corporate,South,Web,Office Supplies,Art,2,39.0,0.0,78.0,34.48,Second Class,4.0,3.8,False,GBP
ORD-103941,2024-03-17,CUST-01115,,East,Web,Technology,Accessories,1,503.45,0.2,402.76,71.69,Standard,4.0,4.1,False,GBP
ORD-100826,2025-02-06,CUST-00677,Home Office,South,Web,Furniture,Chairs,6,593.01,0.0,3558.06,1113.67,Standard,6.0,3.7,False,GBP
ORD-101478,2025-11-28,CUST-00505,Consumer,Central,Marketplace,Technology,Phones,2,461.35,0.3,645.89,145.97,First Class,2.0,2.9,False,GBP
ORD-101321,2024-03-10,CUST-00562,Corporate,North,Mobile App,Office Supplies,Art,8,16.06,0.2,102.78,21.99,Standard,8.0,4.0,False,GBP
ORD-100279,2025-03-11,CUST-00390,Corporate,North,Web,Technology,Copiers,5,337.72,0.2,1350.88,432.28,Same Day,3.0,4.5,False,GBP
ORD-100122,2025-02-19,CUST-00166,Home Office,South,Mobile App,Technology,Copiers,5,998.89,0.15,4245.28,1434.9,Standard,7.0,4.5,False,GBP
ORD-100744,2025-01-21,CUST-00556,Corporate,East,Phone,Technology,Machines,5,390.07,0.0,1950.35,477.84,Same Day,3.0,3.3,False,GBP
ORD-103241,2024-10-23,CUST-01052,Corporate,North,Web,Office Supplies,Storage,4,26.92,0.1,96.91,40.12,Standard,8.0,4.6,False,GBP
ORD-101303,2025-11-20,CUST-00490,Corporate,South,Marketplace,Office Supplies,Binders,7,9.3,0.15,55.34,16.33,Standard,5.0,2.6,False,GBP
ORD-104021,2025-01-17,CUST-00501,Consumer,West,Mobile App,Furniture,Bookcases,6,300.2,0.1,1621.08,594.94,Standard,6.0,3.7,False,GBP
ORD-102875,2025-08-09,CUST-00467,Corporate,West,Mobile App,Office Supplies,Storage,3,34.23,0.0,102.69,27.62,Standard,3.0,,False,GBP
ORD-100250,2025-02-16,CUST-00219,Consumer,North,Web,Office Supplies,Binders,7,20.1,0.0,140.7,50.09,Standard,6.0,4.2,False,GBP
ORD-102401,2024-09-25,CUST-00968,Home Office,West,Phone,Furniture,Chairs,5,51.52,0.0,257.6,108.96,Standard,5.0,4.2,False,GBP
ORD-103701,2025-03-17,CUST-00597,Corporate,East,Web,Furniture,Chairs,7,776.0,0.0,5432.0,2330.33,Standard,6.0,3.2,False,GBP
ORD-101970,2025-11-23,CUST-01046,,East,Web,Office Supplies,Binders,5,9.84,0.3,34.44,8.92,Standard,7.0,4.6,False,GBP
ORD-103045,2025-10-12,CUST-00348,Corporate,East,Mobile App,Furniture,Bookcases,8,157.58,0.0,1260.64,554.68,Standard,6.0,3.3,True,GBP
ORD-101992,2025-01-14,CUST-00990,Corporate,South,Mobile App,Office Supplies,Storage,6,51.81,0.0,310.86,100.1,Standard,6.0,3.9,False,GBP
ORD-103818,2025-05-29,CUST-00427,Corporate,Central,Mobile App,Office Supplies,Paper,4,44.49,0.15,151.27,35.85,Standard,6.0,4.6,False,GBP
ORD-103575,2025-09-03,CUST-00973,Consumer,Central,Marketplace,Technology,Phones,3,579.57,0.4,1043.23,105.37,Second Class,6.0,3.2,False,GBP
ORD-100663,2024-06-05,CUST-00669,Consumer,South,Marketplace,Furniture,Tables,7,448.55,0.3,2197.9,281.33,Second Class,4.0,4.7,False,GBP
ORD-104010,2025-09-27,CUST-01157,Consumer,Central,Web,Office Supplies,Storage,7,21.37,0.0,149.59,53.7,First Class,1.0,2.5,False,GBP
ORD-102031,2024-09-11,CUST-01023,Corporate,West,Web,Furniture,Bookcases,4,680.62,0.2,2177.98,548.85,Same Day,0.0,3.2,False,GBP
ORD-100831,2024-11-15,CUST-01005,Home Office,East,Web,Office Supplies,Paper,6,52.39,0.4,188.6,36.78,Standard,6.0,3.3,False,GBP
ORD-103361,2025-01-09,CUST-01029,Corporate,East,Phone,Technology,Machines,8,841.36,0.0,6730.88,1521.18,Standard,4.0,,False,GBP
ORD-101835,2024-05-26,CUST-00501,Home Office,South,Web,Furniture,Bookcases,3,369.36,0.3,775.66,41.11,Standard,5.0,3.5,False,GBP
ORD-102132,2025-03-13,CUST-01222,Home Office,West,Mobile App,Office Supplies,Storage,6,19.17,0.4,69.01,3.59,Standard,3.0,3.3,False,GBP
ORD-104785,2025-09-16,CUST-00749,Consumer,Central,Web,Office Supplies,Art,1,20.12,0.0,20.12,7.61,First Class,2.0,4.1,False,GBP
ORD-101699,2024-09-03,CUST-00688,Consumer,West,Marketplace,Technology,Machines,8,772.71,0.2,4945.34,479.7,First Class,5.0,3.6,False,GBP
ORD-100537,2024-11-05,CUST-01079,Consumer,South,Mobile App,Office Supplies,Art,7,24.03,0.1,151.39,22.86,First Class,1.0,4.2,False,GBP
ORD-102011,2024-04-26,CUST-00867,Corporate,South,Web,Technology,Phones,4,506.36,0.3,1417.81,283.56,Standard,4.0,2.5,False,GBP
ORD-100319,2024-02-03,CUST-00966,Consumer,North,Mobile App,Technology,Machines,2,240.24,0.2,384.38,79.57,Standard,7.0,,False,GBP
ORD-103339,2025-07-03,CUST-00445,Corporate,North,Marketplace,Office Supplies,Art,5,13.1,0.3,45.85,4.22,Same Day,0.0,5.0,False,GBP
ORD-100027,2024-07-12,CUST-00650,Consumer,East,Marketplace,Technology,Machines,1,389.32,0.0,389.32,94.99,First Class,2.0,,False,GBP
ORD-102841,2024-11-20,CUST-00383,Consumer,Central,Web,Office Supplies,Storage,8,30.0,0.3,168.0,35.62,Standard,5.0,1.8,False,GBP
ORD-100776,2025-12-20,CUST-00940,Corporate,North,Marketplace,Office Supplies,Binders,7,30.77,0.2,172.31,46.7,Standard,7.0,3.1,False,GBP
ORD-100582,2025-09-21,CUST-00466,Corporate,Central,Marketplace,Furniture,Tables,3,144.01,0.0,432.03,152.94,Standard,7.0,4.5,False,GBP
ORD-100184,2024-11-06,CUST-00428,Consumer,West,Web,Technology,Accessories,5,412.69,0.2,1650.76,241.01,First Class,3.0,4.4,False,GBP
ORD-103847,2024-01-30,CUST-01013,,North,Web,Office Supplies,Paper,7,28.29,0.3,138.62,36.87,Standard,6.0,4.7,False,GBP
ORD-103516,2025-02-19,CUST-00672,Consumer,Central,Web,Technology,Copiers,1,1161.83,0.0,1161.83,381.08,First Class,3.0,5.0,False,GBP
ORD-104345,2025-03-15,CUST-01073,Home Office,South,Mobile App,Furniture,Tables,5,279.14,0.3,976.99,196.37,Second Class,2.0,3.4,False,GBP
ORD-101585,2025-01-06,CUST-00364,Corporate,Central,Marketplace,Furniture,Tables,4,196.39,0.2,628.45,150.2,First Class,4.0,4.5,False,GBP
ORD-100125,2024-01-08,CUST-00052,,South,Mobile App,Furniture,Tables,7,288.26,0.0,2017.82,484.28,Standard,5.0,4.7,False,GBP
ORD-101625,2024-10-12,CUST-00640,,North,Mobile App,Furniture,Bookcases,6,174.15,0.3,731.43,155.79,Second Class,4.0,2.8,False,GBP
ORD-104276,2025-09-11,CUST-00158,Corporate,Central,Web,Furniture,Tables,5,327.84,0.0,1639.2,440.94,Standard,5.0,2.9,False,GBP
ORD-104338,2025-06-24,CUST-00984,,West,Mobile App,Furniture,Tables,8,289.27,0.1,2082.74,433.21,First Class,3.0,4.4,False,GBP
ORD-103604,2024-06-08,CUST-00239,Corporate,Central,Phone,Technology,Accessories,7,289.95,0.2,1623.72,550.44,Second Class,4.0,4.0,False,GBP
ORD-104489,2024-07-26,CUST-00236,Consumer,North,Web,Technology,Phones,4,350.86,0.15,1192.92,399.63,Second Class,4.0,3.4,False,GBP
ORD-101951,2025-08-22,CUST-00176,Consumer,West,Mobile App,Furniture,Bookcases,5,211.4,0.3,739.9,184.24,Standard,7.0,3.7,False,GBP
ORD-103725,2025-11-10,CUST-00091,Consumer,West,Mobile App,Office Supplies,Paper,1,40.5,0.0,40.5,10.85,First Class,0.0,3.9,False,GBP
ORD-102361,2025-04-25,CUST-01027,Consumer,Central,Web,Furniture,Furnishings,3,240.75,0.0,722.25,232.56,Second Class,2.0,3.9,False,GBP
ORD-102482,2025-04-27,CUST-01157,Home Office,East,Mobile App,Furniture,Bookcases,7,91.97,0.4,386.27,23.95,Standard,5.0,2.6,False,GBP
ORD-102882,2024-05-21,CUST-00847,Consumer,West,Marketplace,Furniture,Bookcases,2,275.38,0.2,440.61,49.35,Standard,5.0,4.6,False,GBP
ORD-100626,2024-09-02,CUST-00300,Consumer,South,Marketplace,Technology,Accessories,7,139.7,0.15,831.21,191.18,Same Day,0.0,4.6,False,GBP
ORD-103390,2025-11-01,CUST-00913,Corporate,West,Web,Office Supplies,Labels,3,8.82,0.3,18.52,1.61,Second Class,,3.9,False,GBP
ORD-102780,2024-12-21,CUST-00367,,South,Web,Technology,Machines,6,667.3,0.3,2802.66,487.66,Standard,4.0,3.6,False,GBP
ORD-100103,2025-09-16,CUST-00042,Home Office,East,Marketplace,Office Supplies,Binders,1,24.93,0.15,21.19,8.52,Same Day,3.0,4.5,False,GBP
ORD-103591,2024-05-31,CUST-00035,Consumer,West,Marketplace,Office Supplies,Storage,8,26.87,0.4,128.98,34.18,Standard,7.0,3.4,False,GBP
ORD-101722,2025-01-27,CUST-00588,,South,Web,Technology,Phones,3,729.99,0.2,1751.98,120.89,Standard,,3.2,False,GBP
ORD-104230,2024-02-25,CUST-00921,Consumer,North,Web,Office Supplies,Labels,6,65.0,0.4,234.0,56.39,Standard,7.0,2.5,False,GBP
ORD-103833,2024-10-13,CUST-00195,Consumer,North,Mobile App,Office Supplies,Paper,1,40.82,0.0,40.82,19.23,Second Class,6.0,4.0,False,GBP
ORD-101430,2024-02-25,CUST-01337,Corporate,Central,Web,Technology,Accessories,4,366.17,0.0,1464.68,550.72,Second Class,5.0,4.4,False,GBP
ORD-102595,2025-09-29,CUST-00605,Corporate,Central,Web,Office Supplies,Paper,6,27.89,0.15,142.24,41.25,Standard,4.0,3.9,False,GBP
ORD-100586,2024-02-15,CUST-00190,Home Office,East,Marketplace,Technology,Accessories,4,477.22,0.1,1717.99,611.6,Second Class,5.0,3.7,False,GBP
ORD-102191,2024-12-18,CUST-01182,Home Office,Central,Mobile App,Office Supplies,Storage,2,23.85,0.0,47.7,15.12,Standard,7.0,3.2,False,GBP
ORD-102726,2024-01-29,CUST-00978,Consumer,West,Mobile App,Technology,Copiers,3,256.4,0.2,615.36,202.45,Standard,7.0,3.3,False,GBP
ORD-102672,2024-05-21,CUST-01097,Consumer,Central,Mobile App,Furniture,Chairs,6,428.83,0.0,2572.98,638.1,Second Class,4.0,3.2,False,GBP
ORD-103774,2024-02-23,CUST-00095,Consumer,North,Marketplace,Office Supplies,Binders,3,32.24,0.1,87.05,16.1,Standard,5.0,,False,GBP
ORD-103215,2024-07-02,CUST-00492,Consumer,North,Marketplace,Furniture,Tables,2,370.57,0.15,629.97,149.93,First Class,1.0,,False,GBP
ORD-104688,2024-08-30,CUST-00918,Consumer,West,Marketplace,Technology,Machines,4,901.65,0.3,2524.62,552.89,Second Class,4.0,3.9,False,GBP
ORD-104574,2024-09-05,CUST-00988,Corporate,Central,Web,Office Supplies,Binders,7,32.21,0.2,180.38,52.13,Second Class,5.0,3.6,False,GBP
ORD-102411,2025-10-14,CUST-00678,,East,Marketplace,Furniture,Furnishings,6,161.06,0.15,821.41,201.25,Second Class,7.0,2.9,False,GBP
ORD-103236,2024-10-02,CUST-00449,Home Office,East,Mobile App,Technology,Machines,6,387.49,0.0,2324.94,732.36,Standard,5.0,,False,GBP
ORD-102289,2025-12-15,CUST-01203,Consumer,West,Web,Furniture,Tables,5,671.47,0.4,2014.41,102.73,Second Class,6.0,4.2,False,GBP
ORD-101153,2024-10-03,CUST-00514,Consumer,West,Mobile App,Technology,Accessories,2,790.29,0.1,1422.52,308.69,Standard,8.0,4.4,False,GBP
ORD-104796,2024-03-01,CUST-00317,Corporate,North,Mobile App,Technology,Machines,8,782.56,0.0,6260.48,1727.89,First Class,3.0,3.0,False,GBP
ORD-101900,2024-10-18,CUST-01321,Consumer,North,Mobile App,Furniture,Chairs,4,186.2,0.0,744.8,240.57,First Class,0.0,3.5,False,GBP
ORD-102233,2025-09-27,CUST-00536,Consumer,West,Mobile App,Furniture,Furnishings,3,260.95,0.15,665.42,174.34,First Class,5.0,4.9,False,GBP
ORD-100495,2025-07-01,CUST-00340,Home Office,South,Web,Furniture,Bookcases,2,332.01,0.0,664.02,277.56,Second Class,2.0,4.2,True,GBP
ORD-103488,2024-04-10,CUST-00786,Consumer,Central,Mobile App,Furniture,Chairs,7,131.42,0.1,827.95,296.41,First Class,4.0,3.9,False,GBP
ORD-104636,2024-03-23,CUST-00318,Consumer,North,Marketplace,Office Supplies,Binders,4,81.54,0.4,195.7,14.29,Standard,8.0,3.3,False,GBP
ORD-104142,2024-09-25,CUST-00776,Consumer,Central,Mobile App,Furniture,Tables,6,173.34,0.0,1040.04,452.42,Standard,4.0,1.9,False,GBP
ORD-100305,2024-02-04,CUST-00074,Corporate,North,Web,Office Supplies,Storage,5,19.81,0.0,99.05,34.07,Standard,4.0,4.4,True,GBP
ORD-100882,2025-10-13,CUST-00107,Consumer,West,Web,Furniture,Chairs,4,263.87,0.1,949.93,357.17,Standard,5.0,3.9,False,GBP
ORD-101322,2024-04-30,CUST-01161,,North,Web,Furniture,Tables,1,335.54,0.0,335.54,112.74,Standard,4.0,4.3,False,GBP
ORD-103639,2025-03-04,CUST-00920,Consumer,South,Web,Furniture,Chairs,7,155.49,0.2,870.74,64.43,Standard,9.0,3.5,False,GBP
ORD-104219,2024-05-11,CUST-00786,Consumer,North,Web,Furniture,Tables,8,151.16,0.3,846.5,154.91,Standard,5.0,4.0,False,GBP
ORD-103596,2025-06-15,CUST-00644,Consumer,West,Marketplace,Office Supplies,Art,6,36.51,0.0,219.06,56.74,First Class,2.0,4.7,False,GBP
ORD-100742,2024-01-05,CUST-00629,Consumer,North,Web,Technology,Copiers,4,303.05,0.15,1030.37,324.57,Standard,8.0,3.3,False,GBP
ORD-100887,2025-09-11,CUST-00713,Home Office,South,Web,Furniture,Bookcases,8,206.95,0.4,993.36,183.77,First Class,5.0,4.1,True,GBP
ORD-103965,2025-03-14,CUST-01338,Consumer,West,Marketplace,Office Supplies,Binders,7,31.26,0.0,218.82,80.74,Standard,8.0,1.1,False,GBP
ORD-103359,2024-01-19,CUST-00117,Home Office,Central,Marketplace,Office Supplies,Binders,2,23.39,0.2,37.42,12.39,Standard,8.0,3.8,False,GBP
ORD-103387,2024-10-20,CUST-00465,Consumer,South,Web,Office Supplies,Labels,6,31.02,0.0,186.12,49.88,Standard,4.0,4.3,False,GBP
ORD-104435,2024-05-06,CUST-00174,Home Office,North,Mobile App,Furniture,Bookcases,7,235.22,0.0,1646.54,490.67,First Class,3.0,5.0,False,GBP
ORD-100889,2024-05-10,CUST-01130,Consumer,North,Mobile App,Furniture,Chairs,8,315.9,0.4,1516.32,247.16,Same Day,1.0,4.9,False,GBP
ORD-104499,2025-01-21,CUST-00472,Consumer,South,Mobile App,Technology,Copiers,4,235.01,0.1,846.04,273.27,Standard,8.0,3.1,True,GBP
ORD-103281,2025-02-19,CUST-00491,Corporate,North,Web,Office Supplies,Labels,7,32.29,0.4,135.62,1.08,Second Class,4.0,5.0,False,GBP
ORD-100208,2024-08-27,CUST-01132,Corporate,Central,Web,Technology,Phones,6,283.0,0.0,1698.0,380.35,Second Class,4.0,5.0,False,GBP
ORD-102195,2025-07-23,CUST-00643,Consumer,South,Mobile App,Furniture,Chairs,3,383.5,0.15,977.92,272.84,Standard,6.0,3.8,False,GBP
ORD-104813,2024-09-03,CUST-00160,Home Office,North,Marketplace,Office Supplies,Labels,6,95.85,0.0,575.1,129.97,Standard,5.0,4.0,False,GBP
ORD-103349,2025-09-01,CUST-01087,Consumer,West,Mobile App,Office Supplies,Storage,2,25.27,0.2,40.43,11.97,Standard,4.0,3.8,False,GBP
ORD-101719,2025-08-01,CUST-00624,Home Office,South,Web,Furniture,Bookcases,6,144.48,0.2,693.5,196.95,First Class,4.0,3.1,False,GBP
ORD-101548,2024-03-29,CUST-01262,Corporate,South,Mobile App,Furniture,Chairs,4,442.68,0.2,1416.58,484.47,First Class,2.0,3.3,False,GBP
ORD-100368,2025-09-26,CUST-00869,Consumer,North,Marketplace,Technology,Machines,3,173.36,0.0,520.08,167.47,Second Class,7.0,,False,GBP
ORD-100746,2025-09-22,CUST-00600,Home Office,East,Web,Technology,Accessories,5,356.91,0.3,1249.18,36.23,Second Class,4.0,3.2,True,GBP
ORD-103848,2025-02-18,CUST-00048,Consumer,North,Web,Office Supplies,Binders,3,20.85,0.0,62.55,21.02,Standard,7.0,4.3,False,GBP
ORD-103728,2025-05-02,CUST-00380,Consumer,West,Mobile App,Office Supplies,Art,2,24.94,0.0,49.88,20.25,Standard,6.0,5.0,False,GBP
ORD-103077,2024-08-22,CUST-01149,Corporate,Central,Web,Furniture,Furnishings,5,174.76,0.0,873.8,335.54,Standard,5.0,4.5,False,GBP
ORD-104305,2025-05-16,CUST-00449,Consumer,East,Web,Office Supplies,Paper,1,28.92,0.4,17.35,2.19,Second Class,2.0,3.5,False,GBP
ORD-102809,2025-05-03,CUST-01073,Consumer,South,Mobile App,Office Supplies,Paper,2,10.16,0.15,17.27,3.85,Second Class,4.0,3.6,True,GBP
ORD-100524,2025-09-06,CUST-01043,Corporate,West,Web,Office Supplies,Paper,6,16.63,0.3,69.85,9.78,Standard,4.0,3.2,False,GBP
ORD-100683,2024-12-12,CUST-00949,Consumer,East,Web,Technology,Accessories,4,370.26,0.1,1332.94,387.89,First Class,4.0,2.9,True,GBP
ORD-100976,2025-09-17,CUST-00659,Consumer,West,Mobile App,Furniture,Furnishings,7,190.63,0.15,1134.25,420.81,Standard,6.0,3.8,False,GBP
ORD-101660,2024-07-27,CUST-00667,Consumer,East,Mobile App,Furniture,Bookcases,8,157.3,0.3,880.88,181.46,First Class,3.0,3.9,False,GBP
ORD-101957,2024-05-19,CUST-00104,Home Office,South,Marketplace,Technology,Phones,7,792.73,0.0,5549.11,2069.82,Standard,5.0,3.1,False,GBP
ORD-102071,2025-10-13,CUST-01026,Corporate,Central,Web,Furniture,Furnishings,7,92.42,0.0,646.94,245.84,Second Class,6.0,4.2,True,GBP
ORD-100030,2024-10-19,CUST-01068,Consumer,West,Mobile App,Office Supplies,Storage,8,37.71,0.0,301.68,100.46,Standard,6.0,3.0,False,GBP
ORD-103735,2024-10-11,CUST-01095,Corporate,North,Web,Technology,Accessories,8,427.16,0.0,3417.28,1168.71,First Class,0.0,3.2,False,GBP
ORD-103524,2025-02-28,CUST-00533,Corporate,Central,Web,Technology,Phones,7,448.95,0.15,2671.25,731.92,Second Class,4.0,4.7,False,GBP
ORD-104747,2024-08-05,CUST-00523,Consumer,South,Mobile App,Office Supplies,Storage,2,65.78,0.2,105.25,35.26,Standard,7.0,2.8,False,GBP
ORD-102295,2025-12-29,CUST-01196,,East,Phone,Office Supplies,Binders,6,51.66,0.15,263.47,100.91,Standard,6.0,4.1,False,GBP
ORD-102516,2025-07-30,CUST-00163,Corporate,South,Mobile App,Office Supplies,Art,6,13.27,0.2,63.7,11.08,Second Class,4.0,3.3,False,GBP
ORD-103145,2025-11-01,CUST-00265,Corporate,North,Web,Technology,Machines,5,267.52,0.0,1337.6,401.28,Same Day,,4.7,False,GBP
ORD-102254,2024-06-17,CUST-00334,Consumer,West,Web,Furniture,Bookcases,4,538.25,0.1,1937.7,738.26,Standard,5.0,5.0,False,GBP
ORD-104162,2025-07-03,CUST-00665,Home Office,West,Mobile App,Office Supplies,Labels,3,19.03,0.2,45.67,8.13,Standard,6.0,2.1,False,GBP
ORD-100464,2024-10-27,CUST-00365,Corporate,Central,Mobile App,Technology,Accessories,2,182.3,0.4,218.76,33.25,Second Class,3.0,3.6,False,GBP
ORD-104406,2024-09-05,CUST-01203,Consumer,West,Mobile App,Office Supplies,Binders,4,53.64,0.0,214.56,49.35,Same Day,2.0,3.0,False,GBP
ORD-101956,2024-02-29,CUST-00470,,West,Web,Technology,Copiers,1,271.64,0.0,271.64,64.11,Same Day,0.0,4.0,False,GBP
ORD-100938,2024-06-15,CUST-00539,Consumer,East,Mobile App,Furniture,Furnishings,8,210.83,0.4,1011.98,116.38,Standard,5.0,3.9,False,GBP
ORD-104031,2024-05-24,CUST-00305,Consumer,South,Web,Office Supplies,Paper,8,28.53,0.0,228.24,74.86,Standard,5.0,4.1,False,GBP
ORD-101058,2024-03-23,CUST-01124,Corporate,West,Web,Office Supplies,Art,2,35.77,0.4,42.92,8.84,Standard,5.0,4.0,False,GBP
ORD-103924,2024-08-24,CUST-00750,Home Office,East,Web,Office Supplies,Paper,7,17.0,0.1,107.1,49.27,Standard,5.0,3.2,False,GBP
ORD-101496,2025-06-22,CUST-00718,Home Office,North,Phone,Furniture,Bookcases,7,830.76,0.3,4070.72,521.05,First Class,3.0,4.0,True,GBP
ORD-103887,2025-04-15,CUST-01190,Corporate,South,Web,Furniture,Bookcases,4,311.04,0.3,870.91,79.25,Standard,6.0,3.9,False,GBP
ORD-104483,2024-10-10,CUST-01162,Home Office,West,Mobile App,Technology,Accessories,6,1663.73,0.0,9982.38,3463.89,Standard,7.0,3.0,False,GBP
ORD-104139,2024-03-07,CUST-01226,,Central,Mobile App,Technology,Copiers,7,290.82,0.1,1832.17,434.22,First Class,4.0,3.7,False,GBP
ORD-104829,2025-10-06,CUST-00042,Corporate,Central,Phone,Furniture,Tables,7,208.67,0.4,876.41,213.84,Standard,5.0,4.8,False,GBP
ORD-102310,2025-05-30,CUST-01155,Consumer,East,Web,Furniture,Chairs,4,292.87,0.15,995.76,214.09,Second Class,4.0,4.1,False,GBP
ORD-104759,2024-02-04,CUST-00217,Home Office,West,Web,Office Supplies,Art,3,29.36,0.3,61.66,8.82,Second Class,2.0,5.0,False,GBP
ORD-102802,2025-10-29,CUST-00367,Consumer,East,Phone,Technology,Copiers,2,293.74,0.0,587.48,240.28,Standard,3.0,4.6,False,GBP
ORD-101389,2025-01-15,CUST-00967,Consumer,South,Web,Office Supplies,Storage,6,14.17,0.0,85.02,36.9,Standard,5.0,4.5,False,GBP
ORD-100289,2024-04-27,CUST-01272,Corporate,Central,Mobile App,Technology,Machines,8,1163.53,0.0,9308.24,2057.12,Same Day,0.0,4.3,False,GBP
ORD-101947,2025-09-28,CUST-00683,Home Office,South,Web,Technology,Machines,5,1565.88,0.0,7829.4,2983.0,Standard,7.0,3.2,False,GBP
ORD-102596,2024-05-22,CUST-01331,Consumer,East,Phone,Office Supplies,Storage,7,104.66,0.0,732.62,271.07,Second Class,5.0,4.2,False,GBP
ORD-103921,2024-11-07,CUST-00243,Home Office,Central,Mobile App,Furniture,Furnishings,6,248.2,0.0,1489.2,634.4,Standard,7.0,3.0,False,GBP
ORD-102871,2024-07-10,CUST-00170,Corporate,West,Marketplace,Office Supplies,Binders,4,18.29,0.1,65.84,21.2,First Class,5.0,2.4,False,GBP
ORD-103552,2025-05-04,CUST-00960,,North,Mobile App,Office Supplies,Art,5,29.5,0.0,147.5,67.85,Standard,6.0,4.0,False,GBP
ORD-100199,2024-06-08,CUST-00718,Consumer,North,Phone,Office Supplies,Art,7,24.43,0.0,171.01,54.55,First Class,4.0,3.2,False,GBP
ORD-101002,2025-06-23,CUST-00007,,South,Mobile App,Office Supplies,Art,6,21.39,0.15,109.09,26.07,Standard,6.0,3.5,False,GBP
ORD-101589,2025-10-26,CUST-00351,Home Office,Central,Web,Office Supplies,Binders,3,75.93,0.3,159.45,35.72,Second Class,4.0,3.0,False,GBP
ORD-100619,2024-12-20,CUST-00521,Consumer,West,Web,Office Supplies,Binders,2,9.85,0.0,19.7,7.31,Standard,6.0,3.2,False,GBP
ORD-103370,2025-06-21,CUST-01298,Consumer,North,Mobile App,Office Supplies,Art,8,31.14,0.0,249.12,60.29,Standard,7.0,3.4,False,GBP
ORD-102117,2024-02-18,CUST-00967,Consumer,North,Marketplace,Office Supplies,Labels,3,28.95,0.3,60.79,2.13,First Class,2.0,3.7,False,GBP
ORD-103548,2024-03-22,CUST-01392,Consumer,East,Mobile App,Furniture,Chairs,7,156.64,0.4,657.89,108.55,Standard,7.0,4.6,False,GBP
ORD-103832,2025-04-17,CUST-00411,Corporate,East,Mobile App,Furniture,Chairs,1,333.47,0.15,283.45,102.04,First Class,1.0,4.1,False,GBP
ORD-100801,2024-08-05,CUST-01265,Consumer,North,Web,Furniture,Bookcases,8,198.77,0.15,1351.64,373.05,Standard,5.0,4.6,False,GBP
ORD-100738,2024-09-15,CUST-01167,Consumer,North,Web,Office Supplies,Paper,3,19.02,0.15,48.5,9.31,Standard,5.0,3.8,False,GBP
ORD-101036,2025-11-03,CUST-00797,Corporate,Central,Marketplace,Furniture,Tables,4,264.01,0.0,1056.04,302.03,First Class,5.0,4.2,False,GBP
ORD-100313,2025-09-14,CUST-00029,Consumer,North,Web,Office Supplies,Paper,7,55.73,0.4,234.07,32.77,Standard,5.0,4.2,False,GBP
ORD-101744,2025-02-05,CUST-00808,Consumer,South,Mobile App,Office Supplies,Art,7,31.12,0.0,217.84,56.86,Standard,,3.4,False,GBP
ORD-101803,2024-09-02,CUST-01216,Corporate,East,Web,Office Supplies,Storage,3,21.29,0.15,54.29,13.9,First Class,4.0,3.9,False,GBP
ORD-102776,2025-08-28,CUST-00125,,South,Web,Furniture,Bookcases,8,192.8,0.0,1542.4,575.32,First Class,2.0,3.0,False,GBP
ORD-100391,2024-06-08,CUST-00339,Consumer,South,Web,Technology,Phones,5,317.98,0.3,1112.93,79.02,Standard,7.0,4.8,False,GBP
ORD-101831,2024-11-14,CUST-00164,Consumer,West,Web,Furniture,Chairs,2,185.05,0.2,296.08,75.8,First Class,2.0,4.1,False,GBP
ORD-104102,2025-06-18,CUST-00077,Corporate,South,Web,Office Supplies,Storage,3,30.22,0.0,90.66,26.47,Standard,7.0,3.8,False,GBP
ORD-100241,2025-02-02,CUST-00830,Consumer,East,Mobile App,Furniture,Furnishings,6,457.06,0.3,1919.65,506.79,Standard,9.0,2.6,False,GBP
ORD-100549,2025-01-18,CUST-01215,Corporate,East,Marketplace,Furniture,Furnishings,6,167.84,0.3,704.93,143.1,Same Day,0.0,3.6,False,GBP
ORD-101615,2024-10-09,CUST-00068,Consumer,East,Mobile App,Furniture,Furnishings,2,268.37,0.2,429.39,97.9,Standard,6.0,3.4,False,GBP
ORD-101190,2024-02-13,CUST-01066,Consumer,West,Mobile App,Furniture,Furnishings,3,541.89,0.1,1463.1,323.35,Standard,,4.5,False,GBP
ORD-102038,2024-10-06,CUST-00525,Corporate,North,Mobile App,Office Supplies,Paper,8,44.15,0.0,353.2,147.99,Second Class,3.0,4.2,False,GBP
ORD-104967,2024-01-23,CUST-00047,Home Office,West,Marketplace,Technology,Accessories,5,389.63,0.0,1948.15,564.96,Second Class,1.0,5.0,True,GBP
ORD-102312,2024-11-05,CUST-01292,Consumer,South,Mobile App,Office Supplies,Binders,3,36.97,0.15,94.27,15.93,Standard,7.0,3.5,False,GBP
ORD-102182,2024-10-05,CUST-00410,Home Office,East,Marketplace,Furniture,Tables,5,718.36,0.0,3591.8,1530.11,Standard,6.0,3.3,False,GBP
ORD-103219,2024-03-06,CUST-00756,Consumer,West,Mobile App,Technology,Copiers,6,382.06,0.0,2292.36,676.25,Second Class,3.0,3.1,False,GBP
ORD-103245,2025-03-09,CUST-00896,Consumer,West,Marketplace,Furniture,Bookcases,7,243.57,0.1,1534.49,446.54,First Class,,4.3,False,GBP
ORD-102112,2025-10-27,CUST-01096,,West,Mobile App,Technology,Accessories,6,683.75,0.15,3487.12,986.85,Standard,3.0,4.4,False,GBP
ORD-104595,2024-03-19,CUST-00637,Corporate,North,Mobile App,Technology,Copiers,2,375.19,0.15,637.82,133.94,Same Day,1.0,4.4,False,GBP
ORD-101281,2024-08-02,CUST-01358,Corporate,Central,Mobile App,Furniture,Furnishings,5,359.66,0.0,1798.3,737.3,Standard,7.0,3.5,False,GBP
ORD-104324,2025-04-16,CUST-00264,Home Office,East,Mobile App,Technology,Copiers,5,464.61,0.1,2090.75,363.79,Standard,6.0,4.3,False,GBP
ORD-103902,2024-11-02,CUST-00105,Corporate,East,Phone,Office Supplies,Labels,2,24.13,0.0,48.26,11.58,Standard,8.0,3.6,False,GBP
ORD-103755,2025-01-29,CUST-01292,Consumer,East,Web,Office Supplies,Paper,3,52.58,0.3,110.42,25.62,Second Class,,2.9,False,GBP
ORD-102964,2024-11-27,CUST-00307,Consumer,North,Marketplace,Office Supplies,Binders,3,13.55,0.0,40.65,10.08,Standard,6.0,4.9,False,GBP
ORD-101290,2024-08-03,CUST-00205,Consumer,Central,Mobile App,Office Supplies,Paper,8,21.82,0.0,174.56,50.27,Standard,7.0,,False,GBP
ORD-103867,2024-08-18,CUST-00613,Corporate,West,Web,Furniture,Bookcases,4,129.02,0.0,516.08,179.08,Second Class,1.0,5.0,True,GBP
ORD-102569,2025-06-05,CUST-00948,Consumer,North,Phone,Office Supplies,Labels,8,63.36,0.2,405.5,85.97,Standard,7.0,4.3,False,GBP
ORD-102495,2024-09-27,CUST-00966,Corporate,North,Marketplace,Furniture,Tables,3,288.63,0.2,692.71,191.88,Standard,6.0,3.8,True,GBP
ORD-104640,2024-04-23,CUST-00229,,North,Marketplace,Office Supplies,Storage,3,10.13,0.0,30.39,10.76,Standard,4.0,3.9,False,GBP
ORD-102466,2024-12-30,CUST-00802,Corporate,West,Mobile App,Office Supplies,Art,5,18.16,0.3,63.56,10.81,Standard,3.0,3.5,False,GBP
ORD-100020,2025-06-10,CUST-00402,Consumer,Central,Marketplace,Furniture,Bookcases,5,403.3,0.1,1814.85,323.04,Same Day,0.0,4.5,False,GBP
ORD-102725,2025-11-18,CUST-01334,Consumer,Central,Mobile App,Office Supplies,Art,7,40.04,0.0,280.28,91.65,Second Class,5.0,2.4,False,GBP
ORD-103209,2025-07-27,CUST-01243,Corporate,West,Mobile App,Technology,Machines,1,506.43,0.15,430.47,108.48,Second Class,5.0,4.4,False,GBP
ORD-104466,2025-10-08,CUST-00530,Consumer,West,Mobile App,Furniture,Chairs,8,448.83,0.3,2513.45,377.02,Standard,7.0,2.7,False,GBP
ORD-100809,2025-10-27,CUST-01208,Corporate,East,Marketplace,Technology,Phones,7,598.02,0.0,4186.14,1573.99,Standard,6.0,4.5,False,GBP
ORD-104195,2024-03-15,CUST-00691,Corporate,North,Marketplace,Furniture,Bookcases,3,378.01,0.0,1134.03,309.59,Standard,8.0,2.7,False,GBP
ORD-102922,2025-08-07,CUST-01120,Home Office,West,Web,Technology,Machines,2,1274.82,0.4,1529.78,126.97,Second Class,2.0,,False,GBP
ORD-104754,2025-10-18,CUST-00804,Home Office,East,Mobile App,Office Supplies,Labels,5,28.44,0.0,142.2,42.8,Standard,6.0,2.8,False,GBP
ORD-104030,2025-01-01,CUST-00820,,South,Web,Technology,Copiers,4,347.99,0.2,1113.57,339.64,Standard,6.0,4.2,False,GBP
ORD-104758,2024-08-29,CUST-00801,,Central,Web,Office Supplies,Art,8,19.41,0.0,155.28,64.91,First Class,3.0,4.1,False,GBP
ORD-102921,2025-11-21,CUST-00714,Home Office,West,Phone,Technology,Machines,6,320.01,0.0,1920.06,752.66,Same Day,0.0,5.0,False,GBP
ORD-103585,2024-05-15,CUST-00993,,Central,Marketplace,Furniture,Tables,1,247.46,0.4,148.48,16.04,First Class,2.0,4.6,False,GBP
ORD-101306,2024-06-24,CUST-00261,Consumer,West,Web,Furniture,Tables,3,134.26,0.2,322.22,101.82,Second Class,5.0,4.9,False,GBP
ORD-102484,2024-08-04,CUST-00269,Home Office,South,Phone,Technology,Accessories,8,442.19,0.0,3537.52,1436.23,First Class,7.0,3.5,False,GBP
ORD-101291,2025-04-03,CUST-00481,Consumer,South,Web,Office Supplies,Binders,2,16.42,0.3,22.99,3.82,Second Class,0.0,,True,GBP
ORD-103113,2025-02-27,CUST-00083,Consumer,South,Mobile App,Office Supplies,Binders,6,9.85,0.0,59.1,19.15,Standard,5.0,3.7,False,GBP
ORD-101933,2024-08-18,CUST-00044,Consumer,Central,Web,Office Supplies,Labels,2,29.59,0.3,41.43,8.66,Standard,6.0,4.1,False,GBP
ORD-101911,2024-01-30,CUST-00133,Corporate,Central,Mobile App,Office Supplies,Art,4,13.32,0.1,47.95,13.38,Standard,7.0,4.2,False,GBP
ORD-100275,2025-03-04,CUST-00552,Corporate,Central,Mobile App,Office Supplies,Labels,6,9.47,0.3,39.77,6.12,Standard,7.0,3.6,False,GBP
ORD-100064,2025-07-30,CUST-01129,Consumer,West,Marketplace,Office Supplies,Binders,4,20.32,0.2,65.02,11.83,Second Class,3.0,3.1,False,GBP
ORD-104243,2025-01-19,CUST-01326,Corporate,Central,Web,Furniture,Chairs,6,240.68,0.3,1010.86,199.14,Standard,5.0,3.4,False,GBP
ORD-101816,2025-06-11,CUST-00590,Consumer,Central,Phone,Office Supplies,Paper,1,11.86,0.0,11.86,4.01,Standard,3.0,3.9,False,GBP
ORD-100369,2024-07-23,CUST-00716,,South,Web,Furniture,Chairs,2,337.99,0.0,675.98,301.49,Standard,5.0,3.9,False,GBP
ORD-104801,2024-06-14,CUST-00754,Consumer,West,Web,Furniture,Tables,7,567.49,0.4,2383.46,286.02,Standard,8.0,5.0,False,GBP
ORD-104074,2025-01-17,CUST-01236,Consumer,East,Web,Furniture,Tables,2,184.08,0.0,368.16,119.28,Standard,7.0,3.6,False,GBP
ORD-101902,2025-05-11,CUST-00695,Corporate,West,Mobile App,Technology,Copiers,6,317.75,0.2,1525.2,356.9,Standard,6.0,4.6,False,GBP
ORD-101519,2025-11-16,CUST-01100,Consumer,East,Web,Furniture,Furnishings,5,211.51,0.4,634.53,82.49,First Class,4.0,3.2,True,GBP
ORD-101996,2025-09-29,CUST-01383,Corporate,East,Mobile App,Furniture,Chairs,6,143.83,0.1,776.68,222.91,Standard,4.0,3.6,False,GBP
ORD-101630,2024-06-08,CUST-00886,Corporate,Central,Mobile App,Office Supplies,Labels,3,43.4,0.0,130.2,62.63,First Class,2.0,4.6,False,GBP
ORD-102175,2024-07-06,CUST-00843,Home Office,Central,Mobile App,Furniture,Chairs,4,308.08,0.3,862.62,25.88,Standard,7.0,,False,GBP
ORD-102185,2024-05-28,CUST-01398,Corporate,Central,Mobile App,Furniture,Bookcases,6,496.95,0.0,2981.7,1413.33,Second Class,,4.6,True,GBP
ORD-102520,2025-10-20,CUST-01177,Consumer,South,Mobile App,Furniture,Tables,6,254.33,0.0,1525.98,463.9,Same Day,0.0,4.1,False,GBP
ORD-102491,2024-03-01,CUST-01002,Consumer,East,Web,Office Supplies,Binders,4,15.29,0.1,55.04,13.1,Standard,8.0,4.8,False,GBP
ORD-104309,2024-08-24,CUST-01098,Corporate,West,Mobile App,Office Supplies,Paper,1,42.19,0.15,35.86,12.3,Standard,6.0,2.7,False,GBP
ORD-104019,2025-01-26,CUST-00296,Consumer,West,Web,Office Supplies,Art,2,23.6,0.0,47.2,20.2,Standard,5.0,2.9,False,GBP
ORD-104316,2024-09-30,CUST-00134,Corporate,Central,Phone,Furniture,Bookcases,2,397.46,0.0,794.92,254.37,Second Class,4.0,5.0,False,GBP
ORD-100265,2025-11-26,CUST-00115,Consumer,East,Marketplace,Furniture,Chairs,8,139.32,0.15,947.38,203.69,First Class,5.0,2.3,False,GBP
ORD-101971,2025-07-27,CUST-01268,Consumer,East,Web,Technology,Accessories,2,491.5,0.3,688.1,117.67,Standard,6.0,1.5,False,GBP
ORD-103892,2024-07-23,CUST-01028,Home Office,South,Marketplace,Furniture,Furnishings,5,134.97,0.3,472.4,79.36,Standard,4.0,4.4,False,GBP
ORD-101394,2024-12-02,CUST-00771,Consumer,East,Web,Office Supplies,Paper,4,25.54,0.0,102.16,29.63,Standard,6.0,3.5,False,GBP
ORD-102536,2025-12-03,CUST-01159,Corporate,Central,Web,Office Supplies,Storage,3,43.1,0.3,90.51,6.61,First Class,3.0,4.8,False,GBP
ORD-104941,2025-07-27,CUST-00809,Consumer,East,Web,Technology,Phones,8,240.43,0.4,1154.06,146.57,Standard,6.0,3.4,False,GBP
ORD-104119,2024-06-16,CUST-00158,Corporate,East,Web,Technology,Copiers,5,415.16,0.4,1245.48,3.74,Standard,7.0,3.8,False,GBP
ORD-100803,2025-06-10,CUST-00435,Consumer,South,Marketplace,Office Supplies,Labels,8,23.57,0.3,131.99,26.4,Standard,5.0,3.5,False,GBP
ORD-104193,2025-05-23,CUST-00087,Consumer,North,Web,Office Supplies,Binders,7,22.78,0.4,95.68,17.89,Second Class,5.0,3.9,False,GBP
ORD-103765,2024-10-10,CUST-01354,Consumer,South,Web,Office Supplies,Paper,1,31.72,0.0,31.72,8.91,Standard,6.0,4.3,False,GBP
ORD-103857,2024-09-11,CUST-01241,Consumer,West,Mobile App,Office Supplies,Storage,5,24.52,0.0,122.6,48.3,First Class,2.0,5.0,False,GBP
ORD-100677,2025-10-12,CUST-00100,Corporate,South,Mobile App,Office Supplies,Art,3,22.8,0.1,61.56,18.78,Second Class,1.0,2.6,False,GBP
ORD-102696,2025-03-13,CUST-00665,Consumer,North,Web,Furniture,Bookcases,1,538.49,0.3,376.94,73.88,Standard,8.0,2.1,False,GBP
ORD-100215,2025-04-27,CUST-01011,Consumer,West,Web,Office Supplies,Binders,1,21.21,0.0,21.21,5.83,Standard,6.0,4.0,False,GBP
ORD-100928,2025-12-17,CUST-00966,Corporate,West,Mobile App,Technology,Phones,1,930.32,0.2,744.26,122.06,Second Class,3.0,4.4,False,GBP
ORD-103478,2024-01-21,CUST-00958,Consumer,Central,Web,Office Supplies,Art,2,44.0,0.15,74.8,16.61,Same Day,1.0,3.3,False,GBP
ORD-104782,2025-01-26,CUST-00650,Corporate,East,Phone,Furniture,Furnishings,7,410.55,0.15,2442.77,828.1,First Class,5.0,3.0,False,GBP
ORD-101966,2024-02-23,CUST-01382,Consumer,West,Mobile App,Office Supplies,Binders,1,24.85,0.2,19.88,6.16,First Class,3.0,4.5,False,GBP
ORD-104121,2025-01-05,CUST-00386,Corporate,Central,Web,Technology,Phones,1,133.88,0.4,80.33,10.04,Second Class,6.0,5.0,False,GBP
ORD-103761,2024-12-10,CUST-00517,,South,Phone,Office Supplies,Binders,7,26.53,0.0,185.71,72.98,Standard,3.0,2.9,False,GBP
ORD-100649,2024-01-04,CUST-00012,,Central,Web,Technology,Copiers,7,240.78,0.3,1179.82,230.06,Second Class,3.0,5.0,False,GBP
ORD-100596,2024-03-15,CUST-00315,Consumer,South,Web,Furniture,Furnishings,4,160.46,0.0,641.84,285.62,Second Class,5.0,3.5,False,GBP
ORD-102826,2024-05-01,CUST-00965,,Central,Mobile App,Office Supplies,Paper,1,33.52,0.1,30.17,8.72,First Class,5.0,5.0,False,GBP
ORD-101590,2025-07-20,CUST-00089,Consumer,East,Marketplace,Office Supplies,Paper,3,15.18,0.0,45.54,14.71,Standard,3.0,2.6,False,GBP
ORD-102638,2024-05-20,CUST-00745,Corporate,North,Mobile App,Office Supplies,Art,8,53.24,0.3,298.14,42.93,Standard,8.0,3.8,False,GBP
ORD-101610,2024-10-23,CUST-01364,,East,Mobile App,Office Supplies,Labels,4,34.08,0.15,115.87,21.55,Second Class,4.0,3.2,False,GBP
ORD-102848,2024-02-13,CUST-00834,Consumer,West,Phone,Technology,Copiers,1,493.98,0.0,493.98,144.74,Second Class,4.0,3.2,False,GBP
ORD-100360,2025-11-15,CUST-00238,Consumer,West,Web,Furniture,Furnishings,5,359.95,0.4,1079.85,144.7,Standard,5.0,4.2,True,GBP
ORD-101123,2024-09-03,CUST-00451,Corporate,East,Web,Office Supplies,Storage,3,47.55,0.0,142.65,50.07,Standard,6.0,,False,GBP
ORD-102404,2024-06-08,CUST-00152,Home Office,South,Web,Office Supplies,Binders,8,35.01,0.4,168.05,15.29,Same Day,0.0,4.3,False,GBP
ORD-100395,2024-12-16,CUST-00288,Consumer,North,Marketplace,Furniture,Tables,8,483.94,0.1,3484.37,686.42,Standard,6.0,3.2,False,GBP
ORD-102378,2024-09-12,CUST-00689,,West,Web,Technology,Phones,1,94.24,0.3,65.97,14.71,Same Day,0.0,3.5,False,GBP
ORD-104843,2024-06-28,CUST-01306,Home Office,South,Phone,Technology,Phones,3,443.0,0.15,1129.65,457.51,Standard,5.0,3.6,False,GBP
ORD-100231,2024-03-25,CUST-00312,Consumer,East,Mobile App,Office Supplies,Storage,1,30.26,0.0,30.26,8.81,Second Class,5.0,3.6,True,GBP
ORD-100434,2024-11-02,CUST-00212,Home Office,South,Web,Technology,Machines,4,351.21,0.4,842.9,128.96,First Class,4.0,3.1,False,GBP
ORD-102873,2024-10-29,CUST-01398,Consumer,Central,Marketplace,Furniture,Tables,3,233.33,0.0,699.99,205.8,Standard,4.0,4.5,False,GBP
ORD-103171,2024-11-26,CUST-00517,Corporate,North,Web,Furniture,Furnishings,4,404.42,0.4,970.61,143.65,Standard,8.0,4.5,False,GBP
ORD-103426,2025-06-12,CUST-00024,Consumer,East,Marketplace,Technology,Accessories,6,374.82,0.3,1574.24,48.8,Second Class,4.0,4.1,False,GBP
ORD-104001,2025-09-07,CUST-00349,Consumer,Central,Phone,Furniture,Chairs,4,209.97,0.0,839.88,288.92,Second Class,3.0,4.4,True,GBP
ORD-104082,2024-09-10,CUST-00955,Consumer,Central,Web,Furniture,Chairs,1,439.77,0.2,351.82,77.4,Standard,6.0,2.1,False,GBP
ORD-102064,2024-09-09,CUST-00619,Corporate,Central,Web,Technology,Copiers,7,464.16,0.0,3249.12,1283.4,Same Day,0.0,3.9,False,GBP
ORD-101079,2024-05-05,CUST-00495,Home Office,Central,Phone,Technology,Copiers,1,332.83,0.3,232.98,22.83,First Class,3.0,,False,GBP
ORD-102855,2025-05-12,CUST-00254,Corporate,Central,Mobile App,Furniture,Chairs,5,431.73,0.0,2158.65,591.47,Second Class,3.0,5.0,False,GBP
ORD-104501,2024-11-30,CUST-01378,Consumer,Central,Web,Office Supplies,Labels,7,46.21,0.0,323.47,135.86,First Class,5.0,3.8,False,GBP
ORD-103559,2025-01-03,CUST-00043,Corporate,North,Web,Furniture,Furnishings,6,447.03,0.0,2682.18,1075.55,Second Class,3.0,3.6,False,GBP
ORD-101709,2024-02-04,CUST-01149,,Central,Web,Office Supplies,Paper,1,29.52,0.3,20.66,3.53,Same Day,0.0,5.0,False,GBP
ORD-104487,2025-04-04,CUST-00980,Home Office,Central,Web,Furniture,Tables,3,347.63,0.0,1042.89,480.77,Second Class,4.0,3.7,False,GBP
ORD-103520,2024-11-14,CUST-00031,Corporate,East,Marketplace,Technology,Accessories,8,246.36,0.15,1675.25,420.49,First Class,3.0,2.1,False,GBP
ORD-103670,2024-01-01,CUST-00813,,North,Marketplace,Office Supplies,Art,6,24.92,0.0,149.52,50.99,Standard,7.0,1.8,False,GBP
ORD-104604,2024-04-14,CUST-01088,Consumer,West,Web,Office Supplies,Binders,7,23.18,0.2,129.81,27.52,Standard,5.0,4.1,True,GBP
ORD-103804,2025-05-25,CUST-00726,Home Office,West,Web,Office Supplies,Paper,2,54.78,0.4,65.74,12.69,Second Class,7.0,,False,GBP
ORD-100193,2024-10-29,CUST-00403,,North,Web,Office Supplies,Paper,3,16.14,0.0,48.42,13.56,Standard,6.0,4.8,False,GBP
ORD-103353,2025-11-23,CUST-00109,Home Office,North,Marketplace,Office Supplies,Paper,3,28.94,0.0,86.82,30.82,Standard,7.0,3.4,False,GBP
ORD-103240,2024-08-06,CUST-01398,Consumer,East,Web,Office Supplies,Labels,8,25.53,0.15,173.6,59.37,Second Class,4.0,4.0,False,GBP
ORD-102239,2025-09-27,CUST-01392,Corporate,Central,Marketplace,Office Supplies,Storage,7,34.61,0.0,242.27,108.29,Standard,6.0,4.1,False,GBP
ORD-102563,2024-11-21,CUST-01141,Consumer,West,Web,Furniture,Tables,6,102.16,0.0,612.96,182.66,Standard,7.0,4.0,False,GBP
ORD-104638,2025-08-29,CUST-00229,,West,Web,Technology,Copiers,8,273.66,0.0,2189.28,669.92,Second Class,3.0,2.6,False,GBP
ORD-101260,2024-06-22,CUST-00080,Home Office,Central,Web,Office Supplies,Labels,6,15.32,0.0,91.92,41.09,Standard,6.0,2.2,False,GBP
ORD-101251,2024-03-29,CUST-01128,Consumer,West,Mobile App,Furniture,Tables,4,170.88,0.2,546.82,60.7,Same Day,2.0,5.0,False,GBP
ORD-101378,2025-04-12,CUST-01351,Corporate,West,Web,Technology,Phones,8,325.11,0.15,2210.75,347.09,First Class,2.0,3.9,False,GBP
ORD-103988,2024-11-04,CUST-00829,,West,Web,Furniture,Tables,6,144.79,0.15,738.43,206.02,Standard,7.0,3.5,False,GBP
ORD-100954,2024-05-09,CUST-00184,Home Office,East,Web,Office Supplies,Storage,6,58.0,0.4,208.8,49.28,Standard,7.0,4.6,False,GBP
ORD-103880,2024-05-13,CUST-00768,Corporate,East,Web,Furniture,Tables,1,198.77,0.4,119.26,11.09,Standard,4.0,4.7,False,GBP
ORD-102219,2025-12-12,CUST-00627,Corporate,East,Marketplace,Technology,Phones,8,474.91,0.0,3799.28,1626.09,Standard,3.0,3.6,False,GBP
ORD-103012,2024-12-23,CUST-00970,,East,Mobile App,Furniture,Furnishings,1,525.31,0.0,525.31,216.95,Standard,6.0,5.0,True,GBP
ORD-102293,2024-04-07,CUST-00236,Consumer,West,Web,Technology,Machines,3,941.87,0.15,2401.77,614.85,Same Day,1.0,4.6,False,GBP
ORD-101554,2025-05-08,CUST-00867,Corporate,Central,Web,Office Supplies,Paper,5,20.13,0.2,80.52,26.41,Second Class,5.0,4.8,False,GBP
ORD-101239,2024-09-15,CUST-00117,Home Office,South,Web,Office Supplies,Paper,6,10.85,0.15,55.33,12.34,Second Class,4.0,1.4,False,GBP
ORD-102890,2024-03-01,CUST-00882,Consumer,South,Mobile App,Furniture,Chairs,5,265.4,0.1,1194.3,267.52,First Class,5.0,3.4,False,GBP
ORD-101176,2024-05-29,CUST-00885,Consumer,Central,Mobile App,Furniture,Bookcases,7,192.41,0.15,1144.84,312.54,Second Class,4.0,3.3,False,GBP
ORD-104150,2024-11-16,CUST-01211,Home Office,West,Mobile App,Office Supplies,Paper,6,20.6,0.0,123.6,46.47,Standard,7.0,1.5,True,GBP
ORD-100003,2025-05-23,CUST-00351,Corporate,West,Mobile App,Furniture,Furnishings,8,710.92,0.4,3412.42,296.88,First Class,1.0,5.0,False,GBP
ORD-103796,2025-03-26,CUST-00110,Corporate,North,Web,Furniture,Tables,6,158.49,0.4,570.56,58.2,Second Class,5.0,4.1,False,GBP
ORD-101167,2025-10-21,CUST-00639,Consumer,East,Web,Technology,Copiers,8,453.35,0.0,3626.8,1323.78,Second Class,7.0,4.2,False,GBP
ORD-101813,2024-07-05,CUST-00272,Consumer,West,Marketplace,Furniture,Tables,7,287.05,0.3,1406.54,293.97,First Class,1.0,4.0,False,GBP
ORD-103522,2025-05-03,CUST-00508,Home Office,South,Web,Technology,Phones,5,536.32,0.15,2279.36,371.54,Standard,6.0,3.6,False,GBP
ORD-102143,2024-05-27,CUST-00700,Consumer,North,Web,Office Supplies,Storage,8,26.03,0.15,177.0,44.43,Standard,5.0,4.4,False,GBP
ORD-104049,2024-09-04,CUST-00601,,North,Web,Office Supplies,Art,6,7.35,0.0,44.1,10.45,First Class,2.0,4.6,False,GBP
ORD-100171,2025-01-24,CUST-01218,,East,Web,Office Supplies,Art,3,41.14,0.1,111.08,31.66,First Class,3.0,5.0,False,GBP
ORD-101034,2025-12-10,CUST-01043,Consumer,West,Mobile App,Furniture,Chairs,2,280.52,0.2,448.83,80.34,Standard,7.0,3.5,False,GBP
ORD-101826,2024-12-16,CUST-00313,Corporate,East,Mobile App,Office Supplies,Labels,4,27.24,0.4,65.38,11.64,Standard,5.0,2.8,False,GBP
ORD-101305,2025-01-21,CUST-00153,,East,Web,Furniture,Chairs,8,158.18,0.4,759.26,116.17,Standard,5.0,3.5,False,GBP
ORD-101733,2024-11-27,CUST-00803,Consumer,South,Web,Office Supplies,Labels,8,63.43,0.3,355.21,77.44,Same Day,1.0,,False,GBP
ORD-103823,2025-11-24,CUST-00883,Home Office,East,Web,Office Supplies,Binders,2,30.51,0.0,61.02,25.45,First Class,3.0,4.3,False,GBP
ORD-102128,2025-07-21,CUST-00324,Consumer,West,Mobile App,Office Supplies,Paper,4,18.05,0.0,72.2,23.9,Same Day,2.0,4.9,False,GBP
ORD-101162,2024-12-26,CUST-00839,,North,Web,Technology,Phones,5,132.76,0.0,663.8,257.55,Standard,8.0,4.4,False,GBP
ORD-100221,2024-10-29,CUST-01114,Corporate,South,Mobile App,Furniture,Chairs,8,369.09,0.4,1771.63,182.48,Standard,6.0,,False,GBP
ORD-102718,2024-11-12,CUST-00418,Consumer,North,Web,Office Supplies,Binders,5,31.65,0.3,110.78,16.84,Standard,8.0,3.1,False,GBP
ORD-101423,2025-05-18,CUST-01382,,West,Web,Office Supplies,Binders,3,31.5,0.2,75.6,22.91,Second Class,3.0,4.2,False,GBP
ORD-101775,2025-07-26,CUST-00015,Home Office,West,Mobile App,Technology,Machines,5,453.02,0.0,2265.1,747.48,Standard,6.0,4.2,False,GBP
ORD-100721,2025-09-18,CUST-00623,Consumer,North,Mobile App,Technology,Copiers,2,255.31,0.0,510.62,103.15,Same Day,1.0,5.0,False,GBP
ORD-100558,2025-10-19,CUST-01161,Consumer,South,Web,Furniture,Furnishings,2,77.23,0.3,108.12,16.43,Standard,6.0,3.5,False,GBP
ORD-102346,2024-03-12,CUST-00223,Consumer,West,Marketplace,Technology,Copiers,1,500.64,0.2,400.51,47.66,Standard,8.0,3.4,False,GBP
ORD-102721,2025-02-26,CUST-01052,Corporate,North,Web,Technology,Phones,8,496.71,0.15,3377.63,851.16,Standard,8.0,4.0,False,GBP
ORD-104132,2024-05-17,CUST-01293,Home Office,Central,Mobile App,Office Supplies,Art,8,24.98,0.15,169.86,49.6,Second Class,2.0,2.4,False,GBP
ORD-100957,2025-05-06,CUST-00154,Corporate,Central,Marketplace,Technology,Phones,3,441.5,0.0,1324.5,498.01,Second Class,3.0,3.9,False,GBP
ORD-104955,2025-05-21,CUST-01087,Consumer,Central,Mobile App,Office Supplies,Art,6,34.44,0.4,123.98,24.67,Standard,8.0,4.8,False,GBP
ORD-101946,2024-09-28,CUST-00283,Consumer,Central,Web,Furniture,Tables,2,220.99,0.15,375.68,98.8,Second Class,3.0,3.7,False,GBP
ORD-104656,2024-09-20,CUST-00943,Home Office,Central,Web,Technology,Accessories,1,1068.04,0.15,907.83,170.67,Second Class,3.0,5.0,False,GBP
ORD-101672,2025-12-07,CUST-00750,Consumer,North,Web,Furniture,Chairs,2,103.1,0.15,175.27,28.04,Standard,5.0,3.0,False,GBP
ORD-101772,2025-01-05,CUST-01317,Consumer,North,Web,Technology,Copiers,3,131.96,0.1,356.29,142.52,Standard,7.0,4.4,False,GBP
ORD-103773,2025-11-15,CUST-01034,Home Office,North,Mobile App,Office Supplies,Binders,6,16.09,0.0,96.54,32.63,Standard,5.0,4.0,False,GBP
ORD-103379,2025-07-19,CUST-00298,Corporate,West,Mobile App,Technology,Copiers,5,226.42,0.0,1132.1,350.95,Standard,7.0,2.2,False,GBP
ORD-100892,2024-03-29,CUST-00929,,South,Mobile App,Office Supplies,Labels,4,16.15,0.3,45.22,5.74,Standard,5.0,3.0,False,GBP
ORD-101597,2024-08-01,CUST-01336,Corporate,North,Marketplace,Office Supplies,Paper,3,50.02,0.0,150.06,49.22,Standard,8.0,,False,GBP
ORD-102246,2024-08-09,CUST-00880,,North,Web,Technology,Copiers,5,303.43,0.2,1213.72,311.93,Standard,6.0,2.9,False,GBP
ORD-102655,2025-07-10,CUST-00813,Consumer,South,Web,Office Supplies,Labels,2,14.71,0.1,26.48,3.05,First Class,6.0,3.7,False,GBP
ORD-100798,2024-09-03,CUST-00015,Corporate,Central,Marketplace,Office Supplies,Storage,6,12.69,0.0,76.14,29.77,First Class,3.0,3.3,False,GBP
ORD-102119,2024-05-27,CUST-00197,Consumer,West,Phone,Office Supplies,Art,7,17.66,0.0,123.62,41.54,Standard,6.0,3.8,False,GBP
ORD-104098,2024-12-02,CUST-00027,,South,Web,Furniture,Furnishings,2,410.5,0.1,738.9,237.93,Standard,9.0,3.4,False,GBP
ORD-104675,2025-02-26,CUST-00309,Corporate,Central,Web,Furniture,Tables,3,263.99,0.15,673.17,115.79,Standard,7.0,4.0,False,GBP
ORD-100110,2024-06-23,CUST-00393,Home Office,North,Web,Technology,Accessories,1,524.31,0.2,419.45,113.67,Standard,8.0,3.4,False,GBP
ORD-104775,2025-03-17,CUST-00004,Consumer,South,Web,Office Supplies,Paper,2,19.66,0.1,35.39,17.02,Same Day,0.0,4.7,False,GBP
ORD-104651,2025-02-21,CUST-01048,Consumer,West,Web,Furniture,Chairs,2,140.48,0.0,280.96,107.89,Same Day,0.0,3.9,False,GBP
ORD-100936,2025-08-12,CUST-01395,Consumer,South,Web,Technology,Machines,5,693.28,0.0,3466.4,1313.77,First Class,1.0,4.2,False,GBP
ORD-103791,2024-08-08,CUST-01379,Consumer,South,Web,Furniture,Chairs,2,365.35,0.1,657.63,185.45,Same Day,0.0,4.1,False,GBP
ORD-101077,2024-05-20,CUST-00719,Corporate,South,Marketplace,Office Supplies,Paper,5,17.85,0.0,89.25,32.84,Standard,6.0,5.0,True,GBP
ORD-103069,2024-03-04,CUST-01151,Home Office,North,Web,Technology,Copiers,2,282.6,0.4,339.12,64.77,Second Class,7.0,,False,GBP
ORD-104443,2024-01-10,CUST-00269,Consumer,North,Marketplace,Office Supplies,Paper,7,18.35,0.0,128.45,45.86,First Class,1.0,2.1,False,GBP
ORD-103989,2025-03-25,CUST-00141,Consumer,Central,Web,Office Supplies,Binders,1,28.41,0.0,28.41,11.51,Standard,6.0,4.4,False,GBP
ORD-102634,2025-05-24,CUST-01176,Consumer,South,Web,Office Supplies,Paper,5,50.85,0.4,152.55,30.82,Standard,5.0,3.8,False,GBP
ORD-104300,2025-03-08,CUST-00317,Consumer,South,Mobile App,Office Supplies,Storage,4,20.56,0.0,82.24,27.47,Standard,7.0,3.4,False,GBP
ORD-101479,2024-11-01,CUST-00689,Consumer,North,Web,Technology,Phones,1,304.81,0.1,274.33,95.74,Second Class,5.0,4.2,False,GBP
ORD-101830,2025-11-13,CUST-00471,Consumer,South,Phone,Furniture,Tables,3,155.93,0.0,467.79,160.45,Standard,7.0,3.7,False,GBP
ORD-101560,2024-08-10,CUST-00688,Consumer,North,Web,Technology,Machines,4,166.48,0.15,566.03,220.75,Standard,7.0,3.3,False,GBP
ORD-104767,2024-08-27,CUST-00562,Consumer,South,Marketplace,Office Supplies,Binders,2,32.83,0.4,39.4,2.99,Same Day,1.0,,False,GBP
ORD-104202,2024-11-11,CUST-01339,Consumer,South,Phone,Office Supplies,Binders,8,15.19,0.15,103.29,28.3,Standard,6.0,3.9,False,GBP
ORD-103769,2025-10-25,CUST-00893,Corporate,East,Phone,Furniture,Tables,8,237.43,0.3,1329.61,259.27,Standard,6.0,,False,GBP
ORD-100822,2024-04-22,CUST-00107,Consumer,West,Web,Technology,Copiers,2,143.16,0.0,286.32,66.71,Same Day,0.0,3.5,False,GBP
ORD-102150,2025-08-22,CUST-00670,Home Office,East,Marketplace,Office Supplies,Binders,2,33.17,0.1,59.71,25.44,Standard,6.0,4.2,False,GBP
ORD-100705,2025-01-23,CUST-00600,Consumer,North,Web,Furniture,Tables,3,467.19,0.0,1401.57,378.42,Standard,6.0,4.9,False,GBP
ORD-101091,2024-12-26,CUST-00598,,West,Web,Office Supplies,Labels,5,41.86,0.0,209.3,60.91,Standard,4.0,5.0,False,GBP
ORD-102810,2024-12-22,CUST-01334,Consumer,East,Mobile App,Office Supplies,Storage,5,21.3,0.0,106.5,44.09,Standard,6.0,2.9,False,GBP
ORD-100081,2024-04-18,CUST-00917,,North,Mobile App,Technology,Copiers,2,350.22,0.3,490.31,100.51,Second Class,7.0,3.3,False,GBP
ORD-102051,2024-03-13,CUST-00668,Consumer,Central,Mobile App,Office Supplies,Art,5,56.67,0.0,283.35,108.81,Standard,3.0,3.3,False,GBP
ORD-102781,2025-01-29,CUST-00710,Consumer,South,Marketplace,Technology,Copiers,5,291.4,0.15,1238.45,121.37,Standard,8.0,2.9,False,GBP
ORD-103671,2025-07-14,CUST-00771,Consumer,North,Mobile App,Furniture,Bookcases,7,438.5,0.0,3069.5,598.55,Second Class,8.0,3.1,False,GBP
ORD-104613,2024-05-23,CUST-01381,,Central,Mobile App,Technology,Copiers,5,306.33,0.2,1225.32,284.27,Standard,7.0,3.3,False,GBP
ORD-104559,2025-11-01,CUST-00805,,West,Marketplace,Technology,Phones,1,356.51,0.4,213.91,36.36,Standard,3.0,4.0,False,GBP
ORD-102700,2025-06-25,CUST-00473,Consumer,South,Web,Office Supplies,Art,7,62.9,0.2,352.24,108.84,Second Class,4.0,4.1,True,GBP
ORD-102908,2024-12-23,CUST-00428,Corporate,South,Phone,Office Supplies,Art,7,41.25,0.0,288.75,133.69,Second Class,3.0,4.6,False,GBP
ORD-102120,2025-11-12,CUST-01006,Consumer,South,Web,Office Supplies,Storage,5,49.45,0.0,247.25,51.68,Second Class,5.0,4.2,False,GBP
ORD-101470,2024-07-31,CUST-00854,,Central,Mobile App,Furniture,Furnishings,3,244.84,0.1,661.07,263.11,Standard,6.0,,False,GBP
ORD-103095,2025-01-31,CUST-01092,Consumer,South,Mobile App,Technology,Copiers,5,250.45,0.15,1064.41,341.68,Second Class,2.0,3.1,True,GBP
ORD-104399,2024-05-18,CUST-00720,Consumer,Central,Mobile App,Technology,Phones,2,254.07,0.0,508.14,186.49,First Class,4.0,4.0,False,GBP
ORD-101507,2025-04-10,CUST-00885,Consumer,North,Mobile App,Technology,Phones,1,204.09,0.15,173.48,18.39,Same Day,,4.5,False,GBP
ORD-102699,2024-03-14,CUST-00789,Corporate,East,Mobile App,Office Supplies,Storage,8,25.44,0.15,172.99,48.44,First Class,3.0,4.0,False,GBP
ORD-101087,2025-06-12,CUST-00194,Consumer,West,Web,Office Supplies,Binders,5,50.87,0.0,254.35,76.3,First Class,4.0,5.0,False,GBP
ORD-102455,2024-08-01,CUST-00117,Consumer,East,Mobile App,Office Supplies,Art,6,9.47,0.2,45.46,7.36,First Class,3.0,3.1,False,GBP
ORD-102605,2025-11-14,CUST-00764,,Central,Web,Technology,Machines,6,205.74,0.3,864.11,146.03,Second Class,5.0,3.8,False,GBP
ORD-103450,2024-05-20,CUST-00495,Consumer,South,Mobile App,Office Supplies,Storage,8,28.32,0.15,192.58,44.1,Standard,7.0,3.2,False,GBP
ORD-101004,2024-11-07,CUST-01041,Consumer,North,Web,Furniture,Furnishings,3,210.02,0.0,630.06,156.25,First Class,4.0,5.0,False,GBP
ORD-101580,2024-05-20,CUST-01315,Corporate,East,Web,Technology,Machines,2,245.69,0.0,491.38,106.63,Same Day,2.0,4.6,False,GBP
ORD-103290,2025-01-26,CUST-01281,,Central,Mobile App,Furniture,Bookcases,1,287.91,0.1,259.12,68.67,Standard,8.0,3.0,False,GBP
ORD-101022,2024-04-18,CUST-01206,Consumer,South,Web,Office Supplies,Labels,2,22.04,0.3,1234.4,4.51,Second Class,5.0,4.0,False,GBP
ORD-100028,2024-02-03,CUST-01080,Consumer,Central,Mobile App,Office Supplies,Paper,1,18.51,0.2,14.81,2.21,First Class,1.0,3.5,False,GBP
ORD-104301,2025-08-06,CUST-00933,Consumer,West,Mobile App,Furniture,Furnishings,6,212.42,0.0,1274.52,512.36,Standard,7.0,3.7,False,GBP
ORD-104543,2024-08-22,CUST-01297,Consumer,North,Mobile App,Technology,Machines,2,907.13,0.1,1632.83,418.0,Standard,5.0,4.4,False,GBP
ORD-101693,2025-06-13,CUST-01160,Consumer,East,Mobile App,Technology,Accessories,4,333.09,0.3,932.65,246.22,Standard,6.0,4.2,False,GBP
ORD-101777,2025-07-29,CUST-00689,Corporate,East,Web,Office Supplies,Storage,2,39.28,0.1,70.7,17.68,First Class,2.0,4.3,False,GBP
ORD-104404,2025-11-17,CUST-00236,Consumer,North,Mobile App,Office Supplies,Labels,8,33.34,0.4,160.03,2.4,Standard,6.0,3.4,False,GBP
ORD-103008,2025-05-18,CUST-00481,Consumer,West,Mobile App,Office Supplies,Labels,4,41.81,0.15,142.15,30.7,Standard,4.0,4.9,False,GBP
ORD-102069,2025-07-13,CUST-00816,Corporate,Central,Web,Furniture,Bookcases,1,93.65,0.2,74.92,8.17,Standard,7.0,3.3,False,GBP
ORD-101635,2025-12-20,CUST-00576,Home Office,West,Web,Furniture,Chairs,7,196.85,0.15,1171.26,316.24,First Class,1.0,3.3,False,GBP
ORD-104123,2024-11-20,CUST-01202,Corporate,East,Web,Office Supplies,Binders,1,49.11,0.4,29.47,9.11,First Class,5.0,3.6,False,GBP
ORD-102504,2024-10-11,CUST-00925,Consumer,South,Web,Office Supplies,Storage,2,50.02,0.2,80.03,30.57,Same Day,0.0,3.3,False,GBP
ORD-104786,2024-09-07,CUST-00058,Consumer,Central,Web,Furniture,Chairs,6,140.93,0.1,761.02,223.74,Standard,6.0,3.2,False,GBP
ORD-102577,2025-04-14,CUST-01081,Consumer,East,Web,Office Supplies,Storage,8,57.02,0.4,273.7,61.31,Same Day,1.0,3.7,True,GBP
ORD-103822,2025-07-24,CUST-01062,,North,Web,Office Supplies,Art,5,28.55,0.4,85.65,18.33,First Class,3.0,3.3,False,GBP
ORD-100538,2024-03-16,CUST-00763,Corporate,Central,Marketplace,Technology,Copiers,6,312.91,0.15,1595.84,209.06,Same Day,3.0,4.2,True,GBP
ORD-100253,2024-08-23,CUST-00325,Consumer,Central,Web,Furniture,Tables,5,76.42,0.0,382.1,111.96,Second Class,3.0,2.6,False,GBP
ORD-100399,2024-02-28,CUST-00433,,Central,Mobile App,Office Supplies,Labels,7,29.21,0.0,204.47,71.16,Standard,5.0,2.8,False,GBP
ORD-101837,2024-07-29,CUST-00962,Consumer,Central,Mobile App,Furniture,Chairs,4,256.2,0.0,1024.8,300.27,Standard,7.0,3.8,False,GBP
ORD-101815,2024-05-22,CUST-01392,Consumer,Central,Web,Technology,Machines,8,164.26,0.0,1314.08,404.74,Standard,7.0,4.5,False,GBP
ORD-102324,2024-09-14,CUST-00096,Consumer,West,Mobile App,Technology,Accessories,6,540.15,0.0,3240.9,1017.64,Standard,6.0,4.2,False,GBP
ORD-101974,2025-12-21,CUST-00981,Corporate,South,Phone,Technology,Copiers,3,437.38,0.2,1049.71,261.38,Standard,6.0,3.1,False,GBP
ORD-100909,2025-01-08,CUST-00300,Consumer,Central,Mobile App,Furniture,Bookcases,3,217.4,0.1,586.98,119.74,Standard,6.0,2.6,False,GBP
ORD-103934,2024-10-24,CUST-01215,Corporate,South,Web,Office Supplies,Art,4,47.91,0.0,191.64,76.85,Standard,6.0,4.5,False,GBP
ORD-103378,2024-10-16,CUST-01196,Corporate,West,Phone,Technology,Phones,7,710.43,0.1,4475.71,1852.94,Standard,8.0,,False,GBP
ORD-104129,2024-06-24,CUST-01331,Consumer,North,Web,Technology,Machines,1,1974.07,0.0,1974.07,915.97,Standard,7.0,4.4,False,GBP
ORD-103453,2024-08-10,CUST-00851,Consumer,West,Mobile App,Office Supplies,Binders,6,44.09,0.15,224.86,32.15,Second Class,5.0,4.4,False,GBP
ORD-102398,2024-02-15,CUST-01342,Corporate,Central,Marketplace,Office Supplies,Storage,4,50.01,0.4,120.02,26.76,Standard,4.0,4.0,False,GBP
ORD-101736,2025-04-18,CUST-01129,Consumer,East,Mobile App,Furniture,Chairs,7,440.41,0.3,2158.01,494.18,Standard,7.0,3.3,False,GBP
ORD-104506,2024-06-27,CUST-00629,,South,Mobile App,Office Supplies,Binders,2,26.55,0.0,53.1,19.65,Standard,4.0,3.6,False,GBP
ORD-104391,2025-12-27,CUST-00661,Home Office,Central,Mobile App,Technology,Phones,6,199.27,0.15,1016.28,283.54,Standard,7.0,3.2,False,GBP
ORD-103057,2025-10-26,CUST-00506,Consumer,South,Mobile App,Office Supplies,Art,5,14.61,0.0,73.05,24.54,Standard,4.0,3.5,False,GBP
ORD-103652,2024-05-04,CUST-00734,Consumer,South,Web,Furniture,Bookcases,4,124.83,0.0,499.32,150.79,Standard,,2.2,False,GBP
ORD-100839,2025-08-05,CUST-00720,,East,Web,Office Supplies,Art,8,32.09,0.1,231.05,61.0,Standard,2.0,3.7,False,GBP
ORD-101177,2024-05-22,CUST-00508,Consumer,East,Marketplace,Technology,Copiers,4,975.57,0.3,2731.6,524.47,Standard,7.0,4.9,False,GBP
ORD-100842,2025-11-01,CUST-00605,Corporate,East,Web,Office Supplies,Paper,4,39.98,0.0,159.92,49.42,Second Class,1.0,3.8,False,GBP
ORD-100476,2024-05-26,CUST-00348,Consumer,South,Web,Office Supplies,Storage,4,27.86,0.0,111.44,41.12,Standard,7.0,4.5,False,GBP
ORD-101379,2025-12-24,CUST-00379,Consumer,East,Mobile App,Office Supplies,Labels,6,41.44,0.4,149.18,21.18,Second Class,3.0,4.8,False,GBP
ORD-100599,2024-12-03,CUST-00865,Consumer,North,Mobile App,Office Supplies,Paper,5,57.77,0.3,202.2,32.15,Second Class,4.0,3.8,False,GBP
ORD-102989,2025-08-28,CUST-00896,Corporate,West,Web,Furniture,Furnishings,7,228.68,0.4,960.46,97.97,Standard,7.0,2.8,False,GBP
ORD-102072,2025-10-05,CUST-00193,Corporate,West,Web,Furniture,Bookcases,5,312.77,0.2,1251.08,359.06,Standard,7.0,3.9,False,GBP
ORD-104792,2024-01-11,CUST-00320,Corporate,Central,Marketplace,Office Supplies,Art,6,19.76,0.1,106.7,14.94,Second Class,4.0,3.6,False,GBP
ORD-103163,2025-02-19,CUST-00582,Corporate,East,Web,Technology,Machines,7,641.61,0.2,3593.02,941.37,Standard,2.0,3.6,False,GBP
ORD-101849,2025-09-08,CUST-00684,Home Office,South,Web,Technology,Accessories,6,936.57,0.2,4495.54,1375.64,Standard,7.0,,False,GBP
ORD-102813,2024-07-14,CUST-00798,Corporate,South,Marketplace,Furniture,Furnishings,7,342.41,0.3,1677.81,261.74,First Class,1.0,5.0,False,GBP
ORD-103733,2024-05-27,CUST-00872,Home Office,West,Mobile App,Technology,Copiers,8,696.84,0.2,4459.78,749.24,Second Class,4.0,4.5,False,GBP
ORD-103253,2024-09-15,CUST-00196,,North,Marketplace,Office Supplies,Labels,2,19.62,0.0,39.24,12.67,Second Class,4.0,4.1,False,GBP
ORD-101146,2024-01-27,CUST-01030,Home Office,East,Marketplace,Technology,Copiers,5,178.23,0.3,623.8,58.01,First Class,0.0,4.0,False,GBP
ORD-100273,2024-03-01,CUST-00019,Consumer,North,Marketplace,Technology,Copiers,3,369.31,0.0,1107.93,470.87,Standard,5.0,3.3,True,GBP
ORD-103855,2024-07-16,CUST-01065,Consumer,North,Web,Office Supplies,Binders,5,50.38,0.4,151.14,28.26,First Class,6.0,3.2,False,GBP
ORD-101783,2025-10-02,CUST-00024,Consumer,East,Web,Office Supplies,Art,6,17.98,0.15,91.7,19.17,Standard,7.0,3.3,False,GBP
ORD-103380,2025-06-14,CUST-00793,Consumer,Central,Phone,Technology,Copiers,3,662.55,0.0,1987.65,610.21,Standard,5.0,,False,GBP
ORD-104441,2024-04-13,CUST-00659,Consumer,West,Web,Office Supplies,Paper,3,69.78,0.4,125.6,7.91,Standard,7.0,5.0,False,GBP
ORD-104714,2024-03-24,CUST-00490,Home Office,West,Mobile App,Office Supplies,Art,3,43.14,0.0,129.42,46.85,Standard,6.0,4.0,False,GBP
ORD-102703,2025-11-09,CUST-00402,,West,Web,Office Supplies,Paper,1,13.92,0.4,8.35,1.29,First Class,1.0,3.5,True,GBP
ORD-103533,2025-07-31,CUST-01137,Consumer,South,Web,Furniture,Bookcases,7,500.68,0.1,3154.28,813.8,Same Day,2.0,5.0,False,GBP
ORD-102248,2025-08-20,CUST-00338,Home Office,East,Web,Office Supplies,Binders,4,25.57,0.2,81.82,27.33,Second Class,4.0,3.0,False,GBP
ORD-101878,2025-12-07,CUST-00182,Home Office,West,Mobile App,Office Supplies,Binders,4,13.9,0.1,50.04,12.61,Second Class,,4.9,False,GBP
ORD-104860,2024-01-11,CUST-01089,Consumer,North,Web,Technology,Phones,8,225.88,0.2,1445.63,380.2,Second Class,2.0,4.1,False,GBP
ORD-101691,2025-04-27,CUST-00703,Corporate,Central,Phone,Furniture,Furnishings,2,410.07,0.4,492.08,115.15,First Class,3.0,3.0,True,GBP
ORD-103711,2024-08-12,CUST-00840,Consumer,Central,Web,Office Supplies,Storage,3,22.65,0.1,61.15,15.17,Second Class,4.0,4.4,False,GBP
ORD-102335,2024-11-19,CUST-00781,Corporate,South,Web,Office Supplies,Art,2,19.06,0.3,26.68,4.96,Second Class,6.0,3.4,False,GBP
ORD-101298,2024-06-06,CUST-00155,Corporate,South,Phone,Office Supplies,Labels,2,39.63,0.0,79.26,29.48,Same Day,0.0,4.4,False,GBP
ORD-104292,2024-02-13,CUST-00460,,North,Web,Office Supplies,Labels,1,27.0,0.1,24.3,7.27,Standard,6.0,4.5,False,GBP
ORD-102612,2024-12-13,CUST-01398,Home Office,West,Mobile App,Technology,Phones,1,177.16,0.0,177.16,59.53,First Class,6.0,3.2,False,GBP
ORD-102420,2024-09-22,CUST-01333,Consumer,West,Mobile App,Office Supplies,Storage,4,85.01,0.0,340.04,130.24,Second Class,6.0,3.3,False,GBP
ORD-101368,2024-03-26,CUST-00956,Corporate,South,Marketplace,Office Supplies,Storage,7,21.19,0.0,148.33,66.9,First Class,3.0,4.4,False,GBP
ORD-102212,2024-08-15,CUST-00364,Consumer,Central,Web,Technology,Phones,7,370.53,0.0,2593.71,1040.08,First Class,2.0,5.0,False,GBP
ORD-100750,2024-10-23,CUST-00722,Home Office,East,Mobile App,Office Supplies,Art,4,28.13,0.0,112.52,32.52,Standard,5.0,5.0,False,GBP
ORD-100739,2025-06-23,CUST-00896,Consumer,West,Mobile App,Furniture,Bookcases,1,202.8,0.4,121.68,21.17,Standard,7.0,2.2,False,GBP
ORD-103162,2025-10-26,CUST-01247,Consumer,West,Mobile App,Furniture,Bookcases,8,198.24,0.15,53921.2,165.81,Standard,6.0,3.5,False,GBP
ORD-104781,2024-09-06,CUST-01118,Corporate,North,Marketplace,Technology,Accessories,2,550.06,0.15,935.1,221.62,Second Class,6.0,5.0,False,GBP
ORD-102125,2025-03-14,CUST-00114,,South,Web,Furniture,Bookcases,7,378.09,0.4,1587.98,127.04,First Class,3.0,3.4,False,GBP
ORD-104828,2024-08-19,CUST-01352,,North,Web,Furniture,Furnishings,6,350.96,0.0,2105.76,850.73,Second Class,3.0,3.2,False,GBP
ORD-104260,2025-03-01,CUST-00375,Consumer,West,Web,Furniture,Bookcases,3,153.05,0.2,367.32,99.54,Same Day,1.0,3.7,False,GBP
ORD-100307,2025-05-16,CUST-00166,Corporate,North,Mobile App,Office Supplies,Labels,5,19.69,0.3,68.91,15.5,First Class,3.0,3.6,True,GBP
ORD-104419,2025-10-07,CUST-00966,Consumer,Central,Web,Technology,Machines,1,411.8,0.4,247.08,37.31,Standard,9.0,3.2,False,GBP
ORD-104701,2025-12-27,CUST-01309,Home Office,South,Mobile App,Furniture,Furnishings,2,247.13,0.15,420.12,125.62,First Class,3.0,4.0,True,GBP
ORD-104661,2024-12-12,CUST-00438,Corporate,West,Web,Office Supplies,Binders,6,35.64,0.15,181.76,61.8,Second Class,,3.2,False,GBP
ORD-104527,2025-02-10,CUST-00036,Consumer,East,Mobile App,Office Supplies,Binders,3,24.22,0.0,72.66,14.31,Standard,4.0,4.3,False,GBP
ORD-101097,2024-09-10,CUST-01031,Consumer,Central,Mobile App,Office Supplies,Binders,5,21.9,0.0,109.5,33.94,Standard,6.0,3.2,False,GBP
ORD-103015,2024-12-02,CUST-01223,,East,Web,Office Supplies,Art,8,36.73,0.3,205.69,8.64,Standard,7.0,3.5,False,GBP
ORD-100095,2025-01-20,CUST-01080,,South,Phone,Technology,Copiers,7,143.91,0.2,805.9,241.77,Standard,7.0,5.0,False,GBP
ORD-103114,2024-08-12,CUST-00588,Consumer,East,Web,Furniture,Tables,8,389.45,0.4,1869.36,229.93,Standard,5.0,,False,GBP
ORD-102854,2025-06-11,CUST-00075,Corporate,Central,Mobile App,Office Supplies,Labels,7,40.3,0.15,239.78,57.07,Second Class,7.0,3.3,False,GBP
ORD-104715,2025-01-09,CUST-00201,Consumer,West,Web,Office Supplies,Storage,3,47.72,0.0,143.16,38.94,Standard,7.0,2.6,False,GBP
ORD-103320,2025-08-14,CUST-01002,Corporate,South,Mobile App,Office Supplies,Binders,8,25.77,0.1,185.54,41.0,Standard,5.0,5.0,True,GBP
ORD-100379,2025-01-26,CUST-00886,Consumer,South,Web,Technology,Copiers,7,193.75,0.2,1085.0,294.04,Same Day,1.0,4.7,True,GBP
ORD-103510,2025-03-10,CUST-00062,Consumer,East,Marketplace,Office Supplies,Binders,7,33.8,0.0,236.6,82.34,Second Class,6.0,2.4,False,GBP
ORD-104798,2024-02-05,CUST-01015,Corporate,South,Marketplace,Office Supplies,Storage,7,26.16,0.0,183.12,54.57,Standard,7.0,4.1,False,GBP
ORD-102628,2024-01-20,CUST-00222,Corporate,East,Mobile App,Furniture,Chairs,3,658.59,0.2,1580.62,355.64,Standard,5.0,4.4,True,GBP
ORD-100697,2024-04-05,CUST-00073,Consumer,West,Marketplace,Office Supplies,Binders,1,11.67,0.0,11.67,4.11,Second Class,2.0,4.8,False,GBP
ORD-104374,2024-10-28,CUST-00487,Corporate,South,Marketplace,Technology,Machines,7,376.21,0.15,2238.45,429.78,First Class,2.0,4.6,False,GBP
ORD-100432,2024-09-01,CUST-01008,Corporate,North,Marketplace,Office Supplies,Storage,8,13.68,0.4,65.66,10.18,Standard,5.0,2.9,False,GBP
ORD-103537,2024-02-22,CUST-01264,Consumer,West,Mobile App,Office Supplies,Binders,4,26.46,0.0,105.84,31.54,Second Class,6.0,,False,GBP
ORD-102836,2024-01-18,CUST-00826,Consumer,North,Web,Furniture,Chairs,3,1032.01,0.15,2631.63,713.17,Standard,3.0,4.2,False,GBP
ORD-103607,2024-12-26,CUST-01086,Corporate,West,Web,Office Supplies,Labels,1,17.66,0.2,14.13,2.74,Same Day,3.0,3.9,False,GBP
ORD-100981,2024-08-16,CUST-00437,Home Office,North,Mobile App,Office Supplies,Art,2,38.25,0.4,45.9,6.66,Second Class,4.0,3.4,False,GBP
ORD-102252,2025-06-20,CUST-00909,Consumer,North,Mobile App,Office Supplies,Art,1,20.86,0.3,14.6,1.45,Second Class,3.0,4.9,False,GBP
ORD-101406,2025-11-25,CUST-00744,Corporate,West,Phone,Office Supplies,Storage,5,14.64,0.2,58.56,14.0,First Class,4.0,3.0,False,GBP
ORD-102517,2024-06-24,CUST-01250,Consumer,Central,Marketplace,Office Supplies,Paper,7,48.3,0.15,287.38,68.11,Standard,4.0,1.9,False,GBP
ORD-102225,2024-09-19,CUST-00023,Consumer,North,Mobile App,Office Supplies,Art,3,19.77,0.15,50.41,11.44,Second Class,3.0,3.2,False,GBP
ORD-100060,2024-04-27,CUST-00208,Consumer,East,Web,Office Supplies,Art,5,40.62,0.0,203.1,76.16,Standard,6.0,,False,GBP
ORD-100131,2025-06-04,CUST-00096,Consumer,North,Mobile App,Office Supplies,Labels,4,84.92,0.15,288.73,107.41,First Class,1.0,3.3,False,GBP
ORD-103549,2024-11-16,CUST-00984,Consumer,North,Mobile App,Office Supplies,Art,6,21.21,0.3,89.08,17.82,Standard,8.0,2.9,False,GBP
ORD-101302,2024-02-17,CUST-00465,,South,Mobile App,Furniture,Furnishings,5,313.56,0.0,1567.8,644.37,Second Class,3.0,,False,GBP
ORD-101544,2025-06-06,CUST-01330,Consumer,South,Mobile App,Office Supplies,Art,7,30.78,0.2,172.37,24.99,Standard,6.0,4.2,True,GBP
ORD-102659,2025-10-07,CUST-01027,Consumer,East,Mobile App,Technology,Machines,7,291.28,0.1,1835.06,297.28,Second Class,1.0,4.0,False,GBP
ORD-102771,2025-06-14,CUST-00055,Consumer,South,Web,Office Supplies,Storage,2,63.98,0.3,89.57,29.29,Standard,6.0,4.8,False,GBP
ORD-100816,2024-07-26,CUST-01074,Consumer,South,Phone,Office Supplies,Binders,1,29.42,0.1,26.48,6.14,Second Class,3.0,3.9,False,GBP
ORD-100646,2024-03-05,CUST-00509,Consumer,West,Mobile App,Office Supplies,Storage,5,57.92,0.0,289.6,77.03,Second Class,3.0,4.4,False,GBP
ORD-103600,2024-10-04,CUST-00565,Consumer,West,Mobile App,Office Supplies,Storage,7,15.66,0.0,109.62,31.35,Standard,7.0,3.9,False,GBP
ORD-101139,2025-05-18,CUST-00661,Home Office,South,Mobile App,Office Supplies,Paper,4,54.73,0.0,218.92,64.14,First Class,3.0,3.7,False,GBP
ORD-103228,2025-09-15,CUST-01081,Consumer,Central,Mobile App,Office Supplies,Labels,3,27.36,0.1,73.87,22.68,Same Day,2.0,3.0,True,GBP
ORD-103978,2025-01-29,CUST-01199,Home Office,North,Web,Furniture,Furnishings,3,229.25,0.4,412.65,77.99,Standard,5.0,5.0,False,GBP
ORD-101592,2024-12-29,CUST-00895,Consumer,North,Web,Furniture,Furnishings,3,472.8,0.0,1418.4,411.34,Same Day,2.0,3.1,False,GBP
ORD-102027,2025-02-16,CUST-00909,Consumer,Central,Web,Furniture,Chairs,2,224.82,0.15,382.19,97.46,Second Class,2.0,,False,GBP
ORD-104853,2024-12-26,CUST-00768,Consumer,West,Mobile App,Office Supplies,Storage,8,13.92,0.3,77.95,18.63,First Class,2.0,4.2,True,GBP
ORD-103140,2024-12-07,CUST-01355,Consumer,West,Mobile App,Furniture,Bookcases,7,161.06,0.3,789.19,156.26,Standard,,4.1,False,GBP
ORD-104358,2025-05-25,CUST-00599,Consumer,East,Mobile App,Technology,Machines,5,480.93,0.0,2404.65,697.35,Standard,5.0,3.0,False,GBP
ORD-102032,2025-09-06,CUST-00585,Consumer,East,Mobile App,Furniture,Chairs,5,288.35,0.4,865.05,106.4,Second Class,2.0,4.4,False,GBP
ORD-104189,2025-09-16,CUST-00941,Home Office,North,Mobile App,Office Supplies,Paper,7,16.5,0.15,98.18,29.26,Standard,,2.8,False,GBP
ORD-104821,2024-12-02,CUST-00651,,West,Marketplace,Technology,Accessories,4,263.38,0.0,1053.52,346.61,Standard,5.0,3.0,False,GBP
ORD-101792,2025-11-03,CUST-00411,,South,Marketplace,Technology,Machines,1,361.34,0.15,307.14,45.76,Second Class,4.0,4.7,True,GBP
ORD-101343,2024-04-18,CUST-01077,,North,Mobile App,Office Supplies,Art,7,45.94,0.0,321.58,93.58,Standard,7.0,3.4,True,GBP
ORD-104118,2025-05-18,CUST-00719,Corporate,Central,Web,Furniture,Tables,3,367.18,0.4,660.92,89.22,Standard,7.0,3.4,False,GBP
ORD-102965,2025-07-02,CUST-00215,Consumer,East,Mobile App,Furniture,Tables,1,311.28,0.0,311.28,80.0,Standard,8.0,3.8,False,GBP
ORD-102949,2024-02-04,CUST-00652,Corporate,Central,Web,Technology,Accessories,7,284.33,0.1,1791.28,530.22,Standard,8.0,3.0,False,GBP
ORD-101111,2025-06-07,CUST-00668,Consumer,East,Web,Office Supplies,Paper,6,28.92,0.0,173.52,57.26,Same Day,2.0,4.4,False,GBP
ORD-104022,2025-01-15,CUST-00977,Consumer,Central,Web,Technology,Phones,7,485.94,0.0,3401.58,1326.62,Second Class,4.0,3.1,True,GBP
ORD-101283,2024-05-20,CUST-01273,Home Office,West,Marketplace,Furniture,Tables,7,357.43,0.15,2126.71,567.83,Same Day,1.0,4.6,False,GBP
ORD-104144,2025-05-13,CUST-00595,Consumer,Central,Web,Furniture,Tables,8,177.28,0.0,1418.24,443.91,Second Class,6.0,3.6,False,GBP
ORD-103938,2024-03-11,CUST-00879,Consumer,Central,Mobile App,Office Supplies,Art,3,36.0,0.0,108.0,39.31,Standard,7.0,3.3,False,GBP
ORD-100688,2025-12-04,CUST-00755,Home Office,East,Mobile App,Office Supplies,Labels,5,77.16,0.2,308.64,57.72,Second Class,4.0,4.8,False,GBP
ORD-103311,2024-03-15,CUST-00263,Consumer,West,Web,Furniture,Chairs,7,266.75,0.3,1307.07,248.34,Second Class,5.0,3.8,False,GBP
ORD-103355,2025-01-14,CUST-00097,Consumer,East,Mobile App,Technology,Machines,8,109.54,0.1,788.69,205.85,Standard,5.0,2.9,False,GBP
ORD-104331,2025-06-17,CUST-00718,Consumer,West,Web,Furniture,Tables,4,161.11,0.0,644.44,184.95,Standard,6.0,4.8,True,GBP
ORD-104069,2025-08-31,CUST-01261,Consumer,Central,Web,Office Supplies,Art,5,22.33,0.0,111.65,16.75,Second Class,6.0,3.7,False,GBP
ORD-103816,2025-05-11,CUST-01021,Consumer,South,Mobile App,Furniture,Bookcases,5,670.87,0.0,3354.35,1304.84,Standard,4.0,4.3,False,GBP
ORD-100482,2024-02-16,CUST-01283,Consumer,North,Marketplace,Office Supplies,Art,2,14.31,0.0,28.62,9.42,First Class,1.0,4.5,False,GBP
ORD-101107,2025-12-13,CUST-00717,Consumer,North,Marketplace,Furniture,Tables,2,153.24,0.4,183.89,16.0,First Class,6.0,3.3,False,GBP
ORD-103044,2024-06-05,CUST-00111,Corporate,East,Marketplace,Office Supplies,Labels,7,31.09,0.15,184.99,69.74,Same Day,2.0,3.1,False,GBP
ORD-100117,2025-01-28,CUST-00348,Corporate,North,Mobile App,Furniture,Tables,7,151.09,0.0,1057.63,546.79,Standard,6.0,4.0,False,GBP
ORD-103273,2024-03-02,CUST-00256,Consumer,Central,Marketplace,Furniture,Chairs,4,1201.6,0.15,4085.44,522.94,Same Day,2.0,3.6,False,GBP
ORD-104514,2025-08-11,CUST-00305,Corporate,Central,Web,Office Supplies,Labels,7,14.72,0.0,103.04,32.05,Second Class,5.0,3.2,False,GBP
ORD-100334,2025-10-24,CUST-00411,Consumer,South,Web,Technology,Machines,2,1342.29,0.1,2416.12,608.86,Second Class,5.0,3.8,False,GBP
ORD-104983,2025-12-20,CUST-00801,,West,Mobile App,Office Supplies,Binders,4,29.42,0.0,117.68,49.43,Standard,,2.4,False,GBP
ORD-103952,2025-09-09,CUST-00950,,East,Web,Technology,Accessories,5,1543.44,0.2,6173.76,753.2,First Class,4.0,3.6,False,GBP
ORD-101990,2025-03-23,CUST-00367,,South,Web,Furniture,Chairs,5,107.22,0.4,321.66,26.38,Same Day,4.0,4.2,False,GBP
ORD-100363,2025-12-16,CUST-00936,,North,Mobile App,Office Supplies,Storage,3,23.57,0.0,70.71,24.61,Standard,6.0,3.2,False,GBP
ORD-100494,2024-01-02,CUST-00532,Corporate,North,Mobile App,Office Supplies,Storage,3,56.38,0.2,135.31,33.83,Second Class,6.0,4.8,False,GBP
ORD-101211,2025-10-26,CUST-00780,Consumer,Central,Web,Furniture,Chairs,4,431.93,0.15,1468.56,236.44,Standard,3.0,4.3,False,GBP
ORD-104653,2024-08-07,CUST-00474,Consumer,South,Mobile App,Furniture,Tables,2,235.69,0.2,377.1,92.77,Standard,7.0,3.6,True,GBP
ORD-104313,2024-05-27,CUST-01058,Corporate,East,Mobile App,Office Supplies,Labels,4,33.67,0.15,114.48,31.14,Second Class,,4.1,False,GBP
ORD-104273,2025-10-20,CUST-00763,,East,Web,Office Supplies,Art,8,36.48,0.2,233.47,85.92,Second Class,3.0,,False,GBP
ORD-103055,2024-04-12,CUST-00104,,East,Web,Furniture,Tables,5,276.88,0.15,1176.74,338.9,Standard,5.0,4.0,False,GBP
ORD-102961,2025-06-30,CUST-01360,,Central,Web,Office Supplies,Binders,8,25.87,0.0,206.96,69.54,Second Class,4.0,2.3,False,GBP
ORD-101145,2024-01-06,CUST-00381,Consumer,Central,Mobile App,Office Supplies,Paper,1,8.5,0.0,8.5,2.64,Standard,5.0,,True,GBP
ORD-102039,2024-06-27,CUST-01211,Corporate,South,Marketplace,Technology,Copiers,1,528.41,0.3,369.89,68.06,Standard,5.0,4.2,False,GBP
ORD-103499,2025-04-09,CUST-00134,Corporate,West,Web,Furniture,Furnishings,1,393.37,0.15,334.36,87.94,Standard,7.0,4.9,False,GBP
ORD-100004,2024-11-07,CUST-00576,,West,Marketplace,Office Supplies,Storage,4,14.49,0.0,57.96,15.13,Standard,4.0,5.0,False,GBP
ORD-101685,2024-03-05,CUST-00351,Consumer,South,Mobile App,Office Supplies,Art,1,28.42,0.2,22.74,2.43,Second Class,4.0,2.9,False,GBP
ORD-101552,2024-08-22,CUST-00422,,Central,Web,Office Supplies,Storage,8,21.6,0.0,172.8,48.56,Same Day,1.0,3.9,False,GBP
ORD-104080,2024-01-31,CUST-00925,Corporate,East,Mobile App,Furniture,Bookcases,6,420.79,0.0,2524.74,1027.57,Standard,5.0,2.3,False,GBP
ORD-102124,2025-06-09,CUST-01176,Consumer,Central,Web,Furniture,Tables,4,90.79,0.0,363.16,149.99,Standard,8.0,3.2,False,GBP
ORD-101752,2024-09-13,CUST-00323,Home Office,West,Marketplace,Technology,Machines,1,553.92,0.15,470.83,111.59,Second Class,6.0,3.8,False,GBP
ORD-103860,2025-03-02,CUST-00688,Consumer,West,Web,Office Supplies,Binders,6,45.57,0.15,232.41,74.84,Standard,4.0,2.6,False,GBP
ORD-101493,2025-07-08,CUST-00925,,East,Mobile App,Furniture,Bookcases,8,245.25,0.3,1373.4,433.99,Standard,6.0,4.2,False,GBP
ORD-103569,2025-10-09,CUST-00870,Consumer,South,Web,Technology,Machines,7,215.13,0.3,1054.14,104.36,Same Day,1.0,4.9,False,GBP
ORD-101439,2025-07-20,CUST-00484,Corporate,South,Mobile App,Furniture,Tables,8,265.43,0.0,2123.44,643.4,First Class,2.0,3.0,False,GBP
ORD-100240,2025-10-14,CUST-01101,Corporate,West,Web,Office Supplies,Labels,6,23.93,0.0,143.58,47.09,First Class,4.0,3.7,False,GBP
ORD-102832,2024-01-27,CUST-01185,Home Office,South,Mobile App,Office Supplies,Binders,7,15.87,0.15,94.43,31.45,Standard,7.0,3.0,False,GBP
ORD-100054,2024-11-06,CUST-00267,Corporate,East,Marketplace,Office Supplies,Labels,1,52.45,0.2,41.96,5.83,Standard,6.0,4.7,False,GBP
ORD-102576,2025-04-20,CUST-01256,Corporate,West,Web,Furniture,Furnishings,2,175.56,0.3,245.78,37.36,Standard,6.0,2.4,False,GBP
ORD-102287,2025-09-16,CUST-01353,Corporate,North,Web,Furniture,Chairs,7,267.56,0.0,1872.92,580.61,Second Class,3.0,3.2,False,GBP
ORD-100735,2025-11-26,CUST-01179,,West,Mobile App,Office Supplies,Storage,8,30.38,0.15,206.58,60.94,First Class,4.0,2.7,False,GBP
ORD-100562,2024-01-30,CUST-00340,Consumer,North,Web,Office Supplies,Paper,1,58.38,0.4,35.03,1.51,Second Class,6.0,3.4,False,GBP
ORD-101069,2024-06-02,CUST-00790,Home Office,East,Marketplace,Office Supplies,Storage,8,24.42,0.4,117.22,29.54,Standard,5.0,4.7,True,GBP
ORD-101637,2025-09-26,CUST-00162,Corporate,West,Marketplace,Technology,Phones,5,670.95,0.0,3354.75,831.98,Standard,4.0,4.8,False,GBP
ORD-100002,2024-07-04,CUST-01395,Consumer,East,Mobile App,Technology,Phones,2,289.72,0.0,579.44,188.32,Standard,6.0,4.6,False,GBP
ORD-103056,2025-03-13,CUST-00374,Consumer,North,Web,Furniture,Chairs,7,180.55,0.1,1137.47,307.12,Standard,6.0,2.7,False,GBP
ORD-101304,2024-04-06,CUST-01188,Corporate,South,Phone,Office Supplies,Paper,6,24.69,0.0,148.14,54.37,First Class,3.0,,False,GBP
ORD-102001,2024-03-16,CUST-01258,Home Office,North,Web,Office Supplies,Paper,5,9.93,0.1,44.68,14.79,Standard,6.0,4.1,False,GBP
ORD-104479,2025-02-14,CUST-00512,Consumer,East,Phone,Office Supplies,Paper,3,37.66,0.3,79.09,14.95,Standard,,,False,GBP
ORD-104426,2024-12-24,CUST-00050,Corporate,South,Web,Furniture,Bookcases,4,147.29,0.4,353.5,47.72,Second Class,,5.0,False,GBP
ORD-102332,2025-02-12,CUST-01163,Consumer,Central,Mobile App,Technology,Phones,4,1042.53,0.1,3753.11,1148.45,Standard,5.0,3.9,False,GBP
ORD-104600,2024-07-01,CUST-00079,Consumer,West,Web,Office Supplies,Labels,6,24.35,0.2,116.88,22.56,First Class,2.0,4.9,False,GBP
ORD-100955,2025-01-30,CUST-00413,Consumer,Central,Web,Furniture,Furnishings,2,421.07,0.0,842.14,275.38,Standard,7.0,2.5,False,GBP
ORD-101840,2025-08-23,CUST-00264,,Central,Mobile App,Technology,Accessories,1,1639.99,0.3,1147.99,415.57,Same Day,1.0,3.2,False,GBP
ORD-101817,2024-06-25,CUST-01148,Consumer,Central,Mobile App,Office Supplies,Paper,2,29.76,0.3,41.66,8.42,First Class,2.0,2.9,False,GBP
ORD-101202,2024-12-15,CUST-00226,Consumer,Central,Web,Furniture,Chairs,7,335.09,0.0,2345.63,684.92,Second Class,4.0,3.9,False,GBP
ORD-104213,2024-03-11,CUST-01041,Consumer,Central,Phone,Furniture,Chairs,1,423.35,0.1,381.02,117.74,Same Day,1.0,3.6,False,GBP
ORD-104349,2024-06-08,CUST-01086,Home Office,Central,Marketplace,Office Supplies,Labels,3,34.89,0.0,104.67,47.62,Second Class,,3.0,False,GBP
ORD-104738,2024-05-07,CUST-01026,,Central,Mobile App,Technology,Machines,2,1207.02,0.0,2414.04,765.25,Second Class,5.0,4.1,False,GBP
ORD-100604,2025-05-21,CUST-00039,Corporate,West,Web,Furniture,Tables,5,309.62,0.0,1548.1,578.99,Second Class,2.0,5.0,False,GBP
ORD-100621,2024-08-11,CUST-01200,Consumer,South,Mobile App,Furniture,Tables,2,222.58,0.0,445.16,119.3,First Class,0.0,3.3,False,GBP
ORD-101395,2025-04-11,CUST-01352,Consumer,West,Web,Furniture,Furnishings,4,202.04,0.0,808.16,258.61,Standard,7.0,3.0,False,GBP
ORD-101521,2025-08-04,CUST-00742,Corporate,West,Marketplace,Furniture,Tables,5,223.56,0.4,670.68,76.46,Standard,4.0,2.8,False,GBP
ORD-103059,2024-03-06,CUST-00611,Home Office,Central,Marketplace,Office Supplies,Art,3,49.29,0.4,88.72,10.11,First Class,0.0,3.5,False,GBP
ORD-103836,2025-05-01,CUST-00546,Home Office,South,Web,Office Supplies,Paper,3,75.31,0.3,158.15,25.94,Second Class,4.0,3.5,False,GBP
ORD-101836,2025-02-11,CUST-00978,Corporate,South,Web,Technology,Phones,8,561.26,0.0,4490.08,1468.26,First Class,0.0,,True,GBP
ORD-103960,2024-04-18,CUST-00604,Consumer,West,Mobile App,Office Supplies,Labels,7,17.49,0.2,97.94,30.07,First Class,2.0,,False,GBP
ORD-100514,2024-09-17,CUST-00748,Consumer,Central,Web,Technology,Phones,1,407.74,0.15,346.58,76.25,Standard,5.0,3.5,False,GBP
ORD-102698,2025-07-03,CUST-00196,Home Office,North,Phone,Office Supplies,Storage,7,62.17,0.3,304.63,71.89,Standard,8.0,2.7,True,GBP
ORD-100364,2024-10-21,CUST-01220,Home Office,Central,Mobile App,Office Supplies,Storage,5,20.83,0.1,93.74,15.47,Same Day,1.0,3.5,False,GBP
ORD-102388,2024-04-30,CUST-00277,Consumer,East,Web,Technology,Copiers,3,616.2,0.2,1478.88,445.14,First Class,4.0,2.3,False,GBP
ORD-103598,2024-08-07,CUST-00454,,Central,Web,Office Supplies,Paper,4,33.03,0.0,132.12,51.79,Second Class,4.0,3.3,False,GBP
ORD-100015,2024-03-09,CUST-00909,Corporate,North,Marketplace,Office Supplies,Binders,2,33.02,0.0,66.04,21.07,First Class,2.0,5.0,False,GBP
ORD-101923,2024-11-07,CUST-00991,Consumer,North,Mobile App,Office Supplies,Art,7,21.68,0.1,136.58,37.97,Standard,5.0,2.5,False,GBP
ORD-104379,2025-06-30,CUST-01373,Home Office,West,Marketplace,Furniture,Chairs,5,330.04,0.0,1650.2,377.9,Second Class,4.0,5.0,False,GBP
ORD-103187,2024-04-07,CUST-00983,Consumer,West,Mobile App,Technology,Machines,3,433.01,0.2,1039.22,107.04,Standard,6.0,4.8,False,GBP
ORD-103423,2025-09-20,CUST-00922,Home Office,South,Web,Technology,Copiers,3,191.29,0.0,573.87,158.96,Second Class,3.0,2.9,True,GBP
ORD-103994,2024-06-01,CUST-00373,,Central,Web,Office Supplies,Labels,5,37.52,0.15,159.46,39.71,Standard,5.0,3.8,True,GBP
ORD-101553,2025-12-20,CUST-01321,Corporate,Central,Mobile App,Furniture,Chairs,7,338.96,0.0,2372.72,925.36,Second Class,2.0,4.5,False,GBP
ORD-102717,2025-07-26,CUST-00432,Consumer,North,Mobile App,Office Supplies,Labels,1,24.9,0.2,19.92,3.65,Standard,8.0,2.8,False,GBP
ORD-101428,2024-07-08,CUST-00534,Corporate,South,Mobile App,Furniture,Bookcases,8,209.46,0.0,1675.68,789.25,Second Class,3.0,5.0,False,GBP
ORD-100857,2025-05-23,CUST-00260,Corporate,North,Mobile App,Technology,Phones,3,582.33,0.2,1397.59,458.41,Same Day,1.0,4.5,False,GBP
ORD-100613,2024-09-18,CUST-00616,,South,Mobile App,Office Supplies,Art,5,20.39,0.1,91.76,26.43,Standard,5.0,1.7,False,GBP
ORD-100929,2024-09-05,CUST-00681,Corporate,North,Marketplace,Technology,Phones,6,330.23,0.0,1981.38,786.61,Standard,7.0,3.5,False,GBP
ORD-102313,2024-03-03,CUST-01150,Corporate,Central,Phone,Furniture,Chairs,8,797.13,0.2,5101.63,1173.37,Standard,7.0,3.5,False,GBP
ORD-102644,2024-12-05,CUST-00881,Consumer,West,Marketplace,Office Supplies,Art,8,14.62,0.3,81.87,4.01,First Class,6.0,3.7,True,GBP
ORD-100989,2024-12-14,CUST-01298,Consumer,West,Web,Furniture,Bookcases,5,88.46,0.15,375.95,96.62,First Class,5.0,3.3,False,GBP
ORD-100934,2024-10-03,CUST-00309,Corporate,West,Marketplace,Furniture,Tables,6,196.49,0.0,1178.94,433.85,Second Class,5.0,3.3,False,GBP
ORD-100963,2025-12-16,CUST-01379,Home Office,East,Web,Furniture,Furnishings,4,419.59,0.1,1510.52,555.87,Standard,7.0,3.2,False,GBP
ORD-100904,2025-04-20,CUST-01286,Consumer,South,Web,Office Supplies,Art,4,18.7,0.0,74.8,14.81,Standard,5.0,4.2,False,GBP
ORD-102697,2025-08-09,CUST-00769,Consumer,East,Web,Furniture,Bookcases,3,730.55,0.0,2191.65,740.78,First Class,2.0,4.2,False,GBP
ORD-100459,2025-10-16,CUST-00628,Corporate,West,Marketplace,Office Supplies,Paper,4,41.12,0.0,164.48,71.71,Standard,7.0,4.0,False,GBP
ORD-104722,2025-08-11,CUST-01337,Corporate,South,Mobile App,Office Supplies,Labels,8,18.93,0.2,121.15,29.8,First Class,1.0,3.7,False,GBP
ORD-102806,2024-08-02,CUST-01028,,East,Web,Technology,Copiers,7,588.23,0.3,2882.33,636.99,Standard,8.0,2.6,False,GBP
ORD-100810,2024-10-14,CUST-00107,Home Office,North,Web,Technology,Machines,3,264.14,0.2,633.94,105.87,Second Class,6.0,2.9,True,GBP
ORD-104596,2025-07-03,CUST-01122,Consumer,South,Web,Technology,Phones,3,444.81,0.0,1334.43,625.85,Standard,5.0,4.8,False,GBP
ORD-100522,2025-06-18,CUST-00544,,Central,Web,Furniture,Furnishings,8,385.23,0.0,3081.84,976.94,Standard,8.0,3.6,False,GBP
ORD-102350,2024-03-19,CUST-01117,Consumer,North,Mobile App,Technology,Copiers,8,935.23,0.2,5985.47,1137.24,Standard,8.0,3.7,False,GBP
ORD-102729,2024-02-26,CUST-01042,Consumer,North,Mobile App,Office Supplies,Paper,1,35.93,0.3,25.15,4.55,First Class,1.0,3.2,False,GBP
ORD-102342,2024-10-31,CUST-00578,Corporate,East,Phone,Office Supplies,Art,7,14.82,0.0,103.74,40.56,Standard,6.0,4.2,False,GBP
ORD-101739,2024-04-30,CUST-00878,Consumer,North,Web,Furniture,Bookcases,5,603.3,0.3,2111.55,225.94,Same Day,2.0,4.6,False,GBP
ORD-103904,2025-12-27,CUST-01015,Home Office,South,Mobile App,Office Supplies,Labels,1,28.32,0.0,28.32,9.66,Standard,5.0,4.0,False,GBP
ORD-102688,2025-04-13,CUST-00492,Corporate,Central,Web,Furniture,Tables,6,579.64,0.0,3477.84,1474.6,Standard,9.0,3.4,False,GBP
ORD-103151,2025-12-19,CUST-01214,Home Office,Central,Phone,Office Supplies,Storage,7,28.76,0.4,120.79,14.37,Second Class,4.0,3.6,False,GBP
ORD-100301,2025-06-07,CUST-01284,Consumer,Central,Web,Furniture,Chairs,1,638.54,0.15,542.76,161.74,Same Day,2.0,3.9,True,GBP
ORD-100502,2024-02-11,CUST-01081,Consumer,West,Web,Technology,Machines,5,565.77,0.3,1980.19,279.21,First Class,4.0,3.8,False,GBP
ORD-104598,2024-09-09,CUST-00266,Home Office,North,Marketplace,Office Supplies,Binders,3,29.56,0.0,88.68,29.0,Standard,6.0,4.2,False,GBP
ORD-101100,2024-02-14,CUST-00812,Corporate,Central,Web,Technology,Copiers,7,697.42,0.0,4881.94,2221.28,Second Class,5.0,4.9,False,GBP
ORD-103252,2024-10-04,CUST-01203,,East,Web,Technology,Machines,5,337.93,0.2,1351.72,117.6,Standard,7.0,3.7,False,GBP
ORD-102650,2024-05-06,CUST-00473,Corporate,Central,Mobile App,Furniture,Tables,3,145.64,0.0,436.92,157.29,Second Class,3.0,3.6,True,GBP
ORD-102583,2025-06-12,CUST-00038,,North,Mobile App,Technology,Accessories,1,404.2,0.0,404.2,144.7,Second Class,8.0,4.6,False,GBP
ORD-102637,2024-02-17,CUST-00618,Corporate,South,Mobile App,Technology,Machines,4,359.87,0.15,1223.56,288.76,Second Class,6.0,4.5,False,GBP
ORD-100201,2024-02-14,CUST-01089,Consumer,West,Marketplace,Office Supplies,Art,4,71.33,0.15,242.52,59.9,Standard,5.0,3.6,False,GBP
ORD-101510,2024-01-24,CUST-00171,Home Office,South,Web,Furniture,Furnishings,7,93.46,0.0,654.22,211.31,Same Day,0.0,2.8,False,GBP
ORD-102066,2025-08-15,CUST-00207,Consumer,East,Mobile App,Office Supplies,Art,5,11.46,0.2,45.84,9.31,Standard,6.0,4.6,False,GBP
ORD-101393,2025-06-01,CUST-00497,Consumer,South,Phone,Office Supplies,Art,1,35.73,0.0,35.73,11.25,Standard,6.0,3.0,False,GBP
ORD-101128,2024-02-24,CUST-00507,Consumer,West,Phone,Office Supplies,Art,4,25.68,0.0,102.72,30.71,Standard,4.0,4.3,False,GBP
ORD-104471,2024-04-17,CUST-00826,Corporate,North,Web,Furniture,Furnishings,3,469.95,0.0,1409.85,372.2,Standard,5.0,,False,GBP
ORD-100454,2025-03-04,CUST-00682,Home Office,North,Marketplace,Office Supplies,Binders,2,25.81,0.3,36.13,6.76,Second Class,4.0,2.9,False,GBP
ORD-100018,2025-02-23,CUST-00172,Consumer,East,Web,Office Supplies,Binders,3,61.91,0.0,185.73,79.31,Same Day,1.0,2.9,True,GBP
ORD-100204,2025-01-19,CUST-00117,Consumer,Central,Phone,Office Supplies,Labels,6,55.49,0.3,233.06,41.72,Standard,8.0,3.9,False,GBP
ORD-101656,2024-02-15,CUST-00899,Consumer,Central,Marketplace,Office Supplies,Art,3,18.55,0.1,50.09,16.33,Standard,3.0,4.1,False,GBP
ORD-101796,2024-02-14,CUST-00755,Consumer,Central,Mobile App,Furniture,Tables,1,189.75,0.0,189.75,63.0,Standard,6.0,3.7,False,GBP
ORD-101317,2024-06-14,CUST-00220,Consumer,Central,Web,Furniture,Tables,7,203.98,0.1,1285.07,480.62,First Class,5.0,3.1,False,GBP
ORD-104046,2024-05-17,CUST-00140,Corporate,West,Web,Office Supplies,Art,8,33.9,0.2,216.96,70.51,Same Day,0.0,3.6,False,GBP
ORD-104684,2024-10-15,CUST-00293,Home Office,North,Mobile App,Furniture,Bookcases,5,216.92,0.1,976.14,209.87,Standard,7.0,4.4,False,GBP
ORD-102702,2024-03-04,CUST-00085,Consumer,East,Web,Office Supplies,Paper,7,75.96,0.2,425.38,43.81,Second Class,,5.0,False,GBP
ORD-100499,2025-10-14,CUST-01041,,Central,Mobile App,Furniture,Furnishings,5,180.14,0.0,900.7,343.17,Standard,6.0,4.1,False,GBP
ORD-100771,2024-01-23,CUST-00501,Consumer,Central,Web,Technology,Copiers,3,202.82,0.0,608.46,252.51,Second Class,4.0,3.4,False,GBP
ORD-100079,2025-07-14,CUST-00512,Consumer,East,Marketplace,Furniture,Furnishings,4,229.53,0.15,780.4,213.05,Standard,7.0,4.4,False,GBP
ORD-102414,2024-01-18,CUST-00599,Home Office,North,Web,Technology,Phones,4,637.83,0.2,2041.06,522.51,Standard,7.0,3.4,True,GBP
ORD-103393,2025-07-19,CUST-01160,Corporate,East,Web,Office Supplies,Art,3,62.42,0.2,149.81,34.61,Standard,6.0,2.9,True,GBP
ORD-102377,2024-01-19,CUST-00824,Consumer,North,Mobile App,Furniture,Bookcases,5,159.2,0.3,557.2,140.97,Second Class,5.0,3.6,True,GBP
ORD-100475,2024-11-20,CUST-00174,Home Office,West,Marketplace,Office Supplies,Storage,5,71.65,0.1,322.42,110.59,Standard,6.0,3.4,False,GBP
ORD-104511,2024-03-21,CUST-01359,Consumer,Central,Web,Furniture,Chairs,5,139.55,0.1,627.98,219.17,Standard,7.0,4.1,False,GBP
ORD-104036,2024-01-26,CUST-00176,Consumer,Central,Web,Technology,Copiers,1,428.34,0.3,299.84,34.78,Standard,5.0,3.2,False,GBP
ORD-102238,2025-05-26,CUST-00127,Corporate,North,Mobile App,Technology,Machines,2,540.8,0.15,919.36,285.92,Standard,6.0,4.0,False,GBP
ORD-101380,2024-12-22,CUST-00868,Consumer,South,Web,Office Supplies,Art,8,35.38,0.0,283.04,78.97,Standard,10.0,3.7,False,GBP
ORD-100966,2025-08-26,CUST-01100,Consumer,South,Web,Office Supplies,Paper,3,29.23,0.0,87.69,31.74,Standard,6.0,4.9,False,GBP
ORD-101794,2025-01-31,CUST-00937,Corporate,North,Web,Furniture,Chairs,2,240.35,0.0,480.7,158.15,First Class,1.0,4.9,False,GBP
ORD-102121,2025-10-20,CUST-01202,Corporate,South,Phone,Office Supplies,Labels,2,44.98,0.4,53.98,5.51,Same Day,2.0,4.4,False,GBP
ORD-102905,2024-04-29,CUST-00154,,Central,Marketplace,Technology,Phones,3,341.59,0.0,1024.77,288.99,Second Class,2.0,3.7,True,GBP
ORD-100263,2025-01-29,CUST-00946,Consumer,South,Marketplace,Furniture,Chairs,7,401.56,0.2,2248.74,501.47,Standard,6.0,4.5,False,GBP
ORD-102426,2025-07-09,CUST-00661,Corporate,Central,Phone,Furniture,Furnishings,2,355.88,0.0,711.76,296.8,First Class,3.0,4.0,False,GBP
ORD-101740,2024-01-09,CUST-00982,Corporate,East,Marketplace,Office Supplies,Binders,3,120.12,0.2,288.29,56.79,First Class,1.0,3.2,False,GBP
ORD-101242,2024-04-08,CUST-00728,Corporate,South,Phone,Office Supplies,Binders,6,23.2,0.4,83.52,16.62,Standard,6.0,,False,GBP
ORD-100639,2025-08-06,CUST-01132,Corporate,South,Mobile App,Technology,Copiers,2,667.26,0.1,1201.07,302.67,Standard,6.0,3.7,False,GBP
ORD-103073,2024-03-14,CUST-00438,,South,Mobile App,Furniture,Furnishings,5,440.44,0.0,2202.2,590.19,Standard,4.0,4.1,False,GBP
ORD-104693,2024-12-16,CUST-00756,Consumer,South,Marketplace,Furniture,Furnishings,2,133.05,0.15,226.18,38.68,Second Class,4.0,4.2,True,GBP
ORD-100874,2024-10-26,CUST-01359,Consumer,West,Web,Office Supplies,Art,7,117.87,0.2,660.07,93.07,First Class,5.0,4.3,False,GBP
ORD-104622,2025-04-17,CUST-00828,Home Office,East,Phone,Furniture,Furnishings,5,109.96,0.4,329.88,-1.65,Second Class,2.0,3.0,False,GBP
ORD-100948,2025-03-14,CUST-00737,Corporate,East,Mobile App,Office Supplies,Binders,4,37.89,0.0,151.56,70.32,Standard,8.0,2.4,False,GBP
ORD-102843,2025-12-24,CUST-00863,Consumer,North,Web,Office Supplies,Paper,1,25.29,0.0,25.29,6.78,Standard,7.0,3.7,False,GBP
ORD-103691,2025-07-14,CUST-00456,Home Office,North,Web,Furniture,Chairs,4,450.53,0.2,1441.7,317.17,Standard,7.0,3.5,False,GBP
ORD-103947,2025-10-29,CUST-00045,Consumer,East,Marketplace,Office Supplies,Binders,7,41.6,0.3,203.84,13.86,Standard,7.0,3.6,False,GBP
ORD-102846,2024-03-20,CUST-00119,Corporate,East,Mobile App,Technology,Phones,1,274.01,0.0,274.01,101.93,Standard,5.0,3.9,False,GBP
ORD-102228,2025-06-29,CUST-01274,Corporate,North,Web,Office Supplies,Paper,6,21.31,0.15,108.68,34.23,Standard,5.0,4.4,False,GBP
ORD-101396,2025-10-24,CUST-01246,Consumer,West,Marketplace,Office Supplies,Art,7,135.87,0.1,855.98,357.8,Standard,5.0,3.5,False,GBP
ORD-103278,2024-12-20,CUST-01040,Corporate,East,Mobile App,Office Supplies,Paper,6,40.2,0.1,217.08,46.24,Second Class,4.0,2.9,False,GBP
ORD-102467,2024-10-05,CUST-00640,Consumer,North,Web,Furniture,Bookcases,5,182.53,0.15,775.75,181.53,Standard,4.0,4.3,False,GBP
ORD-104664,2025-09-17,CUST-00310,Home Office,East,Mobile App,Office Supplies,Art,7,75.12,0.4,315.5,35.65,Standard,6.0,,False,GBP
ORD-100286,2025-11-21,CUST-00456,Home Office,Central,Marketplace,Furniture,Chairs,1,305.19,0.1,274.67,68.12,Same Day,3.0,4.0,False,GBP
ORD-103183,2024-11-07,CUST-01367,Consumer,North,Web,Furniture,Bookcases,7,203.99,0.1,1285.14,386.83,Second Class,5.0,3.6,False,GBP
ORD-104158,2024-10-18,CUST-00328,Home Office,North,Marketplace,Office Supplies,Labels,3,42.17,0.1,113.86,28.01,Standard,6.0,4.9,False,GBP
ORD-103435,2025-01-29,CUST-00476,Consumer,South,Mobile App,Office Supplies,Labels,5,35.41,0.15,150.49,13.39,Same Day,2.0,2.8,False,GBP
ORD-101945,2024-09-16,CUST-00355,Consumer,South,Web,Furniture,Furnishings,5,362.28,0.1,1630.26,500.49,Same Day,2.0,5.0,False,GBP
ORD-104641,2024-03-21,CUST-00314,Home Office,West,Mobile App,Furniture,Chairs,3,215.12,0.15,548.56,138.79,First Class,2.0,4.9,False,GBP
ORD-103605,2024-08-06,CUST-00314,Consumer,East,Mobile App,Furniture,Furnishings,1,291.73,0.4,175.04,21.88,Second Class,3.0,4.0,False,GBP
ORD-101130,2024-09-23,CUST-00759,Corporate,Central,Web,Furniture,Tables,2,102.98,0.15,175.07,40.44,First Class,3.0,2.8,False,GBP
ORD-100676,2025-02-05,CUST-00518,Consumer,North,Phone,Furniture,Bookcases,1,410.42,0.0,410.42,128.46,Second Class,3.0,4.6,False,GBP
ORD-104825,2024-05-29,CUST-00117,Consumer,West,Web,Technology,Machines,7,516.04,0.15,3070.44,623.3,Second Class,,4.7,False,GBP
ORD-103027,2025-04-19,CUST-01110,Consumer,Central,Web,Office Supplies,Labels,2,66.85,0.0,133.7,49.34,Standard,5.0,4.2,False,GBP
ORD-104016,2025-05-03,CUST-00080,Corporate,Central,Web,Furniture,Tables,3,602.16,0.15,1535.51,574.28,Standard,5.0,3.4,False,GBP
ORD-103437,2024-11-14,CUST-01192,Corporate,West,Web,Office Supplies,Paper,6,15.04,0.0,90.24,33.39,Standard,5.0,5.0,False,GBP
ORD-101881,2025-12-04,CUST-01102,Corporate,South,Marketplace,Office Supplies,Storage,3,16.53,0.0,49.59,12.84,Standard,6.0,3.1,False,GBP
ORD-101903,2025-12-24,CUST-00289,Corporate,West,Mobile App,Office Supplies,Paper,6,30.52,0.0,183.12,59.88,Same Day,1.0,,False,GBP
ORD-103476,2025-05-03,CUST-01392,Home Office,Central,Mobile App,Furniture,Bookcases,8,1287.25,0.0,10298.0,4520.82,Standard,,3.4,False,GBP
ORD-103572,2024-10-15,CUST-00254,,North,Marketplace,Office Supplies,Labels,5,46.37,0.15,197.07,48.68,First Class,3.0,4.2,False,GBP
ORD-103727,2024-11-24,CUST-00636,Corporate,North,Web,Technology,Accessories,3,437.86,0.3,919.51,138.85,Standard,6.0,4.2,False,GBP
ORD-102859,2025-09-29,CUST-00615,Home Office,North,Mobile App,Office Supplies,Storage,8,16.04,0.0,128.32,24.64,Same Day,2.0,5.0,True,GBP
ORD-103342,2025-07-12,CUST-00917,Corporate,South,Web,Furniture,Furnishings,7,206.39,0.1,1300.26,445.99,Second Class,4.0,4.0,False,GBP
ORD-100819,2024-12-07,CUST-00886,Consumer,North,Web,Office Supplies,Binders,1,24.16,0.2,19.33,4.25,Second Class,3.0,5.0,False,GBP
ORD-100848,2025-05-04,CUST-00234,Consumer,Central,Marketplace,Office Supplies,Art,8,115.5,0.15,785.4,130.38,Standard,5.0,3.9,False,GBP
ORD-101776,2025-03-25,CUST-00357,Consumer,Central,Web,Technology,Copiers,6,353.97,0.2,1699.06,324.52,Standard,5.0,3.8,False,GBP
ORD-104912,2024-06-30,CUST-00241,Consumer,East,Marketplace,Furniture,Furnishings,4,412.17,0.1,1483.81,492.62,Second Class,4.0,3.9,False,GBP
ORD-103428,2025-02-10,CUST-00791,Consumer,South,Web,Technology,Copiers,7,400.64,0.2,2243.58,883.97,First Class,2.0,4.6,False,GBP
ORD-104490,2025-04-28,CUST-01107,Corporate,East,Web,Office Supplies,Binders,8,29.11,0.0,232.88,77.55,Second Class,6.0,3.3,False,GBP
ORD-104572,2024-02-09,CUST-01228,,West,Mobile App,Office Supplies,Binders,1,14.8,0.15,12.58,4.37,First Class,3.0,2.6,False,GBP
ORD-101619,2025-07-26,CUST-00479,Consumer,North,Web,Office Supplies,Binders,4,16.3,0.15,55.42,12.91,Standard,7.0,4.2,False,GBP
ORD-104944,2024-09-20,CUST-01219,Consumer,Central,Mobile App,Furniture,Bookcases,3,148.93,0.0,446.79,131.36,Standard,8.0,4.0,False,GBP
ORD-100636,2025-07-23,CUST-01083,Home Office,South,Phone,Office Supplies,Labels,2,25.26,0.1,45.47,14.64,Second Class,3.0,4.1,False,GBP
ORD-101333,2024-02-08,CUST-00024,Consumer,North,Mobile App,Office Supplies,Labels,3,29.83,0.2,71.59,20.19,Standard,8.0,3.2,False,GBP
ORD-101054,2025-02-21,CUST-00842,Corporate,West,Web,Technology,Copiers,5,947.78,0.3,3317.23,534.07,Standard,8.0,3.8,False,GBP
ORD-101558,2025-04-05,CUST-01248,,South,Phone,Office Supplies,Binders,4,29.51,0.1,106.24,28.37,Second Class,3.0,3.1,False,GBP
ORD-100248,2025-09-25,CUST-00998,Consumer,West,Marketplace,Technology,Copiers,8,404.97,0.0,3239.76,1370.42,Standard,6.0,4.1,False,GBP
ORD-101205,2024-05-04,CUST-01060,Home Office,Central,Marketplace,Technology,Machines,8,364.42,0.2,2332.29,520.1,First Class,0.0,4.0,False,GBP
ORD-104291,2024-07-07,CUST-00728,Corporate,East,Web,Furniture,Furnishings,4,99.24,0.3,277.87,35.29,Second Class,3.0,5.0,False,GBP
ORD-101864,2024-11-18,CUST-00840,Home Office,West,Web,Technology,Machines,6,516.07,0.0,3096.42,990.85,Standard,5.0,3.2,False,GBP
ORD-103566,2024-07-26,CUST-00839,Consumer,North,Mobile App,Furniture,Chairs,1,234.12,0.4,140.47,29.5,First Class,4.0,4.2,False,GBP
ORD-102205,2025-05-15,CUST-00323,Consumer,West,Mobile App,Technology,Accessories,4,286.75,0.0,1147.0,293.63,Standard,7.0,4.0,False,GBP
ORD-101954,2024-11-05,CUST-00064,Corporate,South,Mobile App,Furniture,Bookcases,8,202.61,0.0,1620.88,427.91,Second Class,7.0,3.6,False,GBP
ORD-101062,2024-03-13,CUST-00809,Consumer,North,Web,Technology,Accessories,1,410.83,0.15,349.21,89.05,Standard,4.0,3.3,False,GBP
ORD-104767,2024-08-27,CUST-00562,Consumer,South,Marketplace,Office Supplies,Binders,2,32.83,0.4,39.4,2.99,Same Day,1.0,,False,GBP
ORD-100297,2025-05-26,CUST-01257,Consumer,North,Mobile App,Technology,Phones,5,368.76,0.0,1843.8,532.86,Standard,6.0,4.4,False,GBP
ORD-104065,2024-07-04,CUST-00327,,Central,Mobile App,Office Supplies,Labels,4,24.29,0.4,58.3,13.35,First Class,3.0,3.9,False,GBP
ORD-104254,2024-10-25,CUST-01039,Consumer,North,Web,Office Supplies,Binders,4,46.27,0.1,166.57,55.63,Standard,7.0,,False,GBP
ORD-101446,2025-01-30,CUST-00505,Consumer,Central,Mobile App,Furniture,Chairs,1,552.5,0.3,386.75,79.28,First Class,4.0,2.7,False,GBP
ORD-103611,2024-03-26,CUST-00758,Consumer,East,Web,Office Supplies,Paper,8,22.29,0.0,178.32,54.57,Standard,5.0,4.9,False,GBP
ORD-104901,2024-10-20,CUST-01359,Consumer,North,Phone,Office Supplies,Paper,3,56.74,0.0,170.22,40.0,First Class,6.0,3.5,False,GBP
ORD-103092,2024-12-31,CUST-00561,Home Office,North,Phone,Office Supplies,Storage,7,16.04,0.0,112.28,32.79,Standard,,3.2,False,GBP
ORD-101440,2024-02-05,CUST-00150,Corporate,East,Web,Office Supplies,Binders,4,25.26,0.0,101.04,33.14,Same Day,3.0,5.0,False,GBP
ORD-102883,2025-07-19,CUST-01386,Consumer,West,Mobile App,Office Supplies,Labels,2,39.83,0.4,47.8,3.63,Second Class,4.0,4.4,False,GBP
ORD-102713,2024-07-22,CUST-00385,,East,Mobile App,Office Supplies,Paper,5,28.38,0.1,127.71,22.09,Standard,2.0,3.6,True,GBP
ORD-100956,2024-02-01,CUST-00360,Corporate,Central,Web,Office Supplies,Paper,7,50.29,0.1,316.83,64.95,First Class,3.0,2.6,False,GBP
ORD-104764,2025-06-19,CUST-00370,Consumer,North,Mobile App,Furniture,Bookcases,3,373.4,0.15,952.17,388.49,First Class,2.0,3.7,False,GBP
ORD-101559,2024-07-27,CUST-00942,,East,Web,Furniture,Bookcases,5,466.45,0.1,2099.02,476.48,Standard,6.0,3.6,False,GBP
ORD-100993,2025-10-31,CUST-01094,Corporate,South,Web,Technology,Accessories,3,746.01,0.0,2238.03,986.97,Standard,4.0,3.1,False,GBP
ORD-100451,2024-10-21,CUST-00511,Corporate,Central,Marketplace,Office Supplies,Labels,4,53.79,0.0,215.16,72.72,First Class,0.0,4.4,True,GBP
ORD-101746,2025-02-27,CUST-00228,Corporate,North,Web,Furniture,Chairs,2,151.38,0.0,302.76,106.87,Standard,6.0,3.7,False,GBP
ORD-103513,2025-04-20,CUST-01013,Consumer,Central,Marketplace,Furniture,Furnishings,6,302.95,0.0,1817.7,498.05,Standard,8.0,2.6,False,GBP
ORD-101420,2024-12-05,CUST-01258,Corporate,East,Mobile App,Office Supplies,Labels,6,22.1,0.3,92.82,16.15,Standard,6.0,4.9,False,GBP
ORD-104914,2024-05-29,CUST-00785,Consumer,North,Web,Furniture,Bookcases,7,259.79,0.2,1454.82,228.41,Second Class,6.0,2.2,True,GBP
ORD-100480,2025-09-18,CUST-00270,Corporate,West,Web,Furniture,Furnishings,1,390.33,0.1,351.3,79.04,Standard,7.0,2.7,False,GBP
ORD-104335,2025-08-12,CUST-01047,,North,Mobile App,Furniture,Furnishings,2,202.3,0.3,283.22,15.86,Standard,4.0,3.1,False,GBP
ORD-104554,2025-03-18,CUST-01002,Consumer,East,Mobile App,Office Supplies,Storage,2,26.52,0.1,47.74,16.95,Standard,7.0,2.9,False,GBP
ORD-104771,2024-12-22,CUST-00802,,South,Phone,Office Supplies,Paper,1,29.22,0.4,17.53,1.05,First Class,3.0,5.0,False,GBP
ORD-100525,2024-01-11,CUST-00468,Home Office,South,Mobile App,Office Supplies,Art,6,38.14,0.0,228.84,63.16,Standard,6.0,4.4,False,GBP
ORD-104662,2025-02-24,CUST-00473,Corporate,East,Mobile App,Office Supplies,Binders,5,9.05,0.0,45.25,17.38,Second Class,3.0,5.0,False,GBP
ORD-103669,2025-08-11,CUST-00607,,East,Mobile App,Office Supplies,Art,3,37.16,0.3,78.04,13.66,First Class,2.0,3.7,False,GBP
ORD-100473,2024-01-31,CUST-00195,,East,Phone,Office Supplies,Art,6,15.98,0.15,81.5,24.61,Second Class,5.0,3.4,False,GBP
ORD-104367,2024-08-15,CUST-00338,Home Office,West,Phone,Furniture,Chairs,1,588.24,0.1,529.42,111.71,Same Day,2.0,,False,GBP
ORD-104468,2024-12-30,CUST-01352,Corporate,West,Web,Office Supplies,Labels,8,21.11,0.0,168.88,65.36,First Class,3.0,3.6,False,GBP
ORD-103142,2024-06-11,CUST-01292,Corporate,East,Phone,Office Supplies,Binders,3,59.34,0.1,160.22,42.14,Same Day,,3.7,False,GBP
ORD-101723,2025-07-16,CUST-00613,Consumer,South,Marketplace,Furniture,Chairs,3,248.42,0.3,521.68,68.86,First Class,3.0,3.2,False,GBP
ORD-103491,2025-05-27,CUST-00129,Consumer,North,Mobile App,Furniture,Furnishings,4,201.39,0.2,644.45,143.71,First Class,4.0,3.4,False,GBP
ORD-101080,2024-11-11,CUST-00162,Consumer,North,Web,Technology,Machines,1,614.17,0.0,614.17,268.39,Standard,5.0,4.1,False,GBP
ORD-101935,2025-07-24,CUST-01017,Consumer,North,Web,Technology,Phones,5,375.6,0.0,1878.0,608.47,Second Class,5.0,3.8,True,GBP
ORD-100724,2025-11-18,CUST-00373,Consumer,Central,Web,Furniture,Tables,4,227.08,0.15,772.07,235.48,First Class,3.0,4.5,False,GBP
ORD-100350,2024-09-21,CUST-00173,Corporate,East,Mobile App,Furniture,Chairs,2,115.73,0.1,208.31,53.95,Same Day,1.0,5.0,False,GBP
ORD-100765,2025-05-13,CUST-00817,Consumer,North,Mobile App,Technology,Accessories,6,526.66,0.0,3159.96,922.71,Second Class,5.0,2.8,False,GBP
ORD-100188,2024-12-12,CUST-00048,Consumer,Central,Web,Furniture,Furnishings,4,258.88,0.15,880.19,279.02,First Class,,4.0,False,GBP
ORD-102838,2025-10-18,CUST-00046,Corporate,North,Mobile App,Office Supplies,Binders,4,49.69,0.0,198.76,36.37,Standard,6.0,4.4,False,GBP
ORD-103470,2025-05-08,CUST-01382,Consumer,East,Web,Office Supplies,Storage,2,24.08,0.0,48.16,15.03,Standard,8.0,3.6,False,GBP
ORD-102270,2024-05-22,CUST-00150,Consumer,South,Web,Technology,Machines,6,245.89,0.0,1475.34,438.18,Standard,6.0,3.0,True,GBP
ORD-104026,2024-03-04,CUST-01051,Consumer,East,Marketplace,Office Supplies,Binders,7,4.1,0.1,25.83,8.52,Standard,4.0,2.9,False,GBP
ORD-101680,2025-01-17,CUST-00512,Corporate,North,Web,Technology,Machines,4,349.16,0.4,837.98,98.04,Standard,4.0,5.0,False,GBP
ORD-103168,2025-03-27,CUST-00910,Consumer,East,Web,Technology,Machines,2,961.07,0.1,1729.93,408.26,Standard,4.0,3.7,False,GBP
ORD-102235,2024-05-24,CUST-00678,Corporate,South,Web,Technology,Phones,1,699.76,0.3,489.83,46.04,Standard,6.0,3.2,False,GBP
ORD-100417,2025-07-20,CUST-00453,Consumer,Central,Mobile App,Office Supplies,Paper,1,51.61,0.15,43.87,14.74,Standard,7.0,5.0,False,GBP
ORD-102392,2024-11-05,CUST-01199,Consumer,North,Mobile App,Office Supplies,Labels,8,21.45,0.2,137.28,24.3,Standard,6.0,4.3,False,GBP
ORD-103784,2025-04-11,CUST-00826,,Central,Phone,Furniture,Furnishings,6,494.97,0.4,1781.89,335.0,Same Day,2.0,4.9,False,GBP
ORD-104606,2024-05-21,CUST-00881,Home Office,North,Marketplace,Technology,Accessories,5,1074.08,0.4,3222.24,386.67,Standard,7.0,2.5,False,GBP
ORD-102719,2024-09-30,CUST-00612,Consumer,South,Mobile App,Technology,Accessories,8,266.45,0.15,1811.86,550.81,First Class,5.0,4.9,False,GBP
ORD-103267,2024-10-12,CUST-00294,Corporate,North,Web,Office Supplies,Paper,7,36.97,0.15,219.97,25.3,Standard,6.0,3.4,False,GBP
ORD-103976,2024-01-15,CUST-00248,Consumer,North,Web,Technology,Accessories,8,799.17,0.0,6393.36,1911.61,Standard,7.0,3.6,False,GBP
ORD-104248,2024-07-21,CUST-00097,Corporate,East,Marketplace,Technology,Machines,5,198.08,0.0,990.4,333.76,Second Class,7.0,2.9,True,GBP
ORD-101606,2025-07-29,CUST-00776,Corporate,North,Web,Furniture,Tables,8,135.63,0.2,868.03,159.72,First Class,3.0,5.0,False,GBP
ORD-103277,2025-02-20,CUST-00820,Home Office,North,Marketplace,Office Supplies,Binders,2,32.2,0.0,64.4,21.19,Same Day,0.0,4.1,False,GBP
ORD-103433,2024-04-01,CUST-00611,Consumer,South,Marketplace,Office Supplies,Binders,4,18.65,0.0,74.6,40.28,Second Class,4.0,4.6,False,GBP
ORD-104832,2024-05-23,CUST-00539,Corporate,North,Web,Office Supplies,Labels,6,11.51,0.3,48.34,8.56,Second Class,4.0,3.6,False,GBP
ORD-103971,2025-09-16,CUST-01180,Home Office,Central,Web,Furniture,Bookcases,3,202.67,0.15,516.81,137.47,Same Day,0.0,3.9,True,GBP
ORD-101447,2025-03-31,CUST-00309,Home Office,North,Web,Technology,Copiers,5,612.42,0.4,1837.26,297.64,First Class,3.0,3.9,False,GBP
ORD-102604,2025-07-15,CUST-00341,Consumer,East,Marketplace,Office Supplies,Storage,6,22.83,0.2,109.58,31.56,First Class,1.0,4.8,False,GBP
ORD-102581,2024-02-08,CUST-01038,,East,Mobile App,Office Supplies,Storage,7,41.13,0.3,201.54,28.82,Standard,8.0,3.8,False,GBP
ORD-103830,2025-12-17,CUST-00504,Consumer,West,Marketplace,Technology,Accessories,5,409.87,0.1,1844.42,671.37,Standard,5.0,3.2,False,GBP
ORD-102348,2025-05-30,CUST-00690,,West,Mobile App,Technology,Accessories,4,567.45,0.3,1588.86,201.79,Second Class,4.0,4.2,False,GBP
ORD-103196,2024-12-27,CUST-00807,Home Office,South,Mobile App,Office Supplies,Storage,5,25.95,0.1,116.78,26.74,Standard,8.0,4.2,False,GBP
ORD-102511,2025-02-11,CUST-01074,Consumer,West,Mobile App,Office Supplies,Storage,1,37.23,0.0,37.23,10.8,First Class,4.0,4.3,False,GBP
ORD-102464,2025-10-10,CUST-00107,Corporate,Central,Mobile App,Furniture,Bookcases,6,167.47,0.0,1004.82,380.83,First Class,3.0,3.6,False,GBP
ORD-101346,2025-03-07,CUST-00082,Consumer,East,Web,Furniture,Furnishings,4,200.13,0.0,800.52,286.59,Standard,7.0,2.3,False,GBP
ORD-102904,2025-03-31,CUST-00247,,West,Mobile App,Office Supplies,Storage,6,14.25,0.3,59.85,9.4,Standard,7.0,3.6,False,GBP
ORD-102110,2024-01-12,CUST-01236,Home Office,West,Web,Furniture,Tables,6,433.82,0.0,2602.92,913.62,Standard,9.0,3.4,False,GBP
ORD-104958,2024-04-02,CUST-01083,Home Office,South,Phone,Office Supplies,Paper,1,44.27,0.0,44.27,16.6,First Class,4.0,3.2,False,GBP
ORD-103802,2025-02-10,CUST-00390,Home Office,Central,Mobile App,Technology,Phones,5,454.68,0.3,1591.38,163.91,Standard,7.0,3.8,True,GBP
ORD-101828,2025-08-08,CUST-00401,,North,Web,Furniture,Chairs,8,241.26,0.3,1351.06,104.03,Standard,8.0,4.1,False,GBP
ORD-100085,2024-07-14,CUST-00260,Home Office,Central,Marketplace,Office Supplies,Art,7,81.7,0.15,486.11,37.43,Second Class,0.0,3.4,True,GBP
ORD-102600,2025-07-11,CUST-00993,,North,Web,Office Supplies,Labels,3,28.29,0.15,72.14,15.44,First Class,1.0,4.4,False,GBP
ORD-103014,2025-05-31,CUST-00918,Home Office,Central,Mobile App,Furniture,Furnishings,5,278.68,0.3,975.38,117.05,Standard,8.0,3.3,False,GBP
ORD-103496,2024-08-06,CUST-00728,Corporate,West,Mobile App,Office Supplies,Art,3,42.9,0.0,128.7,35.65,Standard,5.0,,False,GBP
ORD-103561,2025-06-23,CUST-00758,Consumer,West,Marketplace,Technology,Machines,3,545.61,0.15,1391.31,377.05,Second Class,3.0,,False,GBP
ORD-101873,2024-11-21,CUST-01324,Consumer,East,Marketplace,Furniture,Tables,1,429.14,0.4,257.48,35.53,Standard,6.0,4.4,False,GBP
ORD-102015,2025-08-11,CUST-00253,Home Office,North,Marketplace,Technology,Accessories,7,332.27,0.2,1860.71,390.75,Second Class,6.0,3.7,False,GBP
ORD-103067,2024-06-23,CUST-00847,Consumer,Central,Mobile App,Office Supplies,Labels,6,27.66,0.0,165.96,51.78,First Class,4.0,4.9,False,GBP
ORD-101716,2024-04-20,CUST-00244,Consumer,North,Web,Office Supplies,Paper,6,29.78,0.0,178.68,50.57,Standard,7.0,4.2,False,GBP
ORD-102311,2024-10-21,CUST-00497,Consumer,East,Mobile App,Office Supplies,Paper,2,34.06,0.15,57.9,18.41,First Class,1.0,2.6,False,GBP
ORD-104949,2024-02-01,CUST-01341,Consumer,Central,Mobile App,Furniture,Bookcases,3,153.26,0.0,459.78,162.3,Standard,9.0,3.1,False,GBP
ORD-104412,2024-10-16,CUST-00822,Consumer,South,Phone,Office Supplies,Labels,2,24.87,0.0,49.74,13.43,Standard,8.0,3.3,False,GBP
ORD-100140,2025-09-21,CUST-00460,,North,Web,Office Supplies,Labels,5,41.02,0.3,143.57,26.7,First Class,5.0,,False,GBP
ORD-104938,2024-01-23,CUST-00217,Corporate,East,Mobile App,Office Supplies,Paper,1,104.59,0.0,104.59,38.07,Standard,8.0,2.4,False,GBP
ORD-103746,2024-01-26,CUST-00912,Home Office,North,Web,Office Supplies,Labels,5,30.22,0.15,128.44,34.94,Second Class,5.0,3.4,False,GBP
ORD-100082,2025-02-27,CUST-00238,,South,Mobile App,Office Supplies,Storage,6,6.74,0.3,28.31,2.26,Standard,3.0,4.1,False,GBP
ORD-104950,2024-03-16,CUST-01342,Corporate,North,Phone,Technology,Phones,1,470.89,0.0,470.89,175.64,First Class,2.0,5.0,False,GBP
ORD-104138,2025-02-13,CUST-00826,Consumer,South,Web,Office Supplies,Art,6,36.97,0.0,221.82,70.76,Same Day,1.0,4.2,False,GBP
ORD-103193,2024-10-25,CUST-00115,Corporate,West,Marketplace,Office Supplies,Paper,5,21.73,0.4,65.19,9.84,Second Class,5.0,2.6,False,GBP
ORD-100084,2024-02-12,CUST-00622,Consumer,East,Web,Technology,Accessories,6,263.61,0.15,1344.41,454.41,Standard,7.0,4.7,False,GBP
ORD-103843,2025-06-03,CUST-01312,Consumer,South,Mobile App,Office Supplies,Storage,6,30.09,0.1,162.49,50.86,Standard,5.0,4.1,False,GBP
ORD-100061,2024-06-22,CUST-00510,Consumer,East,Web,Office Supplies,Binders,6,26.27,0.0,157.62,63.52,Standard,6.0,1.5,False,GBP
ORD-100907,2025-03-23,CUST-01038,Corporate,Central,Web,Technology,Copiers,6,447.02,0.4,1609.27,263.92,Standard,5.0,5.0,False,GBP
ORD-101193,2024-04-24,CUST-01136,Consumer,South,Web,Office Supplies,Paper,2,21.39,0.0,42.78,15.57,Second Class,3.0,4.3,False,GBP
ORD-100457,2024-05-16,CUST-00782,Consumer,East,Mobile App,Office Supplies,Labels,4,57.32,0.15,194.89,48.72,Standard,8.0,4.2,False,GBP
ORD-102973,2024-10-28,CUST-00917,Consumer,North,Web,Office Supplies,Storage,2,48.22,0.1,86.8,20.92,Standard,3.0,4.9,False,GBP
ORD-102624,2024-10-25,CUST-00317,Consumer,East,Mobile App,Office Supplies,Paper,2,17.89,0.15,30.41,7.6,Standard,8.0,2.8,False,GBP
ORD-104972,2025-04-21,CUST-00461,Corporate,South,Web,Furniture,Furnishings,8,187.37,0.0,1498.96,418.21,Standard,4.0,3.4,False,GBP
ORD-104290,2024-09-25,CUST-01095,Consumer,West,Marketplace,Office Supplies,Binders,4,66.86,0.0,267.44,98.95,Standard,7.0,4.4,False,GBP
ORD-103246,2025-03-01,CUST-00546,Consumer,West,Web,Office Supplies,Paper,7,21.37,0.0,149.59,52.81,Second Class,2.0,3.9,False,GBP
ORD-102220,2025-09-20,CUST-00535,Consumer,Central,Mobile App,Technology,Phones,6,287.93,0.1,1554.82,393.37,Standard,6.0,2.8,False,GBP
ORD-101888,2025-07-02,CUST-00511,Consumer,East,Phone,Technology,Copiers,1,637.6,0.2,510.08,81.61,Standard,8.0,3.8,False,GBP
ORD-103750,2025-12-26,CUST-01192,Corporate,West,Marketplace,Office Supplies,Binders,5,18.07,0.0,90.35,26.56,Standard,7.0,4.3,False,GBP
ORD-101226,2025-04-16,CUST-01095,Corporate,South,Mobile App,Technology,Phones,4,264.62,0.3,740.94,108.92,Second Class,4.0,5.0,False,GBP
ORD-101669,2024-08-15,CUST-01133,,East,Mobile App,Furniture,Bookcases,7,831.12,0.3,4072.49,843.01,Standard,5.0,4.0,False,GBP
ORD-102163,2025-04-11,CUST-01067,Corporate,West,Phone,Technology,Copiers,3,970.51,0.1,2620.38,560.76,First Class,2.0,5.0,False,GBP
ORD-103845,2024-06-26,CUST-01116,Consumer,North,Web,Office Supplies,Paper,1,20.36,0.2,16.29,5.41,First Class,3.0,4.5,False,GBP
ORD-103214,2025-05-05,CUST-00465,Consumer,East,Marketplace,Office Supplies,Art,1,28.53,0.0,28.53,9.13,Standard,,3.6,False,GBP
ORD-100659,2024-02-02,CUST-00961,Corporate,North,Mobile App,Furniture,Furnishings,1,296.26,0.15,251.82,82.35,Standard,10.0,3.7,False,GBP
ORD-101609,2024-08-04,CUST-00999,Home Office,West,Marketplace,Furniture,Bookcases,2,429.35,0.4,515.22,30.91,Standard,8.0,3.2,False,GBP
ORD-102299,2024-06-02,CUST-01213,Corporate,North,Web,Furniture,Tables,2,405.11,0.0,810.22,289.25,Standard,7.0,4.8,False,GBP
ORD-104921,2024-02-28,CUST-00284,Corporate,East,Phone,Furniture,Furnishings,8,321.35,0.3,1799.56,242.94,First Class,2.0,3.5,False,GBP
ORD-104354,2024-02-26,CUST-00797,Consumer,North,Web,Furniture,Chairs,4,286.02,0.0,1144.08,352.38,Standard,4.0,3.3,False,GBP
ORD-102261,2025-02-04,CUST-01101,Corporate,North,Marketplace,Furniture,Chairs,1,240.89,0.0,240.89,80.94,Standard,6.0,5.0,False,GBP
ORD-100527,2024-02-28,CUST-01024,Corporate,East,Web,Technology,Phones,8,354.09,0.4,1699.63,219.25,Standard,7.0,3.6,False,GBP
ORD-101061,2024-04-07,CUST-00428,Home Office,East,Mobile App,Furniture,Chairs,5,142.13,0.1,639.58,224.49,First Class,5.0,4.3,False,GBP
ORD-103259,2024-05-03,CUST-00341,Home Office,Central,Marketplace,Office Supplies,Binders,7,23.11,0.1,145.59,43.39,Same Day,0.0,3.3,False,GBP
ORD-103373,2024-10-06,CUST-00922,Consumer,East,Mobile App,Office Supplies,Binders,2,83.89,0.1,151.0,37.3,Standard,6.0,3.6,True,GBP
ORD-102180,2024-05-12,CUST-01035,Consumer,Central,Phone,Office Supplies,Storage,5,29.18,0.0,145.9,47.42,First Class,1.0,3.3,False,GBP
ORD-102318,2024-12-29,CUST-00862,Home Office,South,Marketplace,Technology,Copiers,1,213.62,0.0,213.62,64.09,Standard,6.0,3.8,False,GBP
ORD-101795,2024-03-21,CUST-00461,Consumer,West,Web,Technology,Machines,8,415.43,0.1,2991.1,978.09,Same Day,3.0,2.9,False,GBP
ORD-100581,2024-12-31,CUST-00870,Corporate,West,Phone,Technology,Copiers,4,185.73,0.0,742.92,267.45,Standard,4.0,3.3,False,GBP
ORD-104660,2024-07-05,CUST-00533,Corporate,East,Web,Furniture,Furnishings,7,263.73,0.0,1846.11,592.6,Second Class,6.0,4.0,False,GBP
ORD-104597,2025-07-15,CUST-00806,Home Office,Central,Phone,Office Supplies,Binders,1,48.1,0.3,33.67,6.63,First Class,3.0,4.1,False,GBP
ORD-103853,2025-03-12,CUST-00364,Consumer,East,Marketplace,Technology,Copiers,3,394.13,0.15,1005.03,275.38,Standard,7.0,4.2,False,GBP
ORD-100655,2024-04-13,CUST-00146,Corporate,Central,Web,Technology,Phones,6,328.51,0.0,1971.06,589.35,Standard,3.0,4.1,False,GBP
ORD-101986,2025-03-17,CUST-01048,,South,Marketplace,Furniture,Tables,5,114.74,0.15,487.64,102.4,Standard,6.0,3.3,False,GBP
ORD-104304,2024-05-06,CUST-00465,Corporate,West,Mobile App,Office Supplies,Labels,6,31.11,0.3,130.66,19.47,Second Class,2.0,3.5,True,GBP
ORD-101522,2024-03-31,CUST-01224,Consumer,South,Web,Technology,Accessories,1,298.41,0.4,179.05,26.14,Second Class,4.0,3.8,False,GBP
ORD-103730,2025-02-28,CUST-01018,Consumer,South,Mobile App,Furniture,Tables,4,268.44,0.2,859.01,127.99,Standard,6.0,4.6,False,GBP
ORD-104433,2024-11-14,CUST-01078,,Central,Web,Office Supplies,Labels,5,22.23,0.4,66.69,12.47,Second Class,4.0,4.2,False,GBP
ORD-103358,2024-12-26,CUST-00278,Home Office,East,Marketplace,Office Supplies,Paper,8,34.06,0.1,245.23,80.93,Second Class,3.0,,False,GBP
ORD-103466,2024-07-26,CUST-00794,Consumer,West,Web,Furniture,Chairs,2,328.25,0.1,590.85,150.08,Standard,5.0,2.5,True,GBP
ORD-101575,2024-10-25,CUST-00267,Home Office,East,Web,Furniture,Chairs,5,302.62,0.0,1513.1,469.06,First Class,2.0,3.4,False,GBP
ORD-100674,2025-11-28,CUST-01364,Consumer,East,Web,Office Supplies,Labels,7,40.24,0.1,253.51,67.69,Standard,6.0,2.3,False,GBP
ORD-104907,2025-06-27,CUST-01097,Consumer,South,Web,Office Supplies,Binders,1,24.91,0.0,24.91,7.32,First Class,2.0,5.0,True,GBP
ORD-103603,2025-04-13,CUST-00176,Home Office,North,Marketplace,Technology,Machines,5,237.4,0.15,1008.95,451.0,Second Class,4.0,3.4,False,GBP
ORD-104470,2024-10-21,CUST-01167,Consumer,North,Web,Furniture,Tables,7,239.03,0.0,1673.21,498.62,Standard,6.0,4.2,False,GBP
ORD-103511,2024-02-14,CUST-00931,Consumer,West,Web,Furniture,Bookcases,2,166.27,0.0,332.54,135.34,Standard,6.0,2.1,False,GBP
ORD-101278,2024-06-05,CUST-00691,Consumer,North,Mobile App,Office Supplies,Paper,6,21.98,0.3,92.32,4.99,First Class,4.0,3.5,False,GBP
ORD-103898,2024-11-30,CUST-00477,Consumer,South,Mobile App,Office Supplies,Labels,6,54.71,0.4,196.96,26.79,Standard,6.0,4.9,False,GBP
ORD-101400,2025-02-13,CUST-00742,Consumer,West,Marketplace,Office Supplies,Art,4,15.03,0.0,60.12,21.52,Second Class,4.0,2.9,True,GBP
ORD-101848,2024-09-24,CUST-00183,Corporate,Central,Web,Office Supplies,Storage,8,44.38,0.0,355.04,120.0,Standard,5.0,4.7,False,GBP
ORD-102792,2025-05-11,CUST-00511,Consumer,North,Marketplace,Office Supplies,Labels,5,31.66,0.2,126.64,20.01,Standard,6.0,4.5,True,GBP
ORD-101144,2025-03-31,CUST-00934,Consumer,West,Mobile App,Furniture,Bookcases,1,231.2,0.1,208.08,51.19,Standard,6.0,4.4,False,GBP
ORD-101330,2025-09-30,CUST-01375,Corporate,East,Web,Office Supplies,Paper,7,20.29,0.0,142.03,40.76,Second Class,5.0,3.9,False,GBP
ORD-103399,2025-10-30,CUST-00097,,North,Marketplace,Office Supplies,Labels,7,88.04,0.4,369.77,-23.67,Standard,6.0,1.9,False,GBP
ORD-101134,2024-09-24,CUST-00291,Home Office,North,Mobile App,Technology,Accessories,8,458.74,0.0,3669.92,1251.44,Second Class,5.0,3.4,False,GBP
ORD-100781,2024-05-30,CUST-00965,Corporate,South,Mobile App,Office Supplies,Binders,1,33.99,0.2,27.19,12.18,Same Day,1.0,5.0,False,GBP
ORD-104143,2024-10-28,CUST-00060,Consumer,South,Web,Furniture,Chairs,7,282.78,0.15,1682.54,514.86,Standard,5.0,4.0,False,GBP
ORD-100327,2025-03-23,CUST-00502,Consumer,South,Marketplace,Technology,Phones,8,450.56,0.15,3063.81,741.44,Second Class,5.0,3.2,False,GBP
ORD-100952,2025-08-09,CUST-01024,Home Office,North,Mobile App,Technology,Accessories,1,540.61,0.4,324.37,21.73,Second Class,2.0,4.6,False,GBP
ORD-103734,2024-11-26,CUST-01196,Consumer,South,Web,Office Supplies,Storage,3,34.11,0.3,71.63,15.11,Standard,5.0,2.9,False,GBP
ORD-100911,2024-03-13,CUST-01204,Corporate,North,Marketplace,Technology,Copiers,4,837.4,0.1,3014.64,639.1,Same Day,2.0,4.7,False,GBP
ORD-100127,2024-08-27,CUST-01178,Consumer,East,Web,Office Supplies,Storage,2,31.13,0.2,49.81,8.52,First Class,4.0,2.6,False,GBP
ORD-100043,2025-09-10,CUST-01117,Corporate,East,Mobile App,Technology,Copiers,7,540.99,0.15,3218.89,1068.67,Standard,7.0,3.5,False,GBP
ORD-103820,2024-04-01,CUST-01117,Consumer,Central,Web,Furniture,Tables,2,331.02,0.2,529.63,139.82,Second Class,6.0,2.8,False,GBP
ORD-104034,2025-12-14,CUST-00224,Corporate,North,Mobile App,Office Supplies,Labels,5,30.08,0.2,120.32,10.11,Second Class,5.0,3.6,False,GBP
ORD-103983,2024-10-01,CUST-00378,Corporate,West,Web,Furniture,Bookcases,2,255.65,0.4,306.78,23.32,Standard,6.0,,False,GBP
ORD-103737,2025-03-22,CUST-00067,Corporate,North,Marketplace,Furniture,Furnishings,7,200.31,0.1,1261.95,199.39,Second Class,3.0,4.5,False,GBP
ORD-102152,2024-10-27,CUST-00302,Corporate,North,Web,Office Supplies,Art,5,51.32,0.1,230.94,66.97,Standard,6.0,2.4,False,GBP
ORD-103621,2025-08-14,CUST-00797,,South,Mobile App,Office Supplies,Art,1,19.57,0.4,11.74,0.5,First Class,1.0,4.2,False,GBP
ORD-101516,2025-10-01,CUST-00229,Consumer,East,Web,Office Supplies,Storage,1,28.37,0.0,28.37,11.75,First Class,4.0,4.4,False,GBP
ORD-102986,2025-08-23,CUST-00570,Home Office,East,Phone,Office Supplies,Binders,4,35.79,0.0,143.16,25.63,Standard,8.0,3.8,False,GBP
ORD-103189,2024-05-01,CUST-01093,Consumer,North,Phone,Furniture,Bookcases,6,428.81,0.15,2186.93,564.23,First Class,3.0,4.7,False,GBP
ORD-100470,2024-02-20,CUST-00608,Consumer,North,Mobile App,Furniture,Bookcases,7,296.72,0.0,2077.04,685.42,First Class,5.0,,False,GBP
ORD-104320,2025-08-20,CUST-00181,Home Office,Central,Mobile App,Technology,Accessories,6,233.36,0.3,980.11,204.84,Standard,6.0,4.0,False,GBP
ORD-102083,2025-07-31,CUST-00303,Corporate,West,Mobile App,Technology,Copiers,2,425.5,0.3,595.7,102.46,Standard,5.0,4.5,False,GBP
ORD-100452,2024-08-22,CUST-00716,Consumer,West,Web,Technology,Copiers,1,326.05,0.0,326.05,142.48,Standard,5.0,,False,GBP
ORD-102675,2025-03-04,CUST-00972,Corporate,South,Phone,Furniture,Chairs,2,819.4,0.0,1638.8,499.83,Standard,5.0,4.2,False,GBP
ORD-100853,2025-01-18,CUST-00547,Consumer,South,Mobile App,Furniture,Bookcases,6,643.75,0.4,2317.5,169.18,First Class,4.0,4.5,False,GBP
ORD-102149,2024-09-07,CUST-00198,,West,Mobile App,Technology,Machines,1,296.09,0.2,236.87,61.11,Standard,7.0,2.2,False,GBP
ORD-103004,2025-08-23,CUST-00486,Consumer,Central,Web,Technology,Accessories,3,1108.75,0.0,3326.25,791.65,Second Class,4.0,3.0,True,GBP
ORD-102096,2024-08-15,CUST-00837,Consumer,North,Web,Furniture,Bookcases,8,424.25,0.0,3394.0,1384.75,Standard,7.0,4.0,False,GBP
ORD-100062,2024-11-21,CUST-01238,Corporate,East,Web,Office Supplies,Labels,1,59.87,0.2,47.9,10.87,Second Class,7.0,3.7,False,GBP
ORD-100057,2025-12-29,CUST-01363,Corporate,Central,Marketplace,Office Supplies,Labels,3,41.26,0.0,123.78,50.75,Standard,4.0,3.6,False,GBP
ORD-101829,2025-01-29,CUST-00131,Consumer,Central,Mobile App,Office Supplies,Paper,3,31.57,0.0,94.71,29.27,Standard,3.0,,False,GBP
ORD-103589,2024-09-26,CUST-01058,Consumer,South,Web,Furniture,Furnishings,4,192.65,0.0,770.6,241.97,Second Class,4.0,4.0,True,GBP
ORD-100594,2025-01-11,CUST-00721,Home Office,East,Web,Office Supplies,Binders,1,30.22,0.3,21.15,3.11,Second Class,4.0,3.4,False,GBP
ORD-100597,2025-08-24,CUST-01300,,East,Web,Office Supplies,Art,5,37.76,0.1,169.92,57.43,Second Class,2.0,3.6,False,GBP
ORD-100958,2025-09-19,CUST-00975,Consumer,North,Mobile App,Office Supplies,Paper,2,23.63,0.2,37.81,6.5,Same Day,2.0,3.4,False,GBP
ORD-100849,2024-05-11,CUST-00998,,Central,Mobile App,Furniture,Chairs,6,266.2,0.4,958.32,131.29,Standard,5.0,4.2,False,GBP
ORD-101885,2025-03-01,CUST-01193,Consumer,North,Mobile App,Office Supplies,Art,8,24.94,0.4,119.71,16.88,Second Class,0.0,3.9,False,GBP
ORD-100875,2024-11-30,CUST-00365,,North,Mobile App,Furniture,Chairs,3,243.21,0.0,729.63,150.3,Standard,7.0,4.8,False,GBP
ORD-101879,2025-10-18,CUST-00679,Home Office,West,Marketplace,Furniture,Chairs,4,254.58,0.4,610.99,49.49,Standard,6.0,2.8,False,GBP
ORD-103682,2025-09-12,CUST-00581,Corporate,West,Marketplace,Technology,Accessories,8,415.54,0.0,3324.32,910.86,Standard,9.0,2.7,False,GBP
ORD-102559,2024-06-12,CUST-00748,Home Office,West,Mobile App,Furniture,Chairs,2,190.19,0.0,380.38,136.18,First Class,5.0,3.6,False,GBP
ORD-101643,2025-02-03,CUST-00225,Consumer,North,Web,Office Supplies,Art,3,30.18,0.2,72.43,13.62,Same Day,1.0,4.4,False,GBP
ORD-102204,2024-02-12,CUST-00011,Corporate,South,Web,Office Supplies,Paper,2,36.51,0.0,73.02,15.26,Second Class,4.0,3.8,False,GBP
ORD-102597,2024-03-09,CUST-01018,Consumer,West,Marketplace,Furniture,Chairs,4,549.49,0.4,1318.78,92.31,Standard,8.0,2.5,False,GBP
ORD-103859,2024-07-10,CUST-00754,Consumer,West,Marketplace,Office Supplies,Labels,5,76.71,0.3,268.48,64.44,Standard,5.0,,False,GBP
ORD-103792,2024-03-08,CUST-00949,Corporate,North,Mobile App,Furniture,Chairs,8,245.37,0.0,1962.96,465.22,Standard,6.0,5.0,True,GBP
ORD-101494,2025-10-16,CUST-01209,Home Office,East,Phone,Office Supplies,Labels,5,11.76,0.1,52.92,16.25,First Class,3.0,3.1,False,GBP
ORD-104050,2025-01-29,CUST-00257,Home Office,South,Web,Furniture,Tables,8,165.69,0.15,1126.69,229.84,Standard,8.0,4.1,False,GBP
ORD-100477,2024-07-08,CUST-00106,Consumer,Central,Web,Office Supplies,Paper,6,11.45,0.3,48.09,9.14,Same Day,0.0,5.0,False,GBP
ORD-101599,2025-02-17,CUST-00836,Corporate,West,Web,Technology,Machines,3,479.02,0.0,1437.06,375.07,Standard,8.0,3.6,False,GBP
ORD-103870,2024-10-28,CUST-00270,Corporate,North,Mobile App,Technology,Phones,7,714.67,0.2,4002.15,664.36,Second Class,1.0,3.8,False,GBP
ORD-102603,2025-11-06,CUST-00028,Home Office,South,Marketplace,Technology,Machines,4,783.88,0.4,1881.31,477.85,Standard,6.0,4.5,False,GBP
ORD-102683,2025-08-11,CUST-01074,Corporate,West,Web,Technology,Machines,6,667.35,0.1,3603.69,843.26,Standard,6.0,4.0,False,GBP
ORD-104191,2024-03-03,CUST-01087,,South,Phone,Office Supplies,Art,5,43.29,0.1,194.8,67.21,Standard,7.0,4.3,False,GBP
ORD-104288,2025-05-06,CUST-00505,,South,Mobile App,Technology,Machines,1,576.37,0.3,403.46,112.97,Standard,3.0,3.4,False,GBP
ORD-103940,2024-03-27,CUST-00426,Consumer,Central,Phone,Furniture,Furnishings,2,305.3,0.15,519.01,88.75,Same Day,3.0,3.5,False,GBP
ORD-102184,2025-04-18,CUST-00792,Home Office,East,Phone,Technology,Machines,4,761.39,0.4,1827.34,338.06,Second Class,2.0,4.3,False,GBP
ORD-104791,2024-11-17,CUST-00317,Home Office,East,Mobile App,Office Supplies,Binders,8,43.82,0.15,297.98,75.69,Standard,6.0,4.1,True,GBP
ORD-102643,2025-06-02,CUST-00898,Corporate,Central,Web,Furniture,Chairs,2,211.02,0.2,337.63,72.93,Standard,8.0,2.7,False,GBP
ORD-103268,2025-05-04,CUST-00097,Corporate,East,Web,Technology,Phones,3,336.66,0.4,605.99,40.6,Standard,5.0,3.4,False,GBP
ORD-103346,2025-10-26,CUST-00892,Corporate,North,Web,Technology,Phones,8,676.32,0.15,4598.98,988.78,Standard,4.0,3.5,False,GBP
ORD-103319,2025-09-07,CUST-00419,,West,Mobile App,Furniture,Tables,6,236.56,0.3,993.55,247.39,Standard,8.0,4.1,False,GBP
ORD-102847,2024-07-07,CUST-00925,Corporate,North,Phone,Technology,Copiers,2,927.37,0.1,1669.27,417.32,First Class,2.0,4.2,False,GBP
ORD-103670,2024-01-01,CUST-00813,,North,Marketplace,Office Supplies,Art,6,24.92,0.0,149.52,50.99,Standard,7.0,1.8,False,GBP
ORD-101703,2024-03-10,CUST-00577,Consumer,East,Mobile App,Technology,Phones,2,393.42,0.1,708.16,281.14,First Class,3.0,3.7,False,GBP
ORD-100611,2025-01-07,CUST-00036,,South,Mobile App,Office Supplies,Labels,1,22.82,0.4,13.69,2.27,First Class,2.0,3.4,True,GBP
ORD-100159,2025-07-18,CUST-01239,Consumer,North,Phone,Furniture,Bookcases,2,283.71,0.3,397.19,81.03,Standard,7.0,3.1,False,GBP
ORD-100926,2025-09-09,CUST-00849,Consumer,West,Marketplace,Office Supplies,Art,4,23.25,0.0,93.0,30.13,Standard,5.0,3.2,False,GBP
ORD-102151,2024-01-09,CUST-00490,Corporate,Central,Phone,Office Supplies,Art,8,32.74,0.1,235.73,37.25,First Class,3.0,3.3,False,GBP
ORD-103891,2024-09-28,CUST-01216,Home Office,East,Phone,Furniture,Chairs,5,576.27,0.2,2305.08,686.91,Second Class,5.0,2.7,False,GBP
ORD-101916,2024-12-20,CUST-00749,Home Office,North,Marketplace,Office Supplies,Binders,4,44.24,0.0,176.96,74.85,Standard,4.0,3.7,False,GBP
ORD-100707,2025-01-17,CUST-01004,Consumer,West,Web,Office Supplies,Labels,2,43.79,0.0,87.58,17.17,First Class,7.0,3.1,False,GBP
ORD-102268,2025-03-14,CUST-01055,Corporate,Central,Web,Office Supplies,Labels,5,100.03,0.2,400.12,62.02,Standard,5.0,2.6,False,GBP
ORD-103689,2024-06-22,CUST-00503,Home Office,Central,Marketplace,Technology,Phones,2,927.85,0.2,1484.56,345.9,Standard,5.0,3.7,False,GBP
ORD-104862,2024-03-13,CUST-00941,Home Office,East,Phone,Technology,Copiers,3,331.83,0.0,995.49,286.7,Standard,5.0,3.9,False,GBP
ORD-100764,2024-05-30,CUST-00961,Consumer,Central,Phone,Office Supplies,Paper,2,53.25,0.4,63.9,1.6,Standard,8.0,3.8,False,GBP
ORD-101698,2024-08-19,CUST-00843,Home Office,East,Web,Furniture,Chairs,3,367.12,0.1,991.22,235.91,Standard,2.0,3.3,False,GBP
ORD-103220,2024-05-20,CUST-00804,,West,Mobile App,Technology,Copiers,4,534.76,0.4,1283.42,195.08,Standard,3.0,2.9,False,GBP
ORD-102052,2025-11-09,CUST-00013,Corporate,Central,Mobile App,Furniture,Bookcases,1,188.21,0.0,188.21,76.41,Standard,3.0,2.9,False,GBP
ORD-101284,2024-04-07,CUST-00218,,West,Web,Technology,Copiers,1,186.12,0.3,130.28,9.12,Standard,6.0,,False,GBP
ORD-101572,2024-12-04,CUST-01328,,West,Marketplace,Technology,Phones,7,259.2,0.0,1814.4,449.97,Standard,7.0,2.7,False,GBP
ORD-102274,2025-11-29,CUST-00901,Consumer,North,Marketplace,Office Supplies,Paper,8,32.5,0.15,221.0,61.88,Standard,9.0,5.0,False,GBP
ORD-101254,2025-05-11,CUST-00609,Consumer,North,Web,Technology,Phones,4,410.26,0.2,1312.83,347.9,Standard,6.0,3.4,False,GBP
ORD-103062,2025-04-30,CUST-00833,,North,Marketplace,Office Supplies,Labels,8,83.97,0.0,671.76,218.32,Second Class,0.0,3.3,False,GBP
ORD-104970,2025-12-19,CUST-00641,Home Office,North,Web,Office Supplies,Storage,6,41.7,0.0,250.2,81.57,Second Class,4.0,3.3,False,GBP
ORD-100755,2024-02-17,CUST-01055,Consumer,East,Marketplace,Furniture,Tables,5,212.09,0.15,901.38,303.77,Standard,6.0,3.2,False,GBP
ORD-103288,2024-10-02,CUST-00250,Consumer,North,Marketplace,Office Supplies,Storage,5,16.37,0.4,49.11,3.68,Standard,4.0,4.8,False,GBP
ORD-100520,2024-10-15,CUST-00447,Consumer,East,Mobile App,Office Supplies,Labels,2,22.28,0.0,44.56,12.92,Standard,6.0,4.1,False,GBP
ORD-101854,2025-02-21,CUST-01279,Corporate,South,Web,Office Supplies,Storage,6,22.84,0.0,137.04,37.14,Second Class,3.0,4.2,False,GBP
ORD-103003,2024-10-19,CUST-00278,,South,Mobile App,Technology,Machines,6,433.07,0.0,2598.42,961.42,Second Class,3.0,4.8,False,GBP
ORD-100142,2024-11-27,CUST-00819,Home Office,North,Mobile App,Office Supplies,Labels,5,25.19,0.0,125.95,39.17,Second Class,4.0,4.2,False,GBP
ORD-100155,2025-11-06,CUST-00684,Consumer,Central,Mobile App,Technology,Phones,1,125.07,0.0,125.07,47.4,Standard,7.0,5.0,True,GBP
ORD-101286,2025-04-12,CUST-01039,Corporate,Central,Mobile App,Office Supplies,Paper,1,32.4,0.3,22.68,3.95,First Class,3.0,3.9,False,GBP
ORD-100643,2024-12-17,CUST-01318,Corporate,East,Web,Office Supplies,Art,3,37.03,0.0,111.09,43.88,Second Class,2.0,5.0,False,GBP
ORD-102529,2025-09-14,CUST-01324,Corporate,West,Mobile App,Office Supplies,Storage,8,14.37,0.0,114.96,37.13,First Class,2.0,3.1,False,GBP
ORD-100488,2025-12-22,CUST-00671,Consumer,North,Phone,Technology,Machines,8,409.03,0.0,3272.24,896.59,Standard,8.0,3.8,False,GBP
ORD-102864,2025-04-29,CUST-00162,Corporate,West,Mobile App,Technology,Copiers,4,374.23,0.0,1496.92,440.09,Standard,5.0,3.3,False,GBP
ORD-101962,2025-02-22,CUST-00786,Corporate,East,Phone,Furniture,Chairs,8,166.5,0.0,1332.0,484.85,Second Class,3.0,3.1,False,GBP
ORD-103875,2024-02-15,CUST-00291,Consumer,South,Web,Office Supplies,Storage,6,16.92,0.0,101.52,44.47,Standard,8.0,4.5,False,GBP
ORD-101352,2024-07-04,CUST-00001,Consumer,North,Mobile App,Furniture,Bookcases,6,313.86,0.3,1318.21,226.73,Standard,5.0,3.9,False,GBP
ORD-102116,2025-09-17,CUST-00201,Consumer,South,Web,Office Supplies,Art,2,23.74,0.4,28.49,3.28,First Class,,3.5,False,GBP
ORD-103656,2025-03-06,CUST-00529,Consumer,West,Marketplace,Office Supplies,Storage,4,33.6,0.4,80.64,9.6,Standard,6.0,,False,GBP
ORD-100656,2024-11-05,CUST-00373,Corporate,Central,Marketplace,Office Supplies,Binders,8,39.36,0.2,251.9,38.54,Same Day,0.0,4.3,False,GBP
ORD-101301,2025-02-05,CUST-00172,Consumer,Central,Mobile App,Office Supplies,Paper,3,65.29,0.0,195.87,77.76,Standard,7.0,4.6,True,GBP
ORD-102057,2024-11-16,CUST-01303,Consumer,West,Mobile App,Technology,Machines,5,287.67,0.0,1438.35,230.14,Standard,8.0,4.4,False,GBP
ORD-102183,2025-12-08,CUST-01125,Consumer,West,Marketplace,Technology,Accessories,1,346.77,0.3,242.74,58.5,Standard,6.0,4.6,False,GBP
ORD-103235,2024-09-03,CUST-00946,Consumer,Central,Marketplace,Office Supplies,Labels,6,15.7,0.4,56.52,6.16,Same Day,,4.2,False,GBP
ORD-104830,2025-03-04,CUST-00345,Consumer,Central,Phone,Furniture,Bookcases,8,153.9,0.0,1231.2,474.01,Standard,7.0,,False,GBP
ORD-100808,2025-02-17,CUST-00076,Corporate,South,Mobile App,Office Supplies,Art,6,66.97,0.0,401.82,116.13,First Class,3.0,4.1,False,GBP
ORD-100384,2025-06-01,CUST-01072,Consumer,West,Web,Furniture,Chairs,2,353.7,0.3,495.18,51.0,First Class,4.0,1.9,False,GBP
ORD-100371,2025-01-29,CUST-00647,Corporate,North,Mobile App,Furniture,Tables,3,612.52,0.1,1653.8,643.33,Same Day,0.0,4.0,False,GBP
ORD-100529,2025-12-02,CUST-00776,Consumer,West,Web,Office Supplies,Binders,4,13.68,0.1,49.25,10.69,Second Class,7.0,3.5,False,GBP
ORD-103826,2024-02-05,CUST-01072,Consumer,North,Phone,Office Supplies,Storage,7,33.15,0.2,185.64,46.78,Standard,6.0,3.7,False,GBP
ORD-104625,2024-06-03,CUST-00725,Home Office,East,Mobile App,Furniture,Chairs,6,75.67,0.2,363.22,68.65,Standard,4.0,4.3,False,GBP
ORD-102525,2025-11-08,CUST-00492,Consumer,South,Web,Office Supplies,Art,1,15.06,0.0,15.06,4.56,Standard,5.0,3.3,False,GBP
ORD-103536,2024-10-02,CUST-01125,Consumer,Central,Web,Furniture,Chairs,5,203.64,0.0,1018.2,240.3,Same Day,1.0,4.2,False,GBP
ORD-101927,2024-10-09,CUST-00828,Consumer,East,Mobile App,Office Supplies,Art,2,20.57,0.0,41.14,14.97,Standard,7.0,4.1,False,GBP
ORD-100392,2024-12-16,CUST-01085,Consumer,Central,Mobile App,Office Supplies,Storage,1,13.83,0.0,13.83,3.75,Standard,7.0,4.1,False,GBP
ORD-104348,2024-01-03,CUST-00118,Home Office,East,Web,Furniture,Chairs,7,274.39,0.0,1920.73,557.01,Second Class,3.0,4.8,False,GBP
ORD-103643,2025-09-14,CUST-00677,Corporate,East,Marketplace,Furniture,Furnishings,3,101.13,0.3,212.37,39.93,Standard,7.0,4.3,False,GBP
ORD-104978,2025-11-24,CUST-00268,Corporate,South,Web,Furniture,Furnishings,1,229.55,0.1,206.6,47.31,Standard,5.0,4.7,False,GBP
ORD-100005,2024-09-09,CUST-01024,,South,Web,Technology,Machines,3,446.51,0.0,1339.53,354.98,Second Class,5.0,4.0,False,GBP
ORD-104761,2024-11-09,CUST-00339,Corporate,North,Mobile App,Technology,Accessories,8,468.56,0.15,3186.21,755.13,Standard,7.0,4.5,False,GBP
ORD-104156,2024-04-25,CUST-00826,Consumer,East,Web,Furniture,Tables,6,177.08,0.0,1062.48,206.12,Standard,7.0,3.1,False,GBP
ORD-102906,2025-02-22,CUST-01344,Consumer,East,Web,Furniture,Bookcases,8,218.25,0.0,1746.0,570.94,Same Day,3.0,3.7,False,GBP
ORD-101896,2024-02-05,CUST-00955,,West,Mobile App,Office Supplies,Labels,2,22.89,0.15,38.91,16.58,Standard,6.0,4.5,False,GBP
ORD-102040,2024-12-29,CUST-00681,Corporate,North,Mobile App,Furniture,Tables,1,69.16,0.0,69.16,23.79,First Class,4.0,4.1,False,GBP
ORD-103137,2025-08-23,CUST-01362,Home Office,Central,Marketplace,Furniture,Chairs,5,91.32,0.1,410.94,126.98,Standard,7.0,4.0,False,GBP
ORD-103684,2024-06-22,CUST-01157,Consumer,West,Mobile App,Technology,Machines,3,167.04,0.15,425.95,99.67,Standard,9.0,3.7,False,GBP
ORD-104325,2025-12-05,CUST-00893,,East,Marketplace,Office Supplies,Binders,5,26.99,0.0,134.95,34.95,Standard,8.0,3.7,False,GBP
ORD-100466,2025-10-22,CUST-00636,Corporate,West,Web,Technology,Machines,6,374.27,0.0,2245.62,907.23,Standard,7.0,3.6,False,GBP
ORD-101293,2025-02-24,CUST-00326,Consumer,South,Web,Technology,Accessories,7,424.8,0.0,2973.6,808.82,Standard,4.0,4.1,False,GBP
ORD-104212,2024-11-14,CUST-00814,Consumer,Central,Phone,Office Supplies,Art,1,31.29,0.3,21.9,0.92,Second Class,2.0,4.5,False,GBP
ORD-103998,2024-08-04,CUST-00554,Consumer,East,Web,Office Supplies,Paper,3,17.21,0.0,51.63,20.96,Second Class,2.0,4.9,False,GBP
ORD-100995,2024-07-21,CUST-00108,Corporate,South,Marketplace,Technology,Copiers,1,396.98,0.2,317.58,74.63,Second Class,4.0,3.2,False,GBP
ORD-103175,2025-11-02,CUST-01292,Home Office,West,Marketplace,Furniture,Tables,4,1165.03,0.4,2796.07,148.19,First Class,5.0,3.0,False,GBP
ORD-103483,2024-10-02,CUST-01070,Consumer,South,Mobile App,Office Supplies,Storage,2,28.8,0.1,51.84,19.49,Second Class,3.0,3.8,False,GBP
ORD-101628,2025-08-10,CUST-00502,Consumer,South,Marketplace,Furniture,Tables,4,157.62,0.0,630.48,189.77,Standard,8.0,2.6,False,GBP
ORD-103324,2025-08-12,CUST-00940,Home Office,North,Web,Office Supplies,Art,3,60.75,0.2,145.8,41.55,Standard,7.0,4.9,False,GBP
ORD-102745,2024-07-28,CUST-00994,Corporate,North,Mobile App,Technology,Copiers,4,163.8,0.15,556.92,189.35,Second Class,3.0,3.9,False,GBP
ORD-102937,2025-04-10,CUST-00267,Consumer,Central,Web,Technology,Phones,2,285.55,0.0,571.1,222.73,Standard,8.0,4.1,False,GBP
ORD-104372,2024-02-13,CUST-00733,Home Office,Central,Mobile App,Furniture,Chairs,1,384.19,0.0,384.19,116.41,Standard,5.0,,False,GBP
ORD-102269,2024-09-03,CUST-00985,Home Office,North,Web,Office Supplies,Paper,4,22.13,0.15,75.24,17.68,Standard,6.0,,False,GBP
ORD-102430,2024-12-05,CUST-01018,Consumer,Central,Mobile App,Furniture,Tables,6,168.3,0.0,1009.8,283.75,Standard,2.0,2.7,False,GBP
ORD-100370,2025-04-12,CUST-00187,Corporate,West,Web,Furniture,Tables,2,120.22,0.0,240.44,97.38,Same Day,1.0,4.2,False,GBP
ORD-101127,2025-03-06,CUST-01022,Consumer,East,Web,Furniture,Tables,6,377.43,0.4,1358.75,146.74,Second Class,7.0,4.1,False,GBP
ORD-103079,2025-07-13,CUST-01000,Consumer,North,Marketplace,Furniture,Bookcases,6,366.44,0.1,1978.78,747.98,Standard,7.0,3.0,False,GBP
ORD-100282,2024-05-13,CUST-00748,Home Office,Central,Web,Furniture,Bookcases,7,144.97,0.3,28414.0,10.66,Standard,7.0,,False,GBP
ORD-104687,2025-02-26,CUST-00257,Corporate,Central,Mobile App,Furniture,Chairs,6,244.42,0.4,879.91,155.74,Standard,5.0,3.6,False,GBP
ORD-100337,2025-12-02,CUST-01191,Corporate,Central,Marketplace,Furniture,Furnishings,1,380.07,0.4,228.04,-17.1,Standard,8.0,3.7,False,GBP
ORD-104584,2025-02-07,CUST-00895,Consumer,West,Web,Technology,Machines,2,413.57,0.0,827.14,336.65,Standard,8.0,3.6,False,GBP
ORD-103422,2025-09-10,CUST-00655,,East,Phone,Office Supplies,Binders,4,24.79,0.0,99.16,46.41,Standard,5.0,3.8,False,GBP
ORD-104568,2024-05-13,CUST-00624,Corporate,North,Web,Technology,Copiers,4,575.67,0.0,2302.68,462.84,Standard,3.0,3.7,False,GBP
ORD-101445,2024-07-11,CUST-00871,Consumer,West,Web,Technology,Accessories,6,525.06,0.0,3150.36,866.35,Second Class,7.0,4.0,False,GBP
ORD-102714,2024-12-16,CUST-00404,Corporate,North,Web,Office Supplies,Storage,2,8.09,0.0,16.18,9.32,First Class,2.0,2.3,False,GBP
ORD-104244,2024-01-10,CUST-00671,Consumer,North,Web,Office Supplies,Storage,5,18.87,0.1,84.92,26.83,Standard,5.0,2.4,False,GBP
ORD-101028,2024-03-22,CUST-00111,Consumer,North,Marketplace,Technology,Machines,4,468.25,0.2,1498.4,362.61,Standard,6.0,3.8,False,GBP
ORD-100133,2024-11-08,CUST-00124,Corporate,West,Marketplace,Furniture,Bookcases,7,269.06,0.4,1130.05,114.14,Standard,5.0,2.4,False,GBP
ORD-101133,2024-01-15,CUST-01342,Home Office,East,Phone,Office Supplies,Binders,5,45.43,0.4,136.29,17.45,Same Day,1.0,4.4,False,GBP
ORD-100585,2024-05-12,CUST-00572,Corporate,Central,Web,Technology,Phones,7,390.87,0.0,2736.09,867.34,Standard,8.0,3.6,False,GBP
ORD-102755,2024-06-20,CUST-00588,,West,Marketplace,Furniture,Bookcases,5,399.72,0.2,1598.88,276.61,Standard,9.0,3.5,False,GBP
ORD-103480,2024-02-20,CUST-00530,Consumer,North,Marketplace,Furniture,Chairs,5,319.47,0.0,1597.35,552.68,Standard,6.0,3.9,False,GBP
ORD-104682,2025-07-12,CUST-01081,Corporate,Central,Web,Office Supplies,Storage,5,20.11,0.4,60.33,7.0,Standard,,4.0,False,GBP
ORD-103165,2024-04-13,CUST-00877,Consumer,East,Mobile App,Office Supplies,Storage,4,40.2,0.2,128.64,23.8,Second Class,2.0,4.5,False,GBP
ORD-104442,2025-07-09,CUST-00653,Consumer,Central,Phone,Furniture,Furnishings,4,404.69,0.15,1375.95,382.51,Standard,6.0,3.1,False,GBP
ORD-100111,2025-03-19,CUST-00182,Consumer,West,Marketplace,Technology,Machines,2,301.42,0.2,482.27,102.24,Standard,5.0,3.5,False,GBP
ORD-102942,2025-07-10,CUST-00294,Consumer,South,Marketplace,Furniture,Furnishings,2,256.54,0.0,513.08,255.51,Standard,6.0,5.0,False,GBP
ORD-100160,2025-05-15,CUST-00813,Consumer,Central,Web,Furniture,Furnishings,8,94.47,0.1,680.18,193.17,Standard,7.0,3.6,False,GBP
ORD-102934,2024-06-02,CUST-00820,Consumer,East,Mobile App,Furniture,Furnishings,5,364.44,0.0,1822.2,677.86,First Class,,5.0,False,GBP
ORD-100236,2025-06-11,CUST-00175,Consumer,South,Marketplace,Office Supplies,Labels,3,19.37,0.3,40.68,9.56,Standard,2.0,3.2,False,GBP
ORD-100820,2025-05-22,CUST-01147,Consumer,North,Mobile App,Furniture,Chairs,7,149.98,0.2,839.89,122.62,Standard,4.0,3.2,False,GBP
ORD-103558,2025-02-18,CUST-01339,,South,Mobile App,Technology,Machines,5,321.46,0.0,1607.3,507.91,Standard,7.0,4.0,False,GBP
ORD-101700,2025-12-10,CUST-00397,Consumer,Central,Mobile App,Furniture,Furnishings,4,343.03,0.0,1372.12,636.66,Standard,6.0,4.3,False,GBP
ORD-101543,2025-04-16,CUST-00447,Consumer,East,Web,Furniture,Tables,1,296.63,0.1,266.97,108.39,Standard,8.0,4.4,False,GBP
ORD-102192,2025-02-18,CUST-00367,Consumer,South,Web,Office Supplies,Binders,1,27.46,0.3,19.22,2.9,Standard,6.0,5.0,False,GBP
ORD-101426,2025-10-18,CUST-00685,Consumer,South,Web,Furniture,Tables,4,411.91,0.0,1647.64,604.68,Standard,9.0,3.5,True,GBP
ORD-101277,2024-08-30,CUST-00231,Home Office,South,Web,Office Supplies,Paper,6,30.46,0.3,127.93,21.75,Standard,4.0,4.3,False,GBP
ORD-102533,2025-10-22,CUST-01313,Home Office,West,Web,Furniture,Tables,6,233.5,0.4,840.6,136.18,Standard,8.0,3.6,False,GBP
ORD-102399,2024-07-17,CUST-01060,Corporate,West,Mobile App,Technology,Copiers,1,320.14,0.0,320.14,116.53,Second Class,7.0,3.3,False,GBP
ORD-101012,2025-12-27,CUST-01215,Corporate,East,Mobile App,Furniture,Furnishings,7,243.04,0.1,1531.15,482.31,Second Class,,2.8,False,GBP
ORD-102524,2024-09-19,CUST-00095,Consumer,Central,Phone,Technology,Phones,3,395.31,0.4,711.56,88.23,Standard,6.0,4.5,False,GBP
ORD-104713,2025-10-13,CUST-01141,Corporate,East,Mobile App,Office Supplies,Labels,6,108.8,0.2,522.24,88.78,Standard,6.0,4.1,False,GBP
ORD-104677,2025-11-28,CUST-00775,Corporate,Central,Web,Office Supplies,Storage,3,12.44,0.3,26.12,4.81,Standard,4.0,2.5,False,GBP
ORD-101499,2025-05-18,CUST-00071,Corporate,Central,Web,Office Supplies,Storage,6,23.27,0.0,139.62,53.33,Standard,8.0,,False,GBP
ORD-100272,2024-03-27,CUST-01187,Consumer,Central,Marketplace,Office Supplies,Art,3,21.52,0.2,51.65,12.71,Standard,8.0,3.5,False,GBP
ORD-103304,2025-08-24,CUST-00726,Home Office,North,Web,Office Supplies,Paper,7,22.98,0.2,128.69,42.73,Second Class,5.0,4.8,False,GBP
ORD-104006,2025-02-04,CUST-01371,Home Office,East,Mobile App,Office Supplies,Labels,7,20.47,0.1,128.96,38.04,Standard,7.0,2.6,False,GBP
ORD-101155,2025-04-20,CUST-01253,Consumer,South,Mobile App,Office Supplies,Art,6,19.18,0.2,92.06,26.15,Second Class,4.0,4.3,False,GBP
ORD-100696,2025-10-04,CUST-00172,Corporate,East,Phone,Technology,Phones,2,576.33,0.0,1152.66,379.23,Standard,6.0,3.5,False,GBP
ORD-102931,2024-03-04,CUST-00348,Home Office,South,Mobile App,Office Supplies,Binders,7,63.2,0.2,353.92,106.18,Standard,5.0,2.8,False,GBP
ORD-100071,2025-01-07,CUST-00749,Corporate,West,Web,Office Supplies,Labels,8,36.9,0.3,206.64,7.44,First Class,2.0,3.7,True,GBP
ORD-102746,2024-06-28,CUST-00411,Consumer,East,Web,Technology,Copiers,7,496.22,0.0,3473.54,1208.79,Standard,6.0,4.7,False,GBP
ORD-103882,2025-01-04,CUST-00642,Corporate,South,Mobile App,Furniture,Chairs,6,380.35,0.0,2282.1,725.71,Standard,7.0,3.2,False,GBP
ORD-103345,2024-01-08,CUST-01399,Corporate,West,Phone,Office Supplies,Storage,3,38.38,0.2,92.11,16.49,First Class,5.0,,False,GBP
ORD-102146,2025-06-09,CUST-00390,Home Office,East,Phone,Technology,Accessories,8,786.64,0.15,5349.15,1508.46,Standard,3.0,4.1,False,GBP
ORD-100044,2025-06-25,CUST-01146,,East,Web,Office Supplies,Art,7,19.42,0.1,122.35,20.07,Second Class,5.0,1.8,False,GBP
ORD-101347,2025-02-13,CUST-00942,Consumer,North,Mobile App,Office Supplies,Storage,4,29.46,0.0,117.84,26.16,Second Class,3.0,4.4,False,GBP
ORD-100102,2025-01-18,CUST-01016,Corporate,Central,Mobile App,Office Supplies,Storage,5,21.12,0.0,105.6,26.29,Same Day,2.0,4.2,False,GBP
ORD-100101,2025-03-24,CUST-00820,Consumer,South,Mobile App,Office Supplies,Labels,7,51.05,0.3,250.14,61.03,Second Class,6.0,3.5,True,GBP
ORD-103471,2025-11-18,CUST-00643,Home Office,North,Web,Technology,Accessories,2,489.52,0.0,979.04,383.78,Standard,6.0,4.0,False,GBP
ORD-103813,2024-02-04,CUST-00445,Home Office,Central,Web,Office Supplies,Storage,5,40.42,0.0,202.1,97.01,Standard,6.0,3.4,False,GBP
ORD-100460,2025-12-26,CUST-00060,Corporate,North,Web,Office Supplies,Art,8,71.82,0.0,574.56,254.53,Standard,8.0,2.2,False,GBP
ORD-100090,2024-11-21,CUST-01140,Home Office,North,Mobile App,Furniture,Furnishings,1,176.26,0.15,149.82,37.9,Standard,7.0,3.3,False,GBP
ORD-102739,2024-12-02,CUST-00590,Consumer,North,Mobile App,Office Supplies,Art,7,52.49,0.2,293.94,30.57,Standard,5.0,3.4,False,GBP
ORD-101920,2024-02-14,CUST-00078,Consumer,South,Mobile App,Office Supplies,Storage,6,15.3,0.15,78.03,39.64,Standard,6.0,4.1,True,GBP
ORD-103844,2025-08-29,CUST-00467,,West,Web,Furniture,Tables,8,206.3,0.0,1650.4,584.24,Standard,6.0,5.0,False,GBP
ORD-104933,2025-10-27,CUST-00400,Corporate,East,Marketplace,Technology,Copiers,8,243.54,0.0,1948.32,508.51,Standard,6.0,3.0,False,GBP
ORD-100556,2025-08-20,CUST-01366,Home Office,South,Web,Technology,Accessories,7,628.85,0.0,4401.95,2394.66,Second Class,2.0,3.5,False,GBP
ORD-101601,2024-04-05,CUST-00356,Consumer,South,Marketplace,Office Supplies,Storage,3,24.81,0.1,66.99,18.56,Standard,5.0,3.9,False,GBP
ORD-100642,2024-12-01,CUST-00265,Consumer,Central,Mobile App,Office Supplies,Storage,6,19.05,0.4,68.58,0.07,Standard,6.0,4.5,False,GBP
ORD-104626,2024-01-02,CUST-00630,,West,Mobile App,Furniture,Chairs,2,258.8,0.1,465.84,169.1,First Class,2.0,4.6,False,GBP
ORD-100112,2024-01-15,CUST-00300,Corporate,South,Mobile App,Furniture,Chairs,5,276.66,0.2,1106.64,408.35,Standard,5.0,3.9,False,GBP
ORD-103620,2025-08-14,CUST-00785,Home Office,West,Web,Technology,Accessories,4,440.41,0.3,1233.15,319.39,Standard,5.0,3.5,False,GBP
ORD-100458,2024-03-30,CUST-00961,Home Office,West,Web,Office Supplies,Binders,3,40.9,0.15,104.29,22.63,Standard,5.0,2.8,False,GBP
ORD-102939,2025-12-29,CUST-01005,Consumer,Central,Mobile App,Office Supplies,Art,6,62.18,0.4,223.85,50.14,Standard,5.0,3.8,False,GBP
ORD-102548,2025-10-07,CUST-00346,Consumer,East,Mobile App,Furniture,Tables,4,144.25,0.0,577.0,235.42,Same Day,1.0,4.5,False,GBP
ORD-102599,2025-03-16,CUST-01206,Consumer,South,Web,Furniture,Furnishings,8,209.97,0.2,1343.81,339.98,Standard,5.0,4.0,False,GBP
ORD-101189,2024-10-12,CUST-01315,Consumer,West,Web,Technology,Phones,6,665.29,0.15,3392.98,1173.97,Standard,7.0,3.3,False,GBP
ORD-104917,2024-02-04,CUST-00825,Corporate,West,Web,Furniture,Bookcases,7,308.55,0.1,1943.86,701.73,First Class,5.0,3.5,False,GBP
ORD-100584,2025-05-09,CUST-00476,Consumer,Central,Mobile App,Furniture,Bookcases,4,221.54,0.3,620.31,91.19,Standard,6.0,3.4,False,GBP
ORD-101623,2024-04-30,CUST-00425,Consumer,West,Marketplace,Office Supplies,Art,1,38.68,0.2,30.94,7.43,Standard,8.0,3.7,False,GBP
ORD-104900,2024-10-28,CUST-00293,Corporate,Central,Phone,Office Supplies,Art,2,49.79,0.1,89.62,20.7,Standard,5.0,3.8,False,GBP
ORD-101031,2025-03-01,CUST-00879,Consumer,North,Marketplace,Technology,Phones,3,295.56,0.15,753.68,192.94,Standard,6.0,4.9,False,GBP
ORD-103665,2024-04-12,CUST-00376,Consumer,North,Mobile App,Office Supplies,Paper,7,25.06,0.4,105.25,20.52,Standard,5.0,4.0,False,GBP
ORD-104757,2025-01-08,CUST-00654,Consumer,Central,Marketplace,Furniture,Chairs,5,304.25,0.0,1521.25,470.07,First Class,3.0,4.2,False,GBP
ORD-100242,2025-02-21,CUST-00771,Corporate,North,Mobile App,Office Supplies,Binders,1,30.14,0.0,30.14,8.41,First Class,2.0,3.6,False,GBP
ORD-102808,2024-12-28,CUST-00443,Home Office,South,Marketplace,Office Supplies,Labels,7,33.2,0.4,139.44,10.6,First Class,3.0,4.3,False,GBP
ORD-100312,2025-12-19,CUST-00699,Corporate,North,Mobile App,Office Supplies,Binders,7,20.96,0.15,124.71,27.19,First Class,6.0,3.2,False,GBP
ORD-102160,2024-11-09,CUST-00855,Home Office,South,Phone,Office Supplies,Art,7,25.4,0.2,142.24,30.58,Second Class,3.0,4.2,False,GBP
ORD-104408,2024-01-17,CUST-00300,,Central,Web,Office Supplies,Labels,4,20.32,0.1,73.15,25.24,First Class,3.0,3.3,False,GBP
ORD-100737,2025-06-26,CUST-00142,Consumer,North,Phone,Office Supplies,Storage,3,20.13,0.4,36.23,7.64,Same Day,3.0,3.0,False,GBP
ORD-103574,2024-03-03,CUST-01256,,East,Web,Office Supplies,Paper,4,27.54,0.3,77.11,12.57,Same Day,5.0,4.4,False,GBP
ORD-103375,2025-07-23,CUST-00209,Home Office,South,Mobile App,Technology,Machines,2,241.52,0.0,483.04,161.34,Second Class,7.0,3.2,False,GBP
ORD-101497,2025-11-23,CUST-00112,Corporate,West,Mobile App,Furniture,Furnishings,8,241.83,0.4,1160.78,24.38,Standard,4.0,3.1,False,GBP
ORD-103805,2024-05-28,CUST-00322,Corporate,South,Mobile App,Furniture,Chairs,5,342.01,0.0,1710.05,654.95,Standard,5.0,2.1,False,GBP
ORD-103999,2024-06-23,CUST-00095,Home Office,North,Web,Office Supplies,Binders,7,51.65,0.0,361.55,100.87,Standard,6.0,1.7,False,GBP
ORD-103210,2025-10-07,CUST-00953,,Central,Web,Technology,Copiers,1,796.58,0.0,796.58,214.28,Second Class,4.0,4.8,False,GBP
ORD-101527,2024-01-24,CUST-00991,,North,Web,Technology,Accessories,5,728.69,0.1,3279.11,918.15,Standard,4.0,5.0,False,GBP
ORD-103907,2025-01-13,CUST-00540,Consumer,Central,Web,Office Supplies,Storage,3,42.86,0.15,109.29,27.87,Same Day,0.0,4.6,False,GBP
ORD-100732,2024-01-17,CUST-01124,Corporate,West,Marketplace,Technology,Machines,8,971.74,0.1,6996.53,3162.43,Standard,5.0,,False,GBP
ORD-103599,2024-07-11,CUST-01164,Consumer,North,Marketplace,Technology,Accessories,3,765.48,0.2,1837.15,363.76,Standard,,3.0,True,GBP
ORD-104812,2025-10-27,CUST-00257,Consumer,South,Web,Office Supplies,Labels,1,5.96,0.15,5.07,1.12,First Class,,5.0,False,GBP
ORD-101806,2024-09-07,CUST-01189,Consumer,West,Web,Furniture,Chairs,2,204.22,0.1,367.6,87.12,Standard,10.0,3.0,False,GBP
ORD-102126,2025-10-12,CUST-01157,Consumer,South,Web,Furniture,Chairs,6,185.13,0.0,1110.78,266.59,First Class,3.0,,False,GBP
ORD-102691,2025-11-30,CUST-01024,Corporate,North,Web,Furniture,Bookcases,7,182.91,0.4,768.22,103.71,Standard,5.0,4.4,False,GBP
ORD-101324,2025-10-19,CUST-01203,Consumer,South,Web,Office Supplies,Binders,5,19.36,0.15,82.28,22.22,Same Day,0.0,5.0,False,GBP
ORD-103101,2024-12-09,CUST-00833,,Central,Marketplace,Furniture,Chairs,6,224.78,0.15,1146.38,259.08,Standard,4.0,4.2,False,GBP
ORD-103042,2024-07-25,CUST-01330,Consumer,North,Web,Office Supplies,Storage,2,14.24,0.4,17.09,1.38,Standard,9.0,4.1,False,GBP
ORD-102136,2024-01-21,CUST-00731,Consumer,East,Web,Office Supplies,Paper,8,7.99,0.0,63.92,28.32,Standard,5.0,2.8,False,GBP
ORD-100920,2025-04-01,CUST-00537,Consumer,South,Phone,Office Supplies,Binders,7,35.43,0.4,148.81,14.73,Standard,4.0,4.1,False,GBP
ORD-103609,2025-10-28,CUST-01392,Consumer,North,Web,Office Supplies,Storage,4,20.37,0.0,81.48,22.9,Standard,7.0,3.4,False,GBP
ORD-103778,2025-10-07,CUST-01376,Consumer,West,Web,Technology,Accessories,1,329.24,0.2,263.39,94.82,Second Class,0.0,4.4,False,GBP
ORD-104859,2024-03-23,CUST-00375,,North,Mobile App,Office Supplies,Storage,3,28.54,0.0,85.62,22.09,Second Class,5.0,5.0,False,GBP
ORD-103995,2024-07-26,CUST-01352,Consumer,North,Mobile App,Furniture,Furnishings,2,501.78,0.0,1003.56,315.12,Second Class,4.0,4.9,True,GBP
ORD-100323,2025-03-05,CUST-00724,Consumer,Central,Mobile App,Technology,Copiers,7,477.53,0.4,2005.63,425.19,First Class,2.0,3.2,False,GBP
ORD-101908,2025-08-09,CUST-00115,Consumer,South,Marketplace,Technology,Accessories,1,868.04,0.2,694.43,174.3,Standard,8.0,3.7,False,GBP
ORD-103197,2025-05-28,CUST-00600,Corporate,South,Phone,Technology,Machines,8,552.93,0.0,4423.44,1477.43,Second Class,4.0,3.1,False,GBP
ORD-104749,2024-02-03,CUST-00606,Consumer,West,Mobile App,Office Supplies,Storage,8,38.54,0.15,262.07,83.86,Standard,6.0,4.6,False,GBP
ORD-103493,2024-01-13,CUST-00338,,Central,Web,Furniture,Furnishings,7,141.71,0.0,991.97,364.05,Standard,8.0,3.1,True,GBP
ORD-101640,2025-08-11,CUST-01140,Corporate,North,Mobile App,Furniture,Chairs,1,191.43,0.4,114.86,4.13,Same Day,1.0,5.0,False,GBP
ORD-102663,2025-09-26,CUST-00482,Consumer,West,Web,Technology,Accessories,1,394.8,0.0,394.8,81.72,First Class,4.0,2.3,False,GBP
ORD-100953,2024-02-16,CUST-00136,Corporate,South,Phone,Furniture,Chairs,7,228.9,0.4,961.38,72.1,Second Class,4.0,4.3,False,GBP
ORD-100851,2025-05-27,CUST-00314,Consumer,East,Marketplace,Furniture,Bookcases,3,338.62,0.15,863.48,240.91,Standard,6.0,2.5,False,GBP
ORD-103553,2025-11-05,CUST-00291,Consumer,West,Web,Furniture,Bookcases,3,485.63,0.1,1311.2,384.18,First Class,4.0,,False,GBP
ORD-103274,2025-06-05,CUST-00628,Consumer,North,Mobile App,Technology,Accessories,4,230.78,0.0,923.12,280.63,Standard,7.0,3.2,False,GBP
ORD-101160,2024-01-14,CUST-01089,Consumer,West,Mobile App,Technology,Accessories,4,528.69,0.15,1797.55,451.19,Second Class,3.0,,False,GBP
ORD-104201,2024-02-21,CUST-00700,Consumer,North,Mobile App,Furniture,Chairs,2,86.14,0.0,172.28,75.8,Standard,7.0,4.5,True,GBP
ORD-101847,2024-01-12,CUST-00648,,Central,Mobile App,Technology,Accessories,2,661.49,0.2,1058.38,239.19,Standard,4.0,3.6,False,GBP
ORD-103584,2024-06-15,CUST-01382,Corporate,South,Mobile App,Office Supplies,Paper,3,16.16,0.0,48.48,12.65,Second Class,3.0,,False,GBP
ORD-104686,2025-04-26,CUST-00215,Corporate,North,Web,Office Supplies,Paper,1,5.76,0.1,5.18,1.94,Standard,6.0,3.1,False,GBP
ORD-102894,2025-08-03,CUST-00781,Consumer,Central,Marketplace,Office Supplies,Labels,3,44.61,0.3,93.68,13.3,Second Class,7.0,3.7,False,GBP
ORD-102945,2024-09-15,CUST-00574,Corporate,South,Mobile App,Furniture,Bookcases,3,432.6,0.2,1038.24,288.63,First Class,4.0,4.4,False,GBP
ORD-100504,2025-11-22,CUST-01051,Home Office,West,Mobile App,Technology,Machines,8,387.84,0.2,2482.18,620.54,First Class,4.0,4.2,False,GBP
ORD-100209,2025-11-28,CUST-01051,Corporate,East,Web,Furniture,Chairs,8,891.56,0.3,4992.74,793.85,Same Day,2.0,4.4,False,GBP
ORD-101454,2024-06-12,CUST-00650,Corporate,North,Web,Office Supplies,Binders,4,44.9,0.4,107.76,4.63,Second Class,4.0,2.3,False,GBP
ORD-103143,2024-04-12,CUST-00629,,Central,Mobile App,Office Supplies,Labels,1,25.13,0.4,15.08,1.52,First Class,3.0,4.7,False,GBP
ORD-101884,2024-05-08,CUST-00825,Consumer,South,Mobile App,Office Supplies,Art,6,25.24,0.2,121.15,34.41,Standard,5.0,3.1,False,GBP
ORD-100713,2024-10-02,CUST-01132,Consumer,North,Web,Office Supplies,Labels,4,25.95,0.0,103.8,39.86,Standard,6.0,3.4,False,GBP
ORD-102553,2024-04-11,CUST-00088,Home Office,East,Web,Technology,Phones,1,1267.05,0.15,1076.99,336.02,First Class,3.0,4.0,False,GBP
ORD-103814,2024-06-19,CUST-00706,Consumer,Central,Web,Furniture,Furnishings,8,142.61,0.2,912.7,31.94,Standard,7.0,5.0,False,GBP
ORD-102957,2024-08-22,CUST-01262,Corporate,West,Mobile App,Furniture,Bookcases,5,157.81,0.0,789.05,141.24,First Class,2.0,3.2,False,GBP
ORD-104562,2024-11-05,CUST-00217,,Central,Mobile App,Furniture,Chairs,6,279.54,0.0,1677.24,375.7,Standard,7.0,2.9,True,GBP
ORD-102615,2025-06-29,CUST-00704,Corporate,West,Web,Technology,Copiers,2,725.36,0.15,1233.11,213.33,Standard,6.0,3.5,False,GBP
ORD-104062,2024-04-28,CUST-00473,Home Office,South,Web,Office Supplies,Labels,8,45.93,0.15,312.32,85.26,Standard,4.0,4.9,False,GBP
ORD-104000,2025-04-25,CUST-00953,Consumer,North,Marketplace,Technology,Accessories,8,359.29,0.0,2874.32,1152.6,Standard,5.0,4.2,False,GBP
ORD-100969,2025-04-19,CUST-01341,Home Office,South,Mobile App,Office Supplies,Storage,2,78.38,0.3,109.73,18.87,Standard,7.0,4.0,False,GBP
ORD-101354,2024-08-11,CUST-00199,Consumer,West,Mobile App,Furniture,Tables,7,269.08,0.3,1318.49,481.25,Standard,6.0,4.1,False,GBP
ORD-101978,2024-09-11,CUST-00503,Corporate,West,Mobile App,Office Supplies,Labels,7,23.71,0.1,149.37,47.35,First Class,2.0,4.0,False,GBP
ORD-102721,2025-02-26,CUST-01052,Corporate,North,Web,Technology,Phones,8,496.71,0.15,3377.63,851.16,Standard,8.0,4.0,False,GBP
ORD-101577,2025-06-25,CUST-00332,Corporate,South,Mobile App,Office Supplies,Art,8,55.58,0.0,444.64,143.62,Standard,6.0,4.9,False,GBP
ORD-101041,2024-07-23,CUST-00177,Consumer,South,Web,Furniture,Chairs,3,117.21,0.4,210.98,46.2,First Class,2.0,4.1,False,GBP
ORD-104003,2024-08-14,CUST-00606,Consumer,South,Marketplace,Office Supplies,Paper,5,27.23,0.15,115.73,24.42,Standard,8.0,3.8,False,GBP
ORD-101187,2025-05-15,CUST-01317,Corporate,West,Mobile App,Office Supplies,Binders,3,85.04,0.3,178.58,39.29,Second Class,5.0,4.0,True,GBP
ORD-102004,2024-02-06,CUST-00422,Consumer,West,Mobile App,Office Supplies,Binders,7,23.8,0.15,141.61,30.59,Standard,8.0,4.1,False,GBP
ORD-104883,2024-06-08,CUST-00200,Consumer,South,Web,Office Supplies,Labels,4,10.0,0.1,36.0,11.66,Standard,4.0,4.4,False,GBP
ORD-103567,2024-10-05,CUST-00042,Consumer,Central,Mobile App,Furniture,Chairs,2,588.31,0.3,823.63,200.97,Standard,5.0,4.0,False,GBP
ORD-100261,2024-07-17,CUST-00868,Consumer,North,Web,Technology,Phones,8,451.7,0.1,3252.24,575.65,Standard,8.0,3.3,True,GBP
ORD-102216,2024-09-23,CUST-00688,Corporate,South,Marketplace,Office Supplies,Binders,2,15.53,0.4,18.64,2.26,Standard,6.0,3.0,True,GBP
ORD-100650,2025-10-05,CUST-00585,Corporate,East,Mobile App,Office Supplies,Labels,3,28.96,0.0,86.88,27.28,Second Class,5.0,3.8,False,GBP
ORD-100617,2024-03-08,CUST-00674,Consumer,East,Web,Furniture,Tables,1,186.72,0.2,149.38,28.53,Second Class,3.0,3.4,False,GBP
ORD-102363,2024-01-17,CUST-00583,,East,Web,Technology,Copiers,1,169.46,0.0,169.46,53.04,Second Class,4.0,5.0,False,GBP
ORD-101136,2024-04-25,CUST-00126,Corporate,South,Mobile App,Furniture,Chairs,1,166.37,0.4,99.82,4.59,Standard,10.0,,False,GBP
ORD-103865,2024-06-20,CUST-00670,Consumer,East,Web,Furniture,Tables,4,108.77,0.0,435.08,130.52,Standard,7.0,3.3,False,GBP
ORD-103706,2025-08-27,CUST-01281,Consumer,South,Web,Furniture,Tables,7,144.74,0.0,1013.18,366.77,Standard,7.0,3.6,True,GBP
ORD-102267,2025-11-09,CUST-00342,Consumer,South,Mobile App,Technology,Machines,2,604.11,0.15,1026.99,155.08,First Class,2.0,,False,GBP
ORD-100729,2025-08-24,CUST-00020,Home Office,North,Web,Office Supplies,Paper,6,21.94,0.0,131.64,32.91,Standard,6.0,3.2,False,GBP
ORD-100998,2024-10-14,CUST-00054,Home Office,South,Web,Technology,Phones,7,462.24,0.0,3235.68,1093.66,Second Class,4.0,,False,GBP
ORD-104192,2025-11-06,CUST-00909,Corporate,West,Web,Office Supplies,Paper,1,24.7,0.3,17.29,2.3,Second Class,,4.7,False,GBP
ORD-102789,2025-08-14,CUST-00196,Corporate,Central,Mobile App,Furniture,Chairs,4,287.15,0.0,1148.6,455.99,Second Class,5.0,4.0,False,GBP
ORD-102433,2024-12-10,CUST-01061,,North,Mobile App,Office Supplies,Binders,3,47.42,0.3,99.58,9.16,Standard,5.0,3.9,False,GBP
ORD-103191,2024-03-27,CUST-00119,Consumer,South,Mobile App,Technology,Machines,1,365.34,0.3,255.74,67.52,Same Day,0.0,4.0,False,GBP
ORD-100570,2024-01-24,CUST-00759,Consumer,Central,Marketplace,Technology,Machines,7,216.91,0.15,1290.61,334.27,Standard,5.0,,False,GBP
ORD-103673,2025-06-17,CUST-00427,Corporate,Central,Mobile App,Office Supplies,Labels,4,19.16,0.2,61.31,17.47,Standard,7.0,,True,GBP
ORD-100768,2025-09-07,CUST-01214,,West,Mobile App,Technology,Copiers,5,1086.33,0.2,4345.32,1064.6,Second Class,5.0,3.7,True,GBP
ORD-102106,2024-12-28,CUST-01153,Home Office,South,Web,Office Supplies,Storage,6,53.44,0.0,320.64,108.06,Second Class,7.0,4.9,False,GBP
ORD-104616,2025-01-28,CUST-01070,,Central,Web,Furniture,Tables,5,449.06,0.0,2245.3,981.2,Standard,6.0,4.4,False,GBP
ORD-102284,2025-12-07,CUST-00603,Home Office,West,Mobile App,Office Supplies,Binders,2,17.79,0.4,21.35,0.9,Second Class,2.0,4.8,False,GBP
ORD-104806,2024-04-05,CUST-00812,Corporate,Central,Marketplace,Office Supplies,Paper,1,11.22,0.1,10.1,1.83,First Class,2.0,,False,GBP
ORD-102540,2024-01-23,CUST-01304,Consumer,Central,Web,Office Supplies,Storage,6,19.07,0.4,68.65,14.55,Same Day,,,False,GBP
ORD-102546,2025-08-20,CUST-00223,Corporate,West,Mobile App,Technology,Accessories,3,704.97,0.15,1797.67,264.26,Standard,6.0,4.3,False,GBP
ORD-102497,2024-03-23,CUST-00110,Consumer,South,Web,Furniture,Tables,6,288.84,0.0,1733.04,679.35,Standard,6.0,3.5,False,GBP
ORD-102888,2025-05-29,CUST-00234,Consumer,West,Mobile App,Furniture,Bookcases,3,111.35,0.0,334.05,110.57,First Class,3.0,3.4,False,GBP
ORD-103152,2024-04-21,CUST-00435,Corporate,West,Mobile App,Furniture,Tables,5,344.68,0.2,1378.72,297.8,First Class,5.0,3.1,False,GBP
ORD-100614,2024-03-17,CUST-00659,Corporate,East,Marketplace,Furniture,Furnishings,5,1906.29,0.0,9531.45,3564.76,Same Day,0.0,4.5,False,GBP
ORD-104054,2024-05-14,CUST-00535,Consumer,Central,Mobile App,Furniture,Tables,8,126.32,0.0,1010.56,211.21,First Class,1.0,3.3,True,GBP
ORD-101161,2024-09-20,CUST-01290,Corporate,South,Mobile App,Office Supplies,Paper,4,25.48,0.3,71.34,15.12,First Class,3.0,4.5,False,GBP
ORD-100827,2024-08-14,CUST-00624,,Central,Mobile App,Furniture,Furnishings,4,271.53,0.3,760.28,215.16,Standard,6.0,2.5,False,GBP
ORD-102590,2025-10-16,CUST-00085,Corporate,North,Mobile App,Office Supplies,Art,2,29.27,0.15,49.76,8.96,Second Class,2.0,4.5,False,GBP
ORD-102384,2025-03-19,CUST-01113,Corporate,North,Web,Technology,Accessories,4,345.12,0.3,966.34,236.75,Same Day,2.0,4.7,False,GBP
ORD-104549,2025-09-16,CUST-00255,Consumer,Central,Phone,Office Supplies,Storage,7,50.49,0.3,247.4,-10.39,Same Day,0.0,4.7,False,GBP
ORD-102874,2024-06-04,CUST-00087,Consumer,North,Mobile App,Office Supplies,Binders,1,39.65,0.4,23.79,3.14,Second Class,6.0,3.0,False,GBP
ORD-100290,2024-03-10,CUST-01179,Home Office,Central,Mobile App,Furniture,Bookcases,2,151.01,0.2,241.62,61.13,Standard,4.0,2.7,False,GBP
ORD-100226,2024-03-05,CUST-00880,Home Office,North,Marketplace,Office Supplies,Labels,8,36.88,0.4,177.02,42.48,Standard,8.0,2.5,False,GBP
ORD-104923,2025-08-08,CUST-00621,Corporate,North,Mobile App,Office Supplies,Storage,7,40.76,0.2,228.26,52.5,Standard,6.0,3.7,False,GBP
ORD-100741,2025-09-04,CUST-00570,Home Office,East,Web,Technology,Copiers,7,1026.21,0.2,5746.78,1235.56,Standard,6.0,3.4,False,GBP
ORD-104544,2025-08-02,CUST-00249,Corporate,East,Mobile App,Office Supplies,Labels,7,82.4,0.0,576.8,173.04,Standard,6.0,4.3,False,GBP
ORD-104133,2025-02-09,CUST-00060,Corporate,East,Mobile App,Office Supplies,Art,1,24.83,0.0,24.83,5.66,Second Class,4.0,4.9,False,GBP
ORD-102382,2024-08-31,CUST-00910,Corporate,South,Mobile App,Furniture,Chairs,4,163.45,0.15,555.73,93.92,Standard,5.0,4.5,False,GBP
ORD-100961,2025-12-16,CUST-01010,Consumer,West,Phone,Office Supplies,Labels,4,11.39,0.4,27.34,5.8,Second Class,3.0,4.6,False,GBP
ORD-102784,2025-09-29,CUST-01364,Consumer,West,Web,Technology,Accessories,8,326.28,0.0,2610.24,1044.1,Standard,6.0,4.2,False,GBP
ORD-104438,2024-06-04,CUST-01376,Consumer,West,Mobile App,Office Supplies,Paper,4,27.03,0.0,4324.8,33.63,Standard,4.0,3.5,False,GBP
ORD-102277,2024-06-06,CUST-01117,Corporate,West,Web,Furniture,Tables,8,76.59,0.0,612.72,179.53,First Class,3.0,4.2,False,GBP
ORD-100075,2024-09-27,CUST-00782,Home Office,South,Web,Technology,Phones,7,162.21,0.0,1135.47,437.16,Same Day,2.0,4.7,True,GBP
ORD-103811,2025-08-11,CUST-01145,,South,Web,Furniture,Chairs,8,184.31,0.0,1474.48,638.45,First Class,4.0,,False,GBP
ORD-100411,2024-02-14,CUST-00038,Corporate,North,Phone,Office Supplies,Paper,4,22.99,0.3,64.37,21.31,Second Class,4.0,4.5,False,GBP
ORD-100401,2025-08-24,CUST-00136,Consumer,Central,Mobile App,Technology,Accessories,2,540.3,0.0,1080.6,501.4,Standard,9.0,3.8,False,GBP
ORD-101799,2024-06-16,CUST-01033,Consumer,South,Mobile App,Furniture,Bookcases,1,1121.61,0.2,897.29,207.27,Second Class,3.0,3.5,False,GBP
ORD-101605,2024-10-29,CUST-00379,,West,Mobile App,Office Supplies,Art,5,37.05,0.3,129.67,20.1,Second Class,5.0,4.2,False,GBP
ORD-104773,2025-07-22,CUST-00603,Corporate,North,Marketplace,Furniture,Chairs,2,74.44,0.0,148.88,30.07,Standard,6.0,2.9,False,GBP
ORD-104569,2025-06-01,CUST-00965,Home Office,West,Mobile App,Office Supplies,Labels,7,38.11,0.1,240.09,87.87,Standard,10.0,,False,GBP
ORD-103164,2025-08-04,CUST-01168,Consumer,North,Web,Furniture,Chairs,6,377.56,0.0,2265.36,482.52,Second Class,5.0,5.0,False,GBP
ORD-101196,2024-05-14,CUST-00045,Consumer,South,Marketplace,Office Supplies,Storage,1,23.7,0.0,23.7,8.7,Standard,5.0,3.6,False,GBP
ORD-103535,2024-06-17,CUST-00669,Consumer,South,Web,Technology,Phones,4,591.68,0.4,1420.03,268.39,Standard,7.0,4.9,False,GBP
ORD-103058,2024-12-30,CUST-01108,Consumer,West,Mobile App,Technology,Copiers,4,390.83,0.0,1563.32,414.28,Second Class,3.0,4.7,False,GBP
ORD-101664,2025-11-14,CUST-00066,Consumer,West,Mobile App,Furniture,Bookcases,1,697.99,0.4,418.79,60.31,Second Class,3.0,5.0,False,GBP
ORD-103224,2025-06-24,CUST-01259,Home Office,North,Marketplace,Office Supplies,Art,1,16.31,0.1,14.68,4.92,Standard,7.0,,False,GBP
ORD-103767,2024-02-07,CUST-00952,Consumer,Central,Web,Office Supplies,Storage,8,45.47,0.1,327.38,61.22,Standard,9.0,4.6,False,GBP
ORD-100463,2025-08-01,CUST-00740,Corporate,Central,Web,Office Supplies,Binders,1,29.15,0.3,20.4,4.79,Second Class,3.0,5.0,False,GBP
ORD-103745,2024-04-09,CUST-00069,Consumer,South,Marketplace,Office Supplies,Art,4,30.58,0.15,103.97,36.6,Second Class,4.0,4.5,False,GBP
ORD-101492,2025-10-09,CUST-01239,Corporate,North,Web,Office Supplies,Binders,8,42.07,0.0,336.56,134.29,First Class,4.0,4.1,False,GBP
ORD-103526,2025-09-15,CUST-00492,Corporate,South,Web,Furniture,Chairs,8,167.19,0.0,1337.52,403.93,Second Class,,3.2,False,GBP
ORD-101149,2024-11-21,CUST-00871,Corporate,Central,Web,Office Supplies,Storage,4,27.11,0.15,92.17,18.34,Standard,6.0,3.3,False,GBP
ORD-100773,2024-03-16,CUST-00561,Corporate,South,Web,Office Supplies,Storage,6,10.62,0.0,63.72,17.46,Standard,7.0,3.2,False,GBP
ORD-102646,2024-02-07,CUST-01312,,West,Mobile App,Office Supplies,Binders,5,26.92,0.2,107.68,36.72,Second Class,4.0,4.9,False,GBP
ORD-100838,2025-01-12,CUST-00399,,North,Mobile App,Furniture,Bookcases,2,133.84,0.2,214.14,33.62,Standard,4.0,2.4,False,GBP
ORD-100567,2024-03-23,CUST-01224,Corporate,North,Marketplace,Office Supplies,Binders,6,55.51,0.4,199.84,4.8,Standard,5.0,3.9,False,GBP
ORD-102085,2024-04-14,CUST-01226,Consumer,West,Web,Technology,Copiers,7,177.87,0.3,871.56,225.73,Second Class,6.0,3.6,False,GBP
ORD-101857,2025-09-23,CUST-00951,Consumer,East,Web,Furniture,Bookcases,8,447.24,0.0,3577.92,1398.97,Standard,5.0,2.6,False,GBP
ORD-101950,2025-12-09,CUST-00433,Home Office,South,Mobile App,Office Supplies,Storage,6,35.31,0.1,190.67,50.15,Second Class,3.0,5.0,False,GBP
ORD-102380,2024-07-30,CUST-00561,Consumer,East,Mobile App,Office Supplies,Labels,1,16.52,0.2,13.22,2.3,Standard,,3.9,False,GBP
ORD-104481,2024-07-26,CUST-01354,,North,Mobile App,Office Supplies,Labels,1,84.44,0.15,71.77,12.99,First Class,4.0,4.1,True,GBP
ORD-104959,2025-09-20,CUST-00670,Consumer,West,Mobile App,Furniture,Chairs,3,206.51,0.0,619.53,256.49,Standard,6.0,3.8,False,GBP
ORD-101171,2025-12-05,CUST-00721,,South,Phone,Technology,Machines,4,473.34,0.0,1893.36,439.26,Standard,4.0,4.5,False,GBP
ORD-100324,2024-08-16,CUST-00482,Consumer,East,Mobile App,Technology,Phones,2,333.5,0.0,667.0,203.44,Standard,6.0,3.2,True,GBP
ORD-104870,2025-05-28,CUST-00012,Corporate,West,Web,Office Supplies,Labels,2,20.76,0.0,41.52,13.54,Standard,9.0,3.6,True,GBP
ORD-102660,2025-01-24,CUST-00437,Corporate,East,Mobile App,Office Supplies,Labels,6,39.68,0.0,238.08,95.71,Standard,5.0,4.2,False,GBP
ORD-102924,2024-09-21,CUST-00907,Consumer,East,Mobile App,Office Supplies,Art,8,32.11,0.1,231.19,66.81,Second Class,3.0,4.7,False,GBP
ORD-103381,2025-03-08,CUST-01032,Home Office,South,Web,Technology,Machines,2,577.82,0.2,924.51,146.07,Standard,6.0,3.0,False,GBP
ORD-102138,2024-04-19,CUST-00399,Consumer,Central,Web,Office Supplies,Binders,1,12.93,0.0,12.93,4.32,Second Class,4.0,4.7,True,GBP
ORD-101166,2024-11-05,CUST-00843,Consumer,East,Mobile App,Furniture,Furnishings,6,553.96,0.0,3323.76,847.56,Standard,2.0,3.1,False,GBP
ORD-100336,2025-09-04,CUST-00285,,South,Web,Technology,Phones,5,144.93,0.0,724.65,251.45,Standard,6.0,3.7,False,GBP
ORD-103925,2025-11-02,CUST-00290,,East,Marketplace,Office Supplies,Labels,5,78.74,0.4,236.22,11.81,Standard,9.0,3.0,False,GBP
ORD-100540,2024-11-10,CUST-01046,Consumer,East,Marketplace,Technology,Accessories,6,900.53,0.4,3241.91,346.88,Standard,5.0,3.6,False,GBP
ORD-101264,2024-01-27,CUST-00342,Consumer,Central,Mobile App,Technology,Phones,6,496.77,0.15,2533.53,329.36,Standard,5.0,4.4,False,GBP
ORD-103300,2025-10-31,CUST-01324,Consumer,South,Marketplace,Technology,Copiers,5,368.87,0.2,1475.48,398.38,Standard,6.0,5.0,False,GBP
ORD-103726,2024-12-23,CUST-01048,Consumer,North,Mobile App,Furniture,Furnishings,5,260.65,0.0,1303.25,405.31,Standard,6.0,3.5,False,GBP
ORD-104278,2024-04-19,CUST-01252,Home Office,North,Marketplace,Furniture,Tables,6,408.61,0.0,2451.66,620.27,First Class,4.0,3.7,False,GBP
ORD-102475,2024-09-11,CUST-00966,Home Office,Central,Web,Furniture,Bookcases,2,134.69,0.0,10775.2,95.09,Same Day,0.0,3.1,False,GBP
ORD-103527,2024-08-04,CUST-00563,Consumer,West,Marketplace,Office Supplies,Art,8,23.66,0.0,189.28,82.15,Same Day,1.0,5.0,False,GBP
ORD-103308,2024-12-13,CUST-00276,Home Office,West,Web,Technology,Machines,1,392.29,0.1,353.06,128.51,Standard,7.0,3.8,True,GBP
ORD-100984,2024-09-01,CUST-01368,Corporate,West,Web,Technology,Copiers,8,549.42,0.3,3076.75,267.68,Standard,5.0,4.5,True,GBP
ORD-103047,2024-01-06,CUST-00185,,East,Mobile App,Technology,Machines,7,1002.02,0.15,5962.02,1645.52,First Class,4.0,5.0,False,GBP
ORD-103783,2025-08-03,CUST-00700,Corporate,North,Mobile App,Technology,Phones,7,412.84,0.3,2022.92,536.07,First Class,4.0,3.1,False,GBP
ORD-103026,2025-02-20,CUST-01056,Consumer,East,Web,Office Supplies,Storage,4,6.1,0.2,19.52,4.84,Second Class,6.0,3.7,False,GBP
ORD-104234,2024-12-23,CUST-00834,Corporate,North,Marketplace,Furniture,Chairs,6,381.54,0.2,1831.39,463.34,Second Class,3.0,3.0,False,GBP
ORD-104833,2025-11-13,CUST-01104,,East,Web,Technology,Machines,4,307.6,0.0,1230.4,466.32,Standard,7.0,3.1,False,GBP
ORD-100468,2025-01-03,CUST-01059,Consumer,North,Mobile App,Office Supplies,Binders,7,21.22,0.0,148.54,51.25,Second Class,3.0,3.2,False,GBP
ORD-104984,2024-07-20,CUST-01007,Corporate,South,Web,Furniture,Tables,1,173.5,0.15,147.48,33.63,First Class,2.0,3.0,False,GBP
ORD-102190,2024-04-09,CUST-00894,Corporate,North,Web,Office Supplies,Binders,4,14.91,0.2,47.71,5.53,Second Class,5.0,3.3,False,GBP
ORD-101159,2025-09-13,CUST-00412,,South,Web,Office Supplies,Paper,4,25.25,0.0,101.0,40.5,First Class,0.0,4.6,False,GBP
ORD-102680,2024-07-28,CUST-00447,Corporate,Central,Web,Furniture,Furnishings,5,353.24,0.0,1766.2,386.8,Second Class,2.0,3.7,False,GBP
ORD-104120,2024-05-07,CUST-00734,Consumer,West,Marketplace,Furniture,Bookcases,3,281.66,0.2,675.98,172.37,Second Class,6.0,4.2,False,GBP
ORD-103449,2025-09-22,CUST-00759,,Central,Mobile App,Furniture,Tables,3,140.17,0.0,420.51,146.34,Standard,6.0,5.0,False,GBP
ORD-104355,2025-07-04,CUST-00542,Corporate,Central,Mobile App,Technology,Machines,7,96.01,0.1,604.86,195.37,Second Class,7.0,4.4,False,GBP
ORD-102830,2025-12-12,CUST-01261,Consumer,East,Web,Furniture,Furnishings,7,275.63,0.15,1640.0,380.48,Standard,5.0,5.0,False,GBP
ORD-104225,2025-07-15,CUST-01170,Corporate,East,Web,Technology,Phones,3,300.31,0.3,630.65,142.53,Standard,8.0,4.9,False,GBP
ORD-101255,2024-12-14,CUST-01314,,Central,Web,Furniture,Bookcases,4,409.33,0.2,1309.86,316.99,First Class,1.0,3.6,False,GBP
ORD-100318,2025-05-16,CUST-00106,Consumer,Central,Web,Furniture,Chairs,1,217.24,0.0,217.24,58.44,Second Class,4.0,,False,GBP
ORD-104203,2025-09-27,CUST-01285,Corporate,East,Marketplace,Office Supplies,Labels,5,36.5,0.4,109.5,19.38,Standard,5.0,3.5,False,GBP
ORD-101754,2025-11-17,CUST-00760,Consumer,Central,Mobile App,Furniture,Chairs,3,128.79,0.15,328.41,109.36,Standard,3.0,3.0,False,GBP
ORD-102791,2024-01-24,CUST-00270,Consumer,East,Web,Furniture,Tables,8,315.82,0.4,1515.94,160.69,Standard,5.0,3.4,False,GBP
ORD-103180,2025-02-07,CUST-00108,,Central,Mobile App,Office Supplies,Storage,1,19.89,0.1,17.9,4.46,First Class,3.0,2.4,False,GBP
ORD-102200,2024-03-08,CUST-00740,Consumer,South,Web,Office Supplies,Paper,7,75.91,0.2,425.1,155.59,Standard,9.0,3.7,False,GBP
ORD-101505,2024-04-06,CUST-00250,Consumer,South,Marketplace,Furniture,Bookcases,3,235.56,0.2,565.34,149.25,Second Class,,4.4,False,GBP
ORD-102741,2024-02-20,CUST-00262,Corporate,South,Mobile App,Furniture,Furnishings,4,463.92,0.15,1577.33,572.57,Second Class,6.0,3.7,False,GBP
ORD-100026,2025-08-07,CUST-00195,,Central,Web,Office Supplies,Labels,4,15.04,0.2,48.13,9.82,Second Class,3.0,4.9,False,GBP
ORD-100897,2025-08-10,CUST-01146,Corporate,East,Marketplace,Office Supplies,Storage,8,42.52,0.0,340.16,158.51,Standard,7.0,4.0,False,GBP
ORD-103975,2025-07-07,CUST-00819,Corporate,Central,Web,Office Supplies,Labels,2,27.14,0.0,54.28,21.87,Second Class,4.0,3.6,False,GBP
ORD-101919,2025-03-02,CUST-01256,Home Office,West,Mobile App,Technology,Machines,8,331.2,0.3,1854.72,294.9,Standard,5.0,3.8,False,GBP
ORD-102476,2025-12-21,CUST-00168,Corporate,North,Web,Office Supplies,Art,6,34.18,0.2,164.06,52.5,Same Day,,5.0,False,GBP
ORD-101206,2024-03-04,CUST-00643,Consumer,North,Web,Furniture,Furnishings,4,166.45,0.0,665.8,197.08,Second Class,5.0,3.3,False,GBP
ORD-104542,2025-06-23,CUST-01195,Consumer,South,Web,Office Supplies,Storage,7,13.41,0.2,75.1,18.55,Standard,5.0,3.6,False,GBP
ORD-101495,2024-02-10,CUST-00398,Consumer,South,Web,Technology,Phones,7,334.87,0.0,2344.09,785.27,Standard,6.0,4.3,False,GBP
ORD-103932,2025-04-16,CUST-00967,Corporate,South,Marketplace,Furniture,Chairs,7,333.89,0.3,1636.06,274.86,Standard,8.0,3.3,False,GBP
ORD-102991,2025-06-05,CUST-01086,Consumer,Central,Web,Office Supplies,Binders,5,32.18,0.2,128.72,44.41,First Class,3.0,4.6,False,GBP
ORD-100723,2025-10-05,CUST-00787,Home Office,North,Mobile App,Furniture,Chairs,2,223.38,0.1,402.08,68.76,Standard,8.0,,False,GBP
ORD-100430,2024-01-13,CUST-00941,Corporate,West,Phone,Office Supplies,Art,8,20.08,0.0,160.64,47.55,Standard,8.0,2.9,True,GBP
ORD-102751,2024-01-26,CUST-00140,,East,Mobile App,Furniture,Tables,7,173.4,0.2,971.04,228.19,Standard,5.0,3.6,False,GBP
ORD-104753,2024-11-10,CUST-00748,Consumer,Central,Marketplace,Furniture,Tables,6,304.93,0.0,1829.58,508.62,Second Class,3.0,4.8,False,GBP
ORD-102344,2025-06-11,CUST-00349,Consumer,Central,Phone,Office Supplies,Art,1,13.13,0.2,10.5,3.91,Same Day,1.0,3.4,False,GBP
ORD-101296,2025-02-13,CUST-00883,Corporate,South,Web,Office Supplies,Art,7,34.49,0.4,144.86,17.53,Second Class,8.0,3.4,False,GBP
ORD-103770,2025-02-19,CUST-01189,,East,Marketplace,Furniture,Tables,5,84.98,0.0,16996.0,155.94,Standard,5.0,4.7,False,GBP
ORD-103707,2024-10-17,CUST-01129,Consumer,West,Mobile App,Furniture,Furnishings,3,232.99,0.2,559.18,164.96,Same Day,2.0,3.0,False,GBP
ORD-103271,2025-08-18,CUST-01227,Consumer,East,Web,Technology,Copiers,2,708.19,0.1,1274.74,308.49,Second Class,,3.5,False,GBP
ORD-104378,2024-02-06,CUST-00891,Consumer,North,Web,Technology,Copiers,4,214.62,0.4,515.09,58.72,Standard,7.0,4.3,False,GBP
ORD-100660,2024-09-12,CUST-00732,Consumer,East,Web,Furniture,Furnishings,6,91.47,0.4,329.29,70.8,Same Day,2.0,3.4,False,GBP
ORD-100335,2025-03-14,CUST-01056,Consumer,East,Web,Furniture,Furnishings,1,231.05,0.4,138.63,-0.97,Standard,5.0,3.4,False,GBP
ORD-103465,2025-03-18,CUST-01200,Consumer,Central,Web,Furniture,Bookcases,5,291.05,0.15,1236.96,332.74,Standard,7.0,2.9,False,GBP
ORD-100076,2025-11-22,CUST-00318,Corporate,North,Phone,Technology,Copiers,3,688.13,0.4,1238.63,64.41,First Class,,3.6,False,GBP
ORD-104579,2025-07-22,CUST-01368,Consumer,East,Web,Office Supplies,Art,4,15.7,0.3,43.96,9.45,Standard,7.0,3.6,False,GBP
ORD-103305,2025-06-05,CUST-01281,Corporate,North,Mobile App,Technology,Accessories,3,805.34,0.1,2174.42,663.2,Same Day,1.0,3.0,False,GBP
ORD-101706,2025-02-27,CUST-00804,Consumer,South,Web,Technology,Copiers,4,304.13,0.1,1094.87,293.43,Standard,5.0,5.0,False,GBP
ORD-102481,2024-09-03,CUST-01088,Corporate,West,Web,Furniture,Tables,4,314.35,0.0,1257.4,486.61,Standard,4.0,5.0,False,GBP
ORD-101392,2025-06-21,CUST-00174,Consumer,West,Marketplace,Office Supplies,Binders,5,34.66,0.1,155.97,39.15,Standard,8.0,,False,GBP
ORD-100013,2025-08-09,CUST-00928,Home Office,Central,Web,Office Supplies,Storage,3,33.47,0.15,85.35,23.47,Second Class,6.0,4.5,False,GBP
ORD-103514,2024-01-25,CUST-00646,Home Office,South,Web,Technology,Copiers,5,741.52,0.0,3707.6,1483.04,Standard,6.0,3.5,False,GBP
ORD-104104,2025-09-11,CUST-00791,,East,Mobile App,Office Supplies,Labels,5,68.07,0.2,272.28,59.36,Same Day,0.0,2.8,False,GBP
ORD-103242,2024-04-13,CUST-00636,Home Office,East,Mobile App,Furniture,Chairs,5,161.28,0.0,806.4,298.37,Second Class,2.0,3.6,False,GBP
ORD-102733,2024-01-15,CUST-00892,Home Office,Central,Marketplace,Technology,Accessories,7,384.28,0.1,2420.96,384.93,Standard,6.0,4.1,True,GBP
ORD-102652,2025-11-08,CUST-00827,Home Office,South,Mobile App,Furniture,Furnishings,3,491.86,0.4,885.35,176.18,Standard,8.0,,False,GBP
ORD-102584,2024-05-14,CUST-00192,Consumer,North,Marketplace,Office Supplies,Binders,4,13.8,0.15,46.92,9.62,Standard,6.0,3.3,True,GBP
ORD-104696,2025-08-16,CUST-00958,Consumer,West,Web,Technology,Machines,1,439.58,0.4,263.75,14.24,Standard,6.0,2.6,False,GBP
ORD-100846,2025-07-03,CUST-00403,Corporate,North,Mobile App,Office Supplies,Binders,6,44.66,0.0,267.96,73.96,First Class,3.0,3.1,False,GBP
ORD-100108,2024-12-26,CUST-01291,,West,Mobile App,Office Supplies,Paper,1,15.16,0.1,13.64,3.85,Second Class,5.0,4.3,False,GBP
ORD-104560,2024-10-22,CUST-00668,Corporate,Central,Mobile App,Technology,Copiers,5,421.7,0.15,1792.22,446.26,Second Class,3.0,3.1,False,GBP
ORD-100940,2025-06-30,CUST-00578,Consumer,South,Web,Office Supplies,Storage,7,26.89,0.3,131.76,8.04,Standard,10.0,4.1,False,GBP
ORD-103217,2024-12-31,CUST-00434,Corporate,East,Mobile App,Technology,Machines,6,166.07,0.0,996.42,217.22,Second Class,1.0,3.6,False,GBP
ORD-102787,2025-05-01,CUST-00458,Consumer,South,Web,Technology,Accessories,6,462.29,0.4,1664.24,84.88,Standard,3.0,4.4,True,GBP
ORD-101504,2025-08-02,CUST-00373,Corporate,South,Marketplace,Office Supplies,Storage,6,27.77,0.0,166.62,58.48,Standard,5.0,3.6,False,GBP
ORD-101778,2025-03-03,CUST-00551,Consumer,North,Web,Furniture,Furnishings,3,784.15,0.0,2352.45,877.46,Standard,7.0,4.5,False,GBP
ORD-102550,2024-03-09,CUST-00031,,Central,Web,Office Supplies,Storage,3,28.14,0.1,75.98,23.17,Standard,6.0,4.0,False,GBP
ORD-102372,2024-08-15,CUST-01268,Home Office,South,Web,Office Supplies,Labels,4,29.4,0.0,117.6,32.34,Standard,7.0,4.5,False,GBP
ORD-102995,2025-01-30,CUST-00434,Home Office,South,Web,Furniture,Chairs,7,245.66,0.1,1547.66,535.49,Second Class,6.0,2.8,False,GBP
ORD-103039,2025-08-13,CUST-00177,,East,Web,Furniture,Chairs,4,296.01,0.15,1006.43,243.56,Standard,7.0,4.6,False,GBP
ORD-102360,2025-03-08,CUST-00478,Corporate,South,Web,Technology,Phones,1,619.45,0.3,433.62,80.22,Standard,6.0,4.6,True,GBP
ORD-100426,2024-10-05,CUST-01311,,West,Web,Office Supplies,Art,6,38.58,0.3,162.04,36.95,First Class,4.0,3.1,False,GBP
ORD-100093,2024-03-25,CUST-00602,Consumer,South,Marketplace,Office Supplies,Binders,3,117.71,0.0,14125.2,122.18,Standard,7.0,4.7,False,GBP
ORD-101101,2024-11-01,CUST-01135,Consumer,South,Marketplace,Office Supplies,Binders,1,57.42,0.0,57.42,12.98,Standard,6.0,5.0,False,GBP
ORD-102554,2024-03-11,CUST-00198,,East,Mobile App,Technology,Machines,5,494.59,0.15,2102.01,437.22,Second Class,2.0,3.6,False,GBP
ORD-102987,2024-02-13,CUST-00849,Corporate,East,Web,Office Supplies,Art,2,13.52,0.4,16.22,3.18,Standard,6.0,4.6,False,GBP
ORD-103883,2025-02-27,CUST-00690,Consumer,Central,Web,Technology,Machines,4,439.96,0.2,1407.87,260.46,Standard,5.0,2.9,False,GBP
ORD-101413,2025-12-11,CUST-01299,Consumer,East,Web,Furniture,Bookcases,7,341.68,0.4,1435.06,123.42,Standard,3.0,3.8,False,GBP
ORD-101244,2024-05-29,CUST-01372,Corporate,East,Web,Office Supplies,Art,2,47.74,0.0,95.48,34.66,Same Day,1.0,3.4,False,GBP
ORD-100158,2024-05-16,CUST-00194,Corporate,East,Mobile App,Furniture,Bookcases,2,195.63,0.2,313.01,66.05,Standard,5.0,3.2,True,GBP
ORD-100919,2025-04-13,CUST-00653,Consumer,West,Phone,Technology,Copiers,4,564.2,0.0,2256.8,837.27,Second Class,2.0,2.9,False,GBP
ORD-103303,2024-03-18,CUST-00246,,West,Web,Office Supplies,Storage,5,32.25,0.0,161.25,36.93,Second Class,6.0,2.7,False,GBP
ORD-102264,2024-07-13,CUST-00816,Consumer,West,Mobile App,Technology,Machines,1,1084.63,0.2,867.7,146.64,First Class,3.0,3.0,False,GBP
ORD-102037,2025-09-24,CUST-00345,Consumer,South,Marketplace,Furniture,Tables,3,562.89,0.15,1435.37,444.96,Same Day,1.0,3.9,False,GBP
ORD-103186,2025-05-05,CUST-01023,Corporate,South,Mobile App,Furniture,Tables,3,144.26,0.0,432.78,147.15,Standard,6.0,,False,GBP
ORD-101350,2024-08-06,CUST-00506,Consumer,South,Web,Technology,Phones,2,2018.02,0.1,3632.44,1373.06,Standard,7.0,,False,GBP
ORD-102602,2025-12-18,CUST-00608,Consumer,North,Web,Office Supplies,Storage,8,31.48,0.2,201.47,41.1,Standard,5.0,3.4,False,GBP
ORD-103993,2024-01-05,CUST-00057,Consumer,North,Web,Office Supplies,Storage,1,38.21,0.3,26.75,5.24,Standard,5.0,3.5,True,GBP
ORD-101294,2024-10-08,CUST-00857,Corporate,Central,Mobile App,Furniture,Tables,8,587.42,0.4,2819.62,287.6,Standard,7.0,3.9,False,GBP
ORD-101485,2025-08-15,CUST-00716,Corporate,West,Phone,Furniture,Furnishings,2,224.18,0.1,403.52,122.27,Standard,6.0,2.7,False,GBP
ORD-102389,2025-02-17,CUST-00312,Corporate,West,Mobile App,Technology,Phones,5,307.42,0.0,1537.1,596.39,Standard,5.0,2.5,False,GBP
ORD-101646,2025-12-22,CUST-00412,Corporate,North,Marketplace,Office Supplies,Storage,7,29.74,0.0,208.18,80.15,Standard,5.0,4.0,False,GBP
ORD-100455,2024-09-20,CUST-00297,Consumer,Central,Web,Office Supplies,Art,4,41.07,0.3,115.0,34.5,First Class,3.0,3.6,False,GBP
ORD-103839,2025-03-16,CUST-00737,Corporate,Central,Mobile App,Technology,Phones,4,487.82,0.1,1756.15,558.46,Standard,6.0,3.7,False,GBP
ORD-102002,2024-02-19,CUST-00419,,North,Web,Technology,Copiers,3,662.26,0.0,1986.78,957.63,Standard,7.0,2.9,False,GBP
ORD-103489,2025-04-27,CUST-00453,Consumer,Central,Web,Office Supplies,Labels,4,25.1,0.3,70.28,9.21,Second Class,7.0,3.6,False,GBP
ORD-100086,2024-06-10,CUST-00749,Consumer,North,Marketplace,Office Supplies,Binders,5,37.38,0.2,149.52,34.09,Standard,7.0,4.2,False,GBP
ORD-100680,2024-10-07,CUST-01162,Corporate,West,Web,Furniture,Chairs,1,144.5,0.2,115.6,30.63,Standard,6.0,4.2,False,GBP
ORD-101183,2025-09-17,CUST-00227,Consumer,South,Mobile App,Office Supplies,Labels,3,44.86,0.0,134.58,40.24,First Class,2.0,4.5,False,GBP
ORD-102055,2024-04-16,CUST-00177,Consumer,North,Mobile App,Office Supplies,Storage,8,17.71,0.0,141.68,39.39,Standard,6.0,5.0,False,GBP
ORD-101015,2024-07-22,CUST-00992,Consumer,North,Web,Furniture,Bookcases,6,311.19,0.15,1587.07,633.24,Standard,9.0,3.2,False,GBP
ORD-104165,2024-05-12,CUST-01044,Consumer,East,Web,Office Supplies,Binders,2,7.93,0.0,15.86,7.39,Second Class,5.0,3.5,False,GBP
ORD-104810,2025-02-07,CUST-00001,Consumer,North,Web,Office Supplies,Labels,2,18.41,0.3,25.77,6.67,First Class,5.0,3.7,False,GBP
ORD-104011,2024-03-23,CUST-00565,Consumer,South,Web,Furniture,Furnishings,4,540.54,0.4,1297.3,150.49,Second Class,6.0,4.8,True,GBP
ORD-102870,2025-03-22,CUST-00888,,North,Web,Furniture,Bookcases,1,146.63,0.4,87.98,15.66,Same Day,1.0,3.2,False,GBP
ORD-101081,2025-09-21,CUST-00737,Consumer,South,Web,Furniture,Bookcases,2,288.01,0.3,403.21,18.55,Standard,6.0,3.4,False,GBP
ORD-100787,2024-12-09,CUST-00296,Corporate,West,Marketplace,Furniture,Bookcases,4,302.2,0.15,1027.48,208.58,Standard,8.0,3.1,False,GBP
ORD-103104,2024-08-21,CUST-00364,Consumer,North,Mobile App,Office Supplies,Art,8,8.97,0.0,71.76,24.4,Standard,6.0,3.5,False,GBP
ORD-103644,2025-08-08,CUST-00844,,South,Web,Office Supplies,Storage,6,28.48,0.4,102.53,11.07,Second Class,6.0,3.3,False,GBP
ORD-104689,2024-03-29,CUST-00374,Home Office,Central,Mobile App,Technology,Phones,4,998.04,0.2,3193.73,1283.88,Standard,4.0,3.4,False,GBP
ORD-102224,2025-11-04,CUST-00646,Corporate,East,Web,Technology,Accessories,3,357.89,0.0,1073.67,395.11,Standard,9.0,1.2,False,GBP
ORD-102880,2025-11-01,CUST-00343,Consumer,West,Web,Furniture,Chairs,5,206.83,0.0,1034.15,319.55,Standard,6.0,3.8,False,GBP
ORD-103116,2024-05-05,CUST-00546,Home Office,North,Marketplace,Technology,Phones,2,580.44,0.0,1160.88,345.94,Second Class,3.0,3.9,True,GBP
ORD-104043,2024-07-15,CUST-00923,Corporate,South,Web,Office Supplies,Binders,3,23.45,0.0,70.35,32.08,Standard,7.0,,False,GBP
ORD-100143,2025-08-05,CUST-00503,Corporate,South,Web,Technology,Copiers,4,417.23,0.0,1668.92,463.96,Standard,6.0,4.8,False,GBP
ORD-100467,2024-03-02,CUST-00705,Consumer,West,Web,Technology,Copiers,6,1088.15,0.2,5223.12,1869.88,First Class,4.0,3.2,False,GBP
ORD-103418,2025-04-09,CUST-01002,,West,Mobile App,Furniture,Bookcases,2,282.25,0.0,564.5,229.75,Standard,5.0,3.4,False,GBP
ORD-103893,2024-01-26,CUST-00081,,North,Marketplace,Office Supplies,Labels,2,36.6,0.3,51.24,9.68,First Class,3.0,3.7,False,GBP
ORD-104891,2025-10-21,CUST-01255,Home Office,North,Phone,Office Supplies,Paper,2,45.18,0.2,72.29,16.92,Second Class,1.0,4.9,False,GBP
ORD-104353,2024-07-14,CUST-00497,Consumer,West,Marketplace,Technology,Phones,4,648.3,0.0,2593.2,554.94,Standard,9.0,,True,GBP
ORD-100627,2024-05-26,CUST-01357,Corporate,North,Mobile App,Furniture,Furnishings,6,376.39,0.3,1580.84,474.25,Standard,4.0,4.6,False,GBP
ORD-102823,2025-01-18,CUST-00748,Corporate,East,Marketplace,Office Supplies,Binders,1,36.27,0.0,36.27,19.22,Second Class,4.0,4.0,False,GBP
ORD-102877,2024-02-22,CUST-00744,Home Office,West,Web,Furniture,Chairs,2,408.98,0.0,817.96,122.69,First Class,5.0,4.5,False,GBP
ORD-104056,2024-09-15,CUST-00580,Consumer,Central,Mobile App,Office Supplies,Art,3,38.76,0.1,104.65,32.34,Standard,5.0,3.7,False,GBP
ORD-100571,2025-04-15,CUST-01111,Consumer,West,Marketplace,Furniture,Chairs,1,242.63,0.0,242.63,89.77,Standard,4.0,3.8,False,GBP
ORD-104364,2025-06-20,CUST-01087,Consumer,South,Web,Technology,Machines,7,1629.69,0.0,11407.83,4152.45,Standard,6.0,1.8,True,GBP
ORD-103834,2025-12-15,CUST-00234,Consumer,Central,Web,Technology,Accessories,5,312.62,0.0,1563.1,576.78,Standard,8.0,3.6,False,GBP
ORD-103920,2025-07-08,CUST-00777,,East,Web,Office Supplies,Paper,3,31.85,0.2,76.44,5.66,First Class,,3.2,False,GBP
ORD-100922,2024-10-29,CUST-01035,Corporate,North,Web,Office Supplies,Paper,7,15.91,0.2,89.1,22.63,Standard,2.0,4.5,True,GBP
ORD-103408,2024-02-21,CUST-01227,Consumer,East,Web,Technology,Phones,3,457.32,0.2,1097.57,27.44,Second Class,5.0,4.8,False,GBP
ORD-101602,2025-08-15,CUST-01349,Corporate,North,Mobile App,Furniture,Furnishings,5,233.14,0.0,1165.7,357.87,Standard,6.0,3.7,False,GBP
ORD-104908,2024-07-04,CUST-00743,,South,Web,Furniture,Furnishings,3,366.2,0.0,1098.6,511.95,Same Day,0.0,4.7,False,GBP
ORD-104575,2024-01-28,CUST-00504,Consumer,East,Mobile App,Office Supplies,Paper,7,33.34,0.1,210.04,51.67,Standard,7.0,3.6,False,GBP
ORD-104337,2025-03-18,CUST-00983,Corporate,South,Mobile App,Technology,Machines,3,985.5,0.0,2956.5,1090.95,Second Class,3.0,3.7,False,GBP
ORD-102213,2025-06-10,CUST-01192,Corporate,North,Phone,Technology,Accessories,7,882.72,0.4,3707.42,708.12,First Class,2.0,3.3,False,GBP
ORD-104787,2024-09-25,CUST-01329,Consumer,East,Marketplace,Office Supplies,Binders,8,57.31,0.0,458.48,220.99,Second Class,3.0,5.0,False,GBP
ORD-103562,2024-07-28,CUST-00749,Consumer,East,Web,Furniture,Chairs,8,152.98,0.4,734.3,20.56,Standard,5.0,,False,GBP
ORD-100592,2025-01-13,CUST-00093,Consumer,Central,Web,Technology,Machines,6,498.08,0.0,2988.48,833.79,Standard,5.0,4.9,False,GBP
ORD-100260,2025-02-05,CUST-00242,Consumer,East,Mobile App,Furniture,Chairs,8,185.75,0.1,1337.4,458.73,Second Class,2.0,2.7,False,GBP
ORD-103218,2025-05-01,CUST-01252,Consumer,West,Web,Furniture,Chairs,6,280.49,0.0,1682.94,583.98,Second Class,3.0,2.4,False,GBP
ORD-104428,2024-01-18,CUST-01200,Consumer,East,Web,Office Supplies,Paper,1,20.2,0.3,14.14,3.76,Standard,5.0,3.4,False,GBP
ORD-104783,2024-11-02,CUST-00420,Home Office,South,Web,Technology,Accessories,1,120.23,0.4,72.14,12.26,Standard,,3.4,False,GBP
ORD-103540,2024-07-01,CUST-00188,Consumer,Central,Mobile App,Office Supplies,Storage,8,18.27,0.15,124.24,32.8,Second Class,0.0,4.3,False,GBP
ORD-100930,2024-10-17,CUST-00015,Home Office,South,Web,Office Supplies,Paper,6,32.48,0.2,155.9,21.2,Second Class,3.0,3.7,False,GBP
ORD-103376,2025-06-15,CUST-00013,Consumer,West,Marketplace,Office Supplies,Binders,2,20.89,0.3,29.25,6.79,Standard,6.0,4.8,False,GBP
ORD-103570,2025-04-19,CUST-00700,Consumer,East,Phone,Technology,Accessories,4,303.05,0.0,1212.2,446.09,Second Class,4.0,4.6,False,GBP
ORD-102723,2024-12-08,CUST-00417,Consumer,East,Mobile App,Technology,Phones,2,687.17,0.0,1374.34,514.0,Standard,8.0,3.2,False,GBP
ORD-104052,2025-11-11,CUST-00438,Consumer,Central,Web,Furniture,Bookcases,2,195.68,0.2,313.09,89.86,Standard,4.0,4.0,False,GBP
ORD-103854,2024-07-26,CUST-00450,Corporate,West,Marketplace,Furniture,Bookcases,8,378.35,0.15,2572.78,517.13,Standard,7.0,3.4,False,GBP
ORD-103222,2025-01-26,CUST-00090,Consumer,Central,Web,Office Supplies,Art,4,64.95,0.1,233.82,48.87,Standard,6.0,4.6,False,GBP
ORD-101694,2024-10-13,CUST-00005,Home Office,South,Web,Furniture,Chairs,2,153.62,0.0,307.24,111.22,Same Day,0.0,5.0,False,GBP
ORD-104072,2024-06-05,CUST-00112,Corporate,East,Mobile App,Office Supplies,Labels,6,32.18,0.2,154.46,17.45,Standard,4.0,2.9,False,GBP
ORD-100183,2024-01-13,CUST-00706,Consumer,Central,Web,Office Supplies,Binders,8,37.51,0.0,300.08,123.63,First Class,2.0,4.4,False,GBP
ORD-101993,2025-12-07,CUST-00494,Corporate,South,Web,Office Supplies,Storage,8,36.14,0.1,260.21,66.35,Same Day,4.0,4.2,False,GBP
ORD-103945,2025-12-07,CUST-00123,Consumer,North,Marketplace,Office Supplies,Art,6,22.58,0.15,115.16,20.38,First Class,4.0,1.8,False,GBP
ORD-102250,2025-09-04,CUST-01184,Corporate,South,Web,Furniture,Tables,5,531.32,0.0,2656.6,900.59,Standard,6.0,3.3,True,GBP
ORD-103367,2025-10-07,CUST-00182,Consumer,West,Marketplace,Office Supplies,Storage,1,38.52,0.2,30.82,9.18,Second Class,,4.3,False,GBP
ORD-101662,2025-01-07,CUST-01259,Consumer,South,Marketplace,Technology,Machines,3,772.59,0.3,1622.44,180.09,Standard,5.0,3.6,False,GBP
ORD-101834,2024-06-11,CUST-00272,Consumer,West,Web,Technology,Machines,3,275.54,0.0,826.62,206.66,Standard,5.0,3.1,False,GBP
ORD-101620,2025-12-11,CUST-00970,Consumer,North,Web,Technology,Accessories,6,469.33,0.0,2815.98,805.37,First Class,6.0,3.9,True,GBP
ORD-104555,2025-03-13,CUST-00003,Corporate,South,Marketplace,Office Supplies,Storage,6,51.55,0.0,309.3,115.68,Second Class,1.0,3.8,True,GBP
ORD-100503,2024-08-16,CUST-00084,Corporate,East,Web,Office Supplies,Binders,1,25.31,0.4,15.19,2.69,Second Class,4.0,2.2,False,GBP
ORD-100587,2024-12-11,CUST-01280,Home Office,Central,Mobile App,Technology,Phones,7,760.91,0.1,4793.73,1514.82,Second Class,4.0,4.2,False,GBP
ORD-102510,2024-12-08,CUST-01214,Corporate,West,Web,Technology,Accessories,7,536.99,0.1,3383.04,1194.21,Standard,5.0,3.6,False,GBP
ORD-102958,2025-01-17,CUST-00862,Corporate,East,Web,Technology,Phones,3,625.06,0.2,1500.14,231.02,Second Class,,3.6,False,GBP
ORD-102988,2025-06-05,CUST-00614,Corporate,West,Marketplace,Office Supplies,Labels,2,33.53,0.1,60.35,12.67,Standard,7.0,3.5,False,GBP
ORD-104480,2024-02-18,CUST-01111,Corporate,East,Mobile App,Furniture,Tables,6,202.23,0.0,1213.38,555.73,Standard,9.0,2.4,False,GBP
ORD-103460,2025-05-07,CUST-01181,Home Office,Central,Web,Furniture,Chairs,4,122.95,0.3,344.26,70.57,Same Day,2.0,1.7,False,GBP
ORD-103029,2025-08-30,CUST-01372,Consumer,East,Mobile App,Office Supplies,Storage,1,12.09,0.3,8.46,1.28,Second Class,5.0,2.7,False,GBP
ORD-101972,2024-09-17,CUST-01115,Consumer,West,Phone,Technology,Machines,6,326.49,0.2,1567.15,372.98,Standard,9.0,4.4,False,GBP
ORD-104902,2025-03-10,CUST-00023,Corporate,Central,Web,Office Supplies,Labels,2,61.92,0.0,123.84,27.62,Same Day,1.0,3.2,True,GBP
ORD-100788,2024-03-27,CUST-00282,Home Office,South,Web,Furniture,Furnishings,8,280.65,0.1,2020.68,761.8,Standard,6.0,3.9,False,GBP
ORD-102130,2024-09-01,CUST-00067,Consumer,East,Web,Office Supplies,Labels,4,23.57,0.1,84.85,15.02,First Class,4.0,5.0,False,GBP
ORD-104293,2024-06-13,CUST-00692,,North,Phone,Furniture,Bookcases,1,859.42,0.1,773.48,116.8,Standard,6.0,4.2,False,GBP
ORD-104865,2024-07-02,CUST-01220,Corporate,South,Mobile App,Technology,Machines,3,1006.1,0.0,3018.3,996.04,Standard,5.0,2.7,False,GBP
ORD-100472,2024-07-22,CUST-00977,,East,Web,Technology,Phones,6,559.36,0.3,2349.31,345.35,First Class,4.0,3.5,False,GBP
ORD-101745,2025-09-08,CUST-00832,Consumer,West,Mobile App,Office Supplies,Art,4,33.28,0.15,113.15,31.34,Standard,6.0,3.6,False,GBP
ORD-104384,2024-07-23,CUST-00782,Corporate,West,Web,Technology,Copiers,4,193.7,0.4,464.88,86.47,Second Class,5.0,3.9,False,GBP
ORD-103529,2025-05-03,CUST-00421,Consumer,South,Mobile App,Office Supplies,Labels,5,45.85,0.0,229.25,85.51,Standard,5.0,3.2,False,GBP
ORD-103364,2024-09-20,CUST-01093,Corporate,North,Web,Office Supplies,Paper,6,15.48,0.0,92.88,26.38,Same Day,0.0,4.2,False,GBP
ORD-104748,2024-12-02,CUST-01070,Corporate,West,Phone,Office Supplies,Art,3,6.84,0.4,12.31,2.52,Standard,7.0,3.4,False,GBP
ORD-104308,2025-08-31,CUST-01394,Corporate,North,Marketplace,Office Supplies,Storage,8,14.74,0.0,117.92,42.92,First Class,3.0,4.7,True,GBP
ORD-104168,2024-04-08,CUST-01317,Home Office,East,Web,Office Supplies,Labels,4,6.17,0.3,17.28,3.7,First Class,3.0,5.0,False,GBP
ORD-103601,2024-09-30,CUST-00678,,West,Mobile App,Office Supplies,Paper,3,21.04,0.4,37.87,4.36,Second Class,4.0,,False,GBP
ORD-103571,2025-01-14,CUST-00733,Corporate,South,Mobile App,Office Supplies,Binders,7,61.47,0.0,430.29,186.75,Second Class,4.0,4.4,True,GBP
ORD-100689,2024-09-15,CUST-01360,Consumer,South,Mobile App,Technology,Machines,3,730.8,0.1,1973.16,507.1,Standard,6.0,,False,GBP
ORD-101078,2025-05-01,CUST-01209,Corporate,East,Mobile App,Office Supplies,Binders,1,70.39,0.0,70.39,28.02,Second Class,5.0,3.6,False,GBP
ORD-100441,2024-05-17,CUST-00464,Corporate,South,Mobile App,Furniture,Chairs,1,324.53,0.15,275.85,77.24,Standard,7.0,4.7,False,GBP
ORD-100535,2024-01-23,CUST-00148,Corporate,South,Web,Furniture,Furnishings,5,500.35,0.2,2001.4,394.28,Standard,5.0,3.8,False,GBP
ORD-104831,2025-09-23,CUST-00463,Consumer,North,Marketplace,Office Supplies,Labels,4,42.47,0.15,144.4,38.99,Standard,6.0,3.8,False,GBP
ORD-100359,2025-10-13,CUST-00235,Corporate,East,Mobile App,Office Supplies,Storage,1,27.89,0.2,22.31,3.77,First Class,4.0,3.0,False,GBP
ORD-100782,2025-12-08,CUST-00402,Consumer,North,Mobile App,Furniture,Furnishings,3,243.92,0.0,731.76,338.8,Standard,5.0,3.4,True,GBP
ORD-102962,2024-11-17,CUST-01326,Corporate,East,Mobile App,Office Supplies,Labels,4,45.94,0.2,147.01,33.37,Standard,5.0,3.9,False,GBP
ORD-100580,2025-08-21,CUST-00293,Corporate,East,Web,Technology,Accessories,1,1195.06,0.0,1195.06,469.66,Second Class,3.0,3.1,False,GBP
ORD-103523,2025-02-09,CUST-01240,Corporate,Central,Web,Office Supplies,Storage,8,32.88,0.15,223.58,48.74,Standard,7.0,4.2,False,GBP
ORD-101231,2024-04-04,CUST-00456,Home Office,Central,Mobile App,Office Supplies,Labels,8,54.47,0.4,261.46,57.0,Standard,,3.0,False,GBP
ORD-100547,2025-07-08,CUST-00103,Consumer,South,Marketplace,Office Supplies,Art,8,25.1,0.2,160.64,31.49,Standard,8.0,4.9,False,GBP
ORD-103032,2024-01-03,CUST-00932,Home Office,Central,Mobile App,Furniture,Furnishings,7,141.95,0.1,894.28,354.13,Standard,8.0,3.9,True,GBP
ORD-103394,2025-06-30,CUST-00736,Home Office,South,Mobile App,Office Supplies,Paper,7,36.28,0.0,253.96,102.35,Second Class,4.0,4.4,False,GBP
ORD-104059,2025-10-25,CUST-00085,Corporate,East,Mobile App,Furniture,Tables,5,286.39,0.4,859.17,26.63,Second Class,4.0,,False,GBP
ORD-104417,2025-09-25,CUST-00931,Consumer,East,Web,Furniture,Furnishings,6,199.95,0.0,1199.7,343.11,Standard,7.0,4.7,False,GBP
ORD-103688,2024-05-01,CUST-00029,Consumer,Central,Mobile App,Office Supplies,Paper,5,45.56,0.0,227.8,71.76,Standard,5.0,4.0,False,GBP
ORD-100664,2025-08-19,CUST-00166,,South,Mobile App,Office Supplies,Storage,5,62.77,0.2,251.08,24.1,Standard,6.0,2.6,False,GBP
ORD-104533,2025-05-10,CUST-00057,Consumer,Central,Web,Office Supplies,Labels,5,33.28,0.1,149.76,44.33,Standard,8.0,3.8,False,GBP
ORD-103167,2024-11-28,CUST-00241,Home Office,West,Web,Office Supplies,Storage,4,39.15,0.0,156.6,46.67,Same Day,2.0,4.1,False,GBP
ORD-101525,2025-12-16,CUST-00488,Consumer,Central,Marketplace,Furniture,Furnishings,2,179.6,0.15,305.32,76.64,Standard,7.0,4.2,False,GBP
ORD-100109,2024-11-03,CUST-00391,Consumer,Central,Web,Office Supplies,Paper,1,35.76,0.0,35.76,15.05,Second Class,3.0,3.8,False,GBP
ORD-102206,2025-12-23,CUST-01164,Corporate,North,Mobile App,Furniture,Chairs,7,121.08,0.0,847.56,230.54,Standard,5.0,4.6,False,GBP
ORD-101118,2024-09-26,CUST-00531,Consumer,West,Marketplace,Technology,Copiers,2,389.56,0.0,779.12,178.42,Standard,1.0,5.0,False,GBP
ORD-100550,2025-08-08,CUST-01004,,East,Web,Office Supplies,Paper,2,28.67,0.0,57.34,10.95,Standard,6.0,3.8,False,GBP
ORD-101209,2024-11-27,CUST-00834,Corporate,East,Marketplace,Technology,Machines,2,564.31,0.4,677.17,46.72,Second Class,5.0,3.6,True,GBP
ORD-100316,2025-10-24,CUST-00365,Consumer,East,Web,Technology,Copiers,5,469.03,0.2,1876.12,549.7,Standard,6.0,2.7,True,GBP
ORD-102316,2024-03-03,CUST-01210,Corporate,East,Mobile App,Office Supplies,Storage,4,38.39,0.0,153.56,51.29,Standard,6.0,3.5,False,GBP
ORD-101649,2025-08-19,CUST-01187,Corporate,West,Mobile App,Office Supplies,Art,6,29.31,0.15,149.48,40.66,Standard,4.0,2.9,False,GBP
ORD-102977,2024-01-10,CUST-01383,,East,Web,Technology,Accessories,5,1106.75,0.0,5533.75,2130.49,First Class,2.0,3.4,False,GBP
ORD-104285,2024-01-26,CUST-01029,Home Office,West,Marketplace,Office Supplies,Paper,3,32.43,0.2,77.83,24.75,Second Class,5.0,3.3,False,GBP
ORD-103395,2025-01-09,CUST-00566,Consumer,West,Mobile App,Office Supplies,Labels,8,21.26,0.2,136.06,42.31,Standard,6.0,3.8,False,GBP
ORD-100180,2024-07-05,CUST-01013,Home Office,East,Mobile App,Technology,Machines,2,659.87,0.1,1187.77,465.61,Standard,6.0,4.2,False,GBP
ORD-101369,2024-12-05,CUST-01132,Consumer,West,Web,Furniture,Tables,5,240.53,0.3,841.86,166.69,Standard,7.0,3.2,False,GBP
ORD-100864,2024-01-01,CUST-00899,Home Office,South,Marketplace,Office Supplies,Labels,1,25.97,0.0,25.97,9.82,First Class,5.0,3.7,True,GBP
ORD-102307,2024-01-11,CUST-01065,Corporate,West,Mobile App,Furniture,Chairs,3,330.9,0.15,843.8,249.76,Standard,7.0,3.5,False,GBP
ORD-104180,2025-10-10,CUST-00171,Home Office,North,Phone,Office Supplies,Labels,3,35.31,0.15,90.04,15.4,Same Day,1.0,4.3,False,GBP
ORD-102477,2024-04-21,CUST-00439,Home Office,Central,Phone,Office Supplies,Binders,6,94.69,0.0,568.14,191.46,First Class,4.0,3.0,False,GBP
ORD-102824,2024-12-09,CUST-00271,Corporate,East,Marketplace,Technology,Accessories,1,422.81,0.15,359.39,92.36,Standard,5.0,2.9,False,GBP
ORD-102782,2024-08-20,CUST-00661,Consumer,North,Mobile App,Office Supplies,Art,8,35.92,0.4,172.42,15.86,Second Class,,5.0,False,GBP
ORD-104516,2024-04-03,CUST-00979,Corporate,South,Web,Office Supplies,Art,8,36.48,0.2,233.47,46.69,Standard,4.0,3.5,True,GBP
ORD-101236,2024-02-12,CUST-01125,Corporate,East,Web,Technology,Copiers,4,654.69,0.0,2618.76,793.48,Same Day,1.0,5.0,False,GBP
ORD-103407,2025-06-13,CUST-00767,Consumer,South,Mobile App,Technology,Accessories,2,723.56,0.0,1447.12,431.24,Standard,7.0,3.2,False,GBP
ORD-101059,2025-12-14,CUST-00858,Corporate,West,Web,Technology,Phones,5,492.91,0.15,2094.87,773.01,Second Class,4.0,,False,GBP
ORD-100132,2024-10-06,CUST-00928,Consumer,North,Web,Office Supplies,Labels,1,14.66,0.3,10.26,2.82,Standard,6.0,,True,GBP
ORD-100486,2025-10-24,CUST-00268,Consumer,Central,Web,Office Supplies,Art,8,18.79,0.0,150.32,61.48,Same Day,,,False,GBP
ORD-100120,2024-05-08,CUST-00669,,West,Mobile App,Furniture,Chairs,1,288.1,0.0,288.1,102.28,Standard,6.0,4.4,False,GBP
ORD-104298,2024-09-07,CUST-00672,Consumer,South,Marketplace,Technology,Accessories,7,452.35,0.0,3166.45,1022.76,Standard,5.0,3.3,False,GBP
ORD-100681,2024-09-19,CUST-00650,Consumer,West,Marketplace,Office Supplies,Labels,3,59.16,0.1,159.73,37.06,Standard,,4.3,False,GBP
ORD-104735,2025-11-12,CUST-01099,Home Office,North,Mobile App,Office Supplies,Binders,7,18.41,0.0,128.87,39.69,Standard,2.0,3.9,False,GBP
ORD-102486,2025-01-20,CUST-00294,Consumer,Central,Marketplace,Technology,Machines,3,860.02,0.1,2322.05,545.68,Standard,5.0,3.0,False,GBP
ORD-103531,2024-06-19,CUST-00644,,North,Web,Office Supplies,Storage,6,38.21,0.1,206.33,69.53,Second Class,4.0,3.4,False,GBP
ORD-101871,2025-03-18,CUST-00165,Consumer,South,Mobile App,Office Supplies,Paper,8,50.8,0.3,284.48,55.19,Standard,8.0,4.7,False,GBP
ORD-101457,2025-12-29,CUST-00520,Consumer,East,Mobile App,Office Supplies,Labels,2,42.68,0.0,85.36,42.94,Standard,6.0,4.8,False,GBP
ORD-104452,2024-12-05,CUST-00861,Consumer,Central,Web,Office Supplies,Labels,8,9.66,0.15,65.69,17.01,Standard,9.0,2.8,True,GBP
ORD-101465,2025-04-04,CUST-01050,Consumer,West,Web,Office Supplies,Binders,7,24.44,0.4,102.65,12.42,Second Class,4.0,4.1,True,GBP
ORD-101194,2024-08-25,CUST-01308,Consumer,South,Mobile App,Furniture,Chairs,4,500.14,0.1,1800.5,259.27,Standard,7.0,3.9,False,GBP
ORD-102775,2024-12-27,CUST-00004,Consumer,North,Web,Office Supplies,Paper,8,27.19,0.15,184.89,77.28,Second Class,2.0,5.0,False,GBP
ORD-104413,2024-04-15,CUST-00278,Consumer,West,Web,Furniture,Furnishings,3,173.58,0.3,364.52,72.17,Standard,5.0,3.9,False,GBP
ORD-103146,2024-01-22,CUST-00513,Consumer,South,Marketplace,Office Supplies,Storage,5,22.48,0.3,78.68,20.93,Second Class,4.0,5.0,False,GBP
ORD-101511,2024-01-01,CUST-00513,Consumer,East,Web,Technology,Phones,3,910.81,0.3,1912.7,344.29,Standard,7.0,3.9,False,GBP
ORD-101084,2024-01-31,CUST-00639,Corporate,West,Marketplace,Furniture,Bookcases,6,639.06,0.1,3450.92,886.89,Standard,6.0,4.6,False,GBP
ORD-104836,2025-01-10,CUST-00744,,West,Mobile App,Technology,Copiers,6,340.33,0.1,1837.78,747.98,Standard,7.0,4.8,False,GBP
ORD-102853,2024-03-21,CUST-00048,Consumer,Central,Marketplace,Furniture,Furnishings,6,255.57,0.0,1533.42,501.43,Same Day,0.0,4.8,True,GBP
ORD-104015,2024-10-11,CUST-00121,Consumer,South,Mobile App,Technology,Machines,4,612.81,0.0,2451.24,576.04,Second Class,4.0,4.9,False,GBP
ORD-103973,2024-01-20,CUST-00526,Corporate,West,Mobile App,Furniture,Tables,6,128.64,0.0,771.84,328.8,Second Class,2.0,3.9,False,GBP
ORD-100536,2024-10-22,CUST-00071,Consumer,West,Web,Furniture,Tables,2,114.59,0.1,8250.4,31.35,First Class,3.0,2.3,False,GBP
ORD-102656,2025-06-08,CUST-00068,Corporate,East,Web,Office Supplies,Labels,2,13.15,0.4,15.78,3.16,Same Day,4.0,3.7,False,GBP
ORD-102668,2024-01-24,CUST-01050,Corporate,North,Web,Office Supplies,Paper,1,61.53,0.15,52.3,16.11,Second Class,3.0,5.0,False,GBP
ORD-103280,2025-11-01,CUST-00547,Consumer,Central,Mobile App,Office Supplies,Labels,4,18.65,0.0,74.6,26.48,First Class,2.0,2.4,False,GBP
ORD-104424,2024-03-09,CUST-01025,Corporate,South,Web,Furniture,Bookcases,7,265.98,0.2,1489.49,454.29,Standard,7.0,3.5,True,GBP
ORD-104090,2025-07-05,CUST-00591,Consumer,Central,Marketplace,Furniture,Chairs,8,322.63,0.2,2064.83,565.76,Standard,5.0,4.8,False,GBP
ORD-102968,2024-09-23,CUST-00171,Consumer,North,Phone,Technology,Machines,7,264.36,0.0,1850.52,906.75,Standard,6.0,3.3,False,GBP
ORD-101561,2025-10-25,CUST-00646,Consumer,North,Web,Furniture,Furnishings,8,231.14,0.0,1849.12,795.12,Standard,7.0,3.3,False,GBP
ORD-102496,2025-07-20,CUST-01340,Consumer,West,Web,Office Supplies,Storage,3,25.42,0.15,64.82,13.94,Standard,6.0,3.7,False,GBP
ORD-101397,2025-11-25,CUST-01032,Corporate,South,Web,Office Supplies,Storage,7,15.12,0.15,89.96,24.38,Second Class,2.0,5.0,False,GBP
ORD-101362,2024-04-25,CUST-00274,Consumer,East,Web,Office Supplies,Binders,7,23.64,0.1,148.93,18.77,Standard,7.0,3.4,True,GBP
ORD-104336,2024-04-30,CUST-01031,Corporate,South,Web,Office Supplies,Storage,5,36.7,0.0,183.5,56.88,Standard,8.0,3.7,False,GBP
ORD-100326,2024-08-11,CUST-01371,Corporate,South,Web,Furniture,Bookcases,6,389.7,0.0,2338.2,706.14,Standard,7.0,3.7,False,GBP
ORD-101787,2024-01-19,CUST-00806,Corporate,South,Web,Furniture,Furnishings,6,255.74,0.2,1227.55,337.58,Second Class,3.0,4.4,False,GBP
ORD-104578,2024-12-07,CUST-00213,Corporate,North,Mobile App,Office Supplies,Art,8,28.43,0.0,227.44,54.59,Standard,8.0,3.8,False,GBP
ORD-102229,2024-02-12,CUST-00229,Home Office,North,Web,Office Supplies,Storage,8,37.63,0.3,210.73,21.49,Standard,6.0,3.9,False,GBP
ORD-100269,2025-06-25,CUST-00387,Corporate,South,Mobile App,Technology,Phones,1,1339.35,0.0,1339.35,483.51,Standard,5.0,3.7,False,GBP
ORD-100960,2024-04-23,CUST-00704,,South,Mobile App,Office Supplies,Paper,1,23.34,0.2,18.67,5.81,Standard,8.0,3.6,False,GBP
ORD-101683,2025-12-02,CUST-00638,Consumer,South,Web,Furniture,Furnishings,3,224.86,0.0,674.58,196.3,Second Class,5.0,4.2,False,GBP
ORD-102767,2025-08-21,CUST-00358,Consumer,Central,Mobile App,Technology,Machines,8,236.57,0.0,1892.56,514.78,Second Class,6.0,4.7,False,GBP
ORD-100355,2025-03-10,CUST-00996,Corporate,North,Mobile App,Furniture,Tables,2,331.52,0.15,563.58,115.53,First Class,2.0,4.4,False,GBP
ORD-100523,2024-10-15,CUST-00400,Consumer,West,Web,Office Supplies,Storage,8,85.5,0.0,684.0,238.03,First Class,3.0,4.8,False,GBP
ORD-100891,2025-08-23,CUST-00099,Consumer,West,Web,Technology,Machines,3,582.11,0.1,1571.7,363.06,Second Class,5.0,2.9,False,GBP
ORD-101462,2025-12-23,CUST-00082,Consumer,South,Mobile App,Furniture,Furnishings,1,358.35,0.4,215.01,1.94,Second Class,4.0,2.0,False,GBP
ORD-103793,2025-09-10,CUST-00058,Consumer,North,Web,Office Supplies,Binders,8,79.54,0.0,636.32,246.89,Standard,4.0,3.4,False,GBP
ORD-102909,2025-04-11,CUST-00079,Corporate,North,Marketplace,Office Supplies,Storage,4,15.34,0.2,49.09,5.99,Second Class,3.0,2.7,True,GBP
ORD-101487,2025-08-14,CUST-01216,Home Office,West,Web,Office Supplies,Binders,1,19.97,0.3,13.98,2.39,Second Class,3.0,3.6,False,GBP
ORD-104496,2024-03-08,CUST-00064,Consumer,East,Mobile App,Furniture,Bookcases,5,446.45,0.3,1562.57,162.51,First Class,2.0,2.9,False,GBP
ORD-100431,2025-05-31,CUST-00993,Home Office,Central,Web,Furniture,Chairs,6,399.98,0.0,2399.88,871.16,Second Class,5.0,2.8,False,GBP
ORD-100852,2025-08-20,CUST-00870,Consumer,South,Mobile App,Furniture,Furnishings,2,92.69,0.4,111.23,16.57,Standard,7.0,4.4,True,GBP
ORD-103556,2024-09-20,CUST-00889,Corporate,East,Marketplace,Office Supplies,Paper,4,57.64,0.2,184.45,44.08,Standard,6.0,3.5,False,GBP
ORD-103698,2025-03-22,CUST-01042,Corporate,East,Marketplace,Furniture,Tables,2,438.38,0.4,526.06,51.03,Standard,8.0,2.9,False,GBP
ORD-101809,2025-07-19,CUST-00865,Home Office,West,Marketplace,Technology,Machines,7,219.36,0.1,1381.97,320.62,Same Day,2.0,3.7,False,GBP
ORD-104755,2025-02-24,CUST-00890,Home Office,Central,Marketplace,Furniture,Furnishings,6,226.65,0.2,1087.92,239.34,First Class,3.0,,False,GBP
ORD-101223,2025-12-27,CUST-00988,,South,Web,Technology,Phones,8,299.06,0.0,2392.48,813.44,Second Class,5.0,3.3,False,GBP
ORD-100423,2024-02-28,CUST-00647,Home Office,North,Mobile App,Office Supplies,Labels,2,9.01,0.2,14.42,2.91,Same Day,1.0,3.5,False,GBP
ORD-102407,2024-04-28,CUST-00266,Consumer,North,Web,Technology,Phones,3,363.91,0.0,1091.73,450.88,Same Day,,3.2,False,GBP
ORD-104447,2025-08-09,CUST-00747,Consumer,Central,Phone,Technology,Accessories,3,303.38,0.15,773.62,237.5,Same Day,1.0,4.1,False,GBP
ORD-103693,2025-08-14,CUST-01386,Consumer,Central,Web,Technology,Machines,4,186.49,0.2,596.77,170.08,Standard,4.0,4.3,False,GBP
ORD-104704,2024-09-17,CUST-01108,Home Office,North,Web,Furniture,Chairs,4,231.08,0.0,924.32,354.01,First Class,,4.7,False,GBP
ORD-101104,2024-02-13,CUST-01280,Home Office,North,Mobile App,Furniture,Furnishings,1,613.88,0.0,613.88,238.8,Standard,7.0,4.3,False,GBP
ORD-100834,2025-08-09,CUST-01318,Home Office,East,Web,Furniture,Furnishings,5,448.87,0.15,1907.7,576.13,First Class,3.0,3.2,False,GBP
ORD-100268,2025-02-25,CUST-00991,Consumer,West,Mobile App,Office Supplies,Paper,6,21.04,0.0,126.24,59.46,Standard,6.0,5.0,False,GBP
ORD-100157,2024-01-05,CUST-01205,Consumer,South,Phone,Office Supplies,Labels,4,31.56,0.2,100.99,13.94,Standard,6.0,4.0,False,GBP
ORD-102140,2024-04-09,CUST-00883,Corporate,Central,Mobile App,Office Supplies,Binders,7,46.06,0.4,193.45,23.99,First Class,3.0,4.6,False,GBP
ORD-101912,2024-05-04,CUST-00989,Consumer,North,Marketplace,Office Supplies,Labels,6,11.22,0.0,67.32,25.65,Same Day,0.0,3.1,False,GBP
ORD-103455,2024-04-24,CUST-00309,Consumer,East,Phone,Technology,Phones,3,804.63,0.0,2413.89,658.99,Standard,6.0,4.3,False,GBP
ORD-100347,2025-04-02,CUST-00764,Consumer,North,Phone,Technology,Machines,2,594.51,0.0,1189.02,423.29,Standard,5.0,4.9,False,GBP
ORD-101228,2024-07-01,CUST-00949,Corporate,South,Web,Technology,Accessories,5,233.37,0.0,1166.85,504.08,Standard,5.0,3.3,False,GBP
ORD-103499,2025-04-09,CUST-00134,Corporate,West,Web,Furniture,Furnishings,1,393.37,0.15,334.36,87.94,Standard,7.0,4.9,False,GBP
ORD-102155,2024-12-15,CUST-01395,,South,Web,Technology,Accessories,5,135.23,0.15,574.73,181.61,Standard,5.0,2.9,False,GBP
ORD-100880,2025-10-01,CUST-01101,Corporate,East,Phone,Technology,Accessories,2,340.82,0.2,545.31,127.06,Standard,7.0,3.3,False,GBP
ORD-103270,2025-08-28,CUST-00634,Home Office,East,Mobile App,Office Supplies,Storage,3,21.33,0.2,51.19,14.33,First Class,5.0,3.8,False,GBP
ORD-100717,2025-05-18,CUST-01274,Home Office,West,Web,Office Supplies,Labels,2,21.7,0.3,30.38,2.98,Standard,3.0,4.6,False,GBP
ORD-100901,2024-08-31,CUST-01060,Consumer,West,Web,Office Supplies,Storage,1,22.99,0.15,19.54,5.02,Standard,6.0,2.9,False,GBP
ORD-104484,2025-07-01,CUST-00142,Corporate,Central,Marketplace,Furniture,Tables,6,182.21,0.3,765.28,198.21,Standard,7.0,3.0,False,GBP
ORD-104210,2025-02-14,CUST-01129,,Central,Mobile App,Office Supplies,Labels,4,24.92,0.15,84.73,27.37,Second Class,4.0,5.0,False,GBP
ORD-101568,2024-08-27,CUST-00855,Corporate,East,Mobile App,Office Supplies,Labels,3,13.09,0.0,39.27,14.69,Same Day,1.0,3.6,False,GBP
ORD-100098,2024-08-17,CUST-01255,Corporate,North,Web,Furniture,Chairs,2,157.28,0.3,220.19,31.27,Standard,5.0,4.3,False,GBP
ORD-101537,2024-08-22,CUST-01315,Consumer,Central,Mobile App,Office Supplies,Binders,5,24.28,0.0,121.4,53.05,Second Class,0.0,3.9,False,GBP
ORD-103492,2024-08-27,CUST-00763,Consumer,Central,Mobile App,Technology,Phones,2,723.96,0.2,1158.34,245.57,Second Class,5.0,2.5,False,GBP
ORD-104274,2025-12-14,CUST-00976,,South,Web,Furniture,Bookcases,6,176.91,0.0,1061.46,277.04,Standard,6.0,3.5,False,GBP
ORD-101157,2024-09-01,CUST-01236,Corporate,North,Mobile App,Technology,Machines,7,195.21,0.0,1366.47,578.02,Second Class,3.0,3.2,False,GBP
ORD-104039,2025-07-25,CUST-00712,Consumer,North,Web,Technology,Phones,3,212.39,0.4,382.3,12.62,Standard,5.0,2.9,False,GBP
ORD-103481,2025-05-13,CUST-00492,Consumer,Central,Web,Office Supplies,Storage,4,81.33,0.0,325.32,83.61,Standard,5.0,4.9,False,GBP
ORD-104317,2025-07-31,CUST-01329,Corporate,South,Mobile App,Office Supplies,Storage,8,50.28,0.1,362.02,70.59,Standard,4.0,4.2,False,GBP
ORD-104695,2025-02-11,CUST-00712,Consumer,Central,Web,Furniture,Bookcases,1,103.62,0.0,103.62,33.99,Standard,6.0,4.2,False,GBP
ORD-101221,2025-09-23,CUST-00531,Corporate,Central,Marketplace,Furniture,Bookcases,1,370.88,0.4,222.53,49.18,Standard,5.0,3.5,False,GBP
ORD-100107,2024-06-10,CUST-00989,Consumer,Central,Web,Office Supplies,Labels,5,55.37,0.0,276.85,55.92,Standard,5.0,3.3,False,GBP
ORD-100684,2024-01-02,CUST-00064,Home Office,East,Mobile App,Furniture,Bookcases,6,181.83,0.15,927.33,121.48,Same Day,1.0,3.6,False,GBP
ORD-104112,2024-04-22,CUST-00908,Consumer,Central,Web,Office Supplies,Art,2,67.26,0.15,114.34,30.41,Standard,6.0,1.4,False,GBP
ORD-104890,2024-10-14,CUST-00908,Corporate,South,Mobile App,Office Supplies,Labels,1,38.32,0.1,34.49,8.31,Second Class,3.0,4.2,False,GBP
ORD-101838,2025-08-19,CUST-00606,Consumer,Central,Phone,Furniture,Chairs,7,169.43,0.4,711.61,86.82,Standard,6.0,5.0,False,GBP
ORD-100362,2025-06-11,CUST-00974,Consumer,North,Web,Furniture,Bookcases,8,268.38,0.1,1932.34,195.17,Standard,7.0,3.1,False,GBP
ORD-104734,2024-03-22,CUST-01389,Consumer,South,Web,Furniture,Chairs,6,134.0,0.0,804.0,209.04,Standard,6.0,3.9,False,GBP
ORD-103910,2025-06-21,CUST-00287,Consumer,North,Web,Furniture,Chairs,7,241.32,0.15,1435.85,399.17,Standard,6.0,3.0,False,GBP
ORD-102797,2024-12-02,CUST-00864,Consumer,Central,Marketplace,Office Supplies,Paper,1,11.93,0.4,7.16,0.88,Standard,4.0,4.7,False,GBP
ORD-100564,2024-03-10,CUST-01235,Corporate,East,Mobile App,Furniture,Bookcases,8,512.92,0.0,4103.36,890.43,Standard,5.0,4.1,False,GBP
ORD-100590,2025-03-20,CUST-00310,Consumer,West,Mobile App,Office Supplies,Binders,3,23.19,0.0,69.57,29.43,Standard,6.0,4.2,False,GBP
ORD-100048,2024-10-28,CUST-01178,Consumer,East,Mobile App,Office Supplies,Labels,2,5.49,0.4,6.59,0.87,First Class,3.0,3.5,True,GBP
ORD-101067,2025-07-11,CUST-00724,Consumer,North,Mobile App,Furniture,Furnishings,7,178.36,0.3,873.96,189.65,Second Class,6.0,3.6,False,GBP
ORD-104279,2025-06-16,CUST-00257,Consumer,Central,Mobile App,Office Supplies,Paper,3,87.16,0.2,209.18,44.14,Second Class,5.0,4.6,False,GBP
ORD-102649,2024-06-05,CUST-00213,Consumer,South,Mobile App,Furniture,Chairs,5,234.43,0.4,703.29,60.48,Standard,4.0,3.0,False,GBP
ORD-104008,2025-12-26,CUST-00373,Consumer,South,Web,Office Supplies,Art,2,61.14,0.15,103.94,41.68,Same Day,0.0,3.7,False,GBP
ORD-101381,2024-01-10,CUST-00170,Home Office,Central,Web,Furniture,Furnishings,5,394.74,0.15,1677.64,577.11,Standard,6.0,3.3,False,GBP
ORD-103205,2025-05-19,CUST-00712,Consumer,Central,Web,Furniture,Furnishings,7,303.21,0.3,1485.73,25.26,Standard,4.0,2.5,False,GBP
ORD-103434,2025-09-17,CUST-00655,Corporate,North,Web,Office Supplies,Labels,3,43.19,0.0,129.57,48.85,Second Class,2.0,4.1,False,GBP
ORD-101915,2025-09-27,CUST-01311,Consumer,South,Marketplace,Technology,Accessories,3,538.83,0.1,1454.84,410.26,Standard,4.0,2.3,False,GBP
ORD-104880,2025-08-23,CUST-01309,Consumer,North,Mobile App,Furniture,Furnishings,2,211.63,0.3,296.28,56.29,Standard,5.0,2.9,False,GBP
ORD-104925,2024-04-06,CUST-01129,Consumer,West,Mobile App,Technology,Phones,8,298.56,0.0,2388.48,981.67,First Class,1.0,3.4,False,GBP
ORD-102669,2025-04-27,CUST-00049,Consumer,West,Marketplace,Furniture,Chairs,4,128.03,0.3,358.48,64.88,Second Class,6.0,,False,GBP
ORD-104730,2025-03-14,CUST-00050,Consumer,North,Mobile App,Furniture,Furnishings,8,256.25,0.15,1742.5,641.24,Standard,6.0,4.6,False,GBP
ORD-104350,2024-04-26,CUST-00722,Corporate,North,Marketplace,Office Supplies,Labels,1,11.57,0.1,10.41,3.95,Second Class,2.0,3.5,False,GBP
ORD-103967,2025-06-13,CUST-00756,Home Office,South,Web,Furniture,Chairs,1,317.63,0.3,222.34,47.14,Same Day,1.0,3.8,False,GBP
ORD-101235,2025-06-09,CUST-00747,Corporate,South,Mobile App,Furniture,Chairs,1,237.11,0.4,142.27,20.49,First Class,3.0,,False,GBP
ORD-101977,2024-03-12,CUST-01110,Consumer,East,Mobile App,Furniture,Tables,8,154.71,0.4,742.61,11.14,Same Day,2.0,3.6,False,GBP
ORD-101667,2024-07-01,CUST-00368,Home Office,North,Web,Furniture,Bookcases,3,106.68,0.1,288.04,91.02,Standard,5.0,3.8,False,GBP
ORD-104418,2024-09-21,CUST-00122,Home Office,East,Web,Technology,Accessories,4,371.14,0.0,1484.56,304.33,Standard,8.0,3.5,False,GBP
ORD-101165,2024-11-12,CUST-01151,,East,Web,Technology,Accessories,7,1691.53,0.3,8288.5,2569.44,Second Class,5.0,4.2,False,GBP
ORD-104990,2025-07-21,CUST-00158,Consumer,Central,Web,Furniture,Furnishings,8,282.11,0.3,1579.82,64.77,Standard,4.0,3.9,False,GBP
ORD-101550,2024-07-07,CUST-00815,Consumer,Central,Mobile App,Technology,Machines,8,479.98,0.1,3455.86,933.08,Standard,3.0,3.9,False,GBP
ORD-103201,2025-05-18,CUST-00118,Home Office,East,Web,Office Supplies,Art,5,13.21,0.3,46.24,7.91,Standard,8.0,3.5,False,GBP
ORD-104211,2024-03-09,CUST-00018,Corporate,South,Mobile App,Office Supplies,Storage,7,47.72,0.3,233.83,22.68,Standard,,4.4,False,GBP
ORD-101092,2024-02-24,CUST-00149,Consumer,South,Web,Technology,Machines,1,488.67,0.0,488.67,175.43,First Class,,3.4,False,GBP
ORD-104047,2024-04-24,CUST-00809,Consumer,North,Mobile App,Office Supplies,Labels,1,19.7,0.2,15.76,3.2,Same Day,1.0,4.7,False,GBP
ORD-104251,2024-04-15,CUST-00321,Home Office,East,Web,Office Supplies,Storage,2,20.81,0.4,24.97,5.37,Standard,6.0,3.1,False,GBP
ORD-101760,2025-09-08,CUST-01134,Consumer,Central,Mobile App,Office Supplies,Labels,5,48.84,0.1,219.78,54.07,Standard,9.0,2.6,False,GBP
ORD-100141,2024-06-25,CUST-00455,Corporate,North,Marketplace,Office Supplies,Binders,7,11.1,0.2,62.16,14.36,First Class,0.0,2.9,True,GBP
ORD-100770,2025-04-27,CUST-00522,Corporate,North,Web,Technology,Accessories,6,309.24,0.15,1577.12,309.12,Standard,4.0,1.6,True,GBP
ORD-100207,2024-06-01,CUST-00695,Consumer,South,Web,Technology,Copiers,4,418.6,0.0,1674.4,704.92,Standard,3.0,2.6,True,GBP
ORD-102019,2025-02-18,CUST-01379,Home Office,South,Phone,Office Supplies,Paper,6,42.06,0.0,252.36,69.15,Standard,5.0,,False,GBP
ORD-104858,2025-06-12,CUST-00095,Home Office,North,Marketplace,Office Supplies,Binders,8,12.3,0.0,98.4,45.17,Standard,6.0,4.5,False,GBP
ORD-102770,2025-01-21,CUST-00975,Consumer,West,Marketplace,Office Supplies,Labels,7,39.58,0.0,277.06,111.38,Standard,6.0,4.2,False,GBP
ORD-104541,2025-05-13,CUST-01022,Consumer,South,Phone,Office Supplies,Binders,4,66.05,0.1,237.78,69.43,First Class,2.0,4.8,False,GBP
ORD-100647,2025-08-14,CUST-01270,Consumer,North,Mobile App,Office Supplies,Art,1,16.04,0.4,9.62,1.9,Standard,4.0,3.9,False,GBP
ORD-103425,2024-11-02,CUST-01029,Consumer,North,Web,Technology,Machines,8,413.97,0.4,1987.06,210.63,Same Day,0.0,3.5,False,GBP
ORD-100533,2025-07-25,CUST-01182,Consumer,South,Marketplace,Technology,Copiers,1,1030.65,0.2,824.52,276.21,Standard,4.0,3.7,False,GBP
ORD-100845,2024-09-26,CUST-00960,,East,Web,Office Supplies,Paper,6,46.0,0.0,276.0,109.3,Standard,6.0,3.1,False,GBP
ORD-101135,2025-02-13,CUST-00809,Corporate,East,Phone,Furniture,Furnishings,3,212.56,0.3,446.38,92.85,Second Class,5.0,4.1,False,GBP
ORD-101308,2024-05-30,CUST-00370,Corporate,North,Web,Technology,Phones,4,324.53,0.0,1298.12,438.76,Standard,7.0,3.4,False,GBP
ORD-100832,2025-04-04,CUST-01136,Corporate,East,Mobile App,Office Supplies,Binders,5,20.62,0.0,103.1,32.68,First Class,3.0,,False,GBP
ORD-102845,2024-12-14,CUST-00235,Corporate,Central,Web,Office Supplies,Paper,5,16.17,0.4,48.51,5.58,Standard,4.0,4.9,False,GBP
ORD-102676,2025-10-03,CUST-00121,Corporate,East,Mobile App,Technology,Machines,5,605.35,0.2,2421.4,615.04,Standard,4.0,3.3,False,GBP
ORD-102821,2024-09-08,CUST-01308,Home Office,West,Mobile App,Technology,Phones,3,1245.76,0.3,2616.1,463.05,Standard,6.0,3.5,False,GBP
ORD-104566,2025-10-05,CUST-00226,Consumer,East,Web,Technology,Accessories,6,292.28,0.4,1052.21,66.29,First Class,3.0,3.2,False,GBP
ORD-103133,2025-10-11,CUST-00374,Consumer,North,Web,Furniture,Chairs,2,172.03,0.0,344.06,138.31,Standard,7.0,3.8,False,GBP
ORD-101805,2025-09-19,CUST-01128,Consumer,East,Marketplace,Furniture,Chairs,2,195.18,0.0,390.36,169.03,Second Class,2.0,,False,GBP
ORD-101975,2025-12-29,CUST-00183,Corporate,Central,Marketplace,Office Supplies,Labels,4,14.44,0.2,46.21,6.52,Same Day,0.0,5.0,True,GBP
ORD-102288,2024-05-05,CUST-00099,Home Office,West,Web,Office Supplies,Labels,5,24.57,0.3,85.99,21.93,Standard,,,False,GBP
ORD-104200,2025-08-29,CUST-00529,Corporate,East,Phone,Technology,Phones,5,1288.24,0.3,4508.84,613.2,Standard,7.0,3.8,False,GBP
ORD-103675,2025-02-17,CUST-00185,Home Office,West,Web,Office Supplies,Storage,3,28.61,0.0,85.83,26.09,Standard,6.0,4.4,False,GBP
ORD-100038,2025-04-07,CUST-00174,Consumer,East,Marketplace,Technology,Machines,8,112.61,0.0,900.88,394.59,Second Class,5.0,5.0,False,GBP
ORD-103484,2024-10-03,CUST-01131,Consumer,East,Web,Technology,Phones,3,216.59,0.3,454.84,90.51,Standard,7.0,3.0,False,GBP
ORD-103485,2024-01-04,CUST-00969,,North,Marketplace,Furniture,Tables,1,280.05,0.0,280.05,131.62,Second Class,4.0,3.6,True,GBP
ORD-104795,2024-04-19,CUST-00934,Consumer,North,Web,Technology,Accessories,5,388.62,0.15,1651.64,351.8,Second Class,2.0,3.2,False,GBP
ORD-100968,2024-08-06,CUST-00148,Consumer,North,Mobile App,Furniture,Tables,8,319.33,0.4,1532.78,430.71,Standard,5.0,2.5,False,GBP
ORD-101833,2025-06-10,CUST-00430,Consumer,East,Web,Office Supplies,Binders,1,24.29,0.4,14.57,3.23,Standard,4.0,4.3,False,GBP
ORD-103402,2025-09-08,CUST-01114,Consumer,Central,Web,Technology,Copiers,2,114.04,0.4,136.85,28.33,Standard,7.0,4.6,False,GBP
ORD-102971,2024-12-01,CUST-00605,Home Office,East,Marketplace,Technology,Machines,3,337.97,0.1,912.52,215.35,Same Day,2.0,3.3,False,GBP
ORD-101530,2025-02-05,CUST-00512,Home Office,East,Mobile App,Office Supplies,Storage,4,34.86,0.0,139.44,57.31,Standard,5.0,4.4,False,GBP
ORD-102884,2024-11-28,CUST-00315,Home Office,North,Phone,Technology,Phones,1,485.53,0.0,485.53,145.66,Standard,5.0,4.7,False,GBP
ORD-104648,2025-01-14,CUST-00235,Corporate,South,Web,Furniture,Chairs,1,284.16,0.0,284.16,83.54,Standard,6.0,4.5,False,GBP
ORD-103579,2025-04-27,CUST-01145,Corporate,South,Mobile App,Furniture,Tables,2,99.69,0.0,199.38,76.36,Standard,8.0,4.3,False,GBP
ORD-103504,2025-07-28,CUST-00642,Consumer,North,Web,Office Supplies,Art,1,38.22,0.3,26.75,2.89,Standard,5.0,5.0,False,GBP
ORD-100761,2025-12-17,CUST-00591,Consumer,North,Web,Office Supplies,Binders,3,11.35,0.0,34.05,7.42,Second Class,7.0,4.1,False,GBP
ORD-104952,2024-06-12,CUST-01047,Home Office,East,Web,Technology,Accessories,6,327.7,0.3,1376.34,339.96,Second Class,5.0,3.3,False,GBP
ORD-100734,2024-06-05,CUST-00899,Corporate,North,Mobile App,Furniture,Furnishings,2,449.55,0.0,899.1,269.73,Standard,5.0,2.4,False,GBP
ORD-102410,2025-12-14,CUST-00262,Consumer,West,Phone,Office Supplies,Binders,2,25.1,0.1,45.18,16.26,Standard,5.0,2.8,False,GBP
ORD-103258,2024-12-18,CUST-00937,Home Office,West,Marketplace,Office Supplies,Labels,3,29.2,0.3,61.32,4.72,Same Day,3.0,3.8,False,GBP
ORD-101398,2024-05-06,CUST-00981,Corporate,South,Mobile App,Furniture,Chairs,8,251.18,0.1,1808.5,383.4,Second Class,5.0,,False,GBP
ORD-101612,2025-01-21,CUST-00689,Consumer,South,Web,Office Supplies,Paper,4,20.15,0.0,80.6,26.03,Standard,6.0,4.6,False,GBP
ORD-104887,2025-02-10,CUST-01035,Corporate,Central,Web,Furniture,Tables,7,141.66,0.3,694.13,45.12,Same Day,2.0,3.0,False,GBP
ORD-104373,2024-04-12,CUST-00990,Corporate,North,Web,Office Supplies,Paper,7,15.29,0.0,107.03,28.58,Second Class,3.0,4.3,False,GBP
ORD-101116,2025-07-22,CUST-00370,Corporate,North,Web,Furniture,Bookcases,5,180.76,0.0,903.8,299.16,Standard,5.0,4.1,False,GBP
ORD-103225,2024-02-23,CUST-00143,Consumer,West,Web,Technology,Phones,2,590.34,0.15,1003.58,192.69,First Class,2.0,4.8,False,GBP
ORD-101728,2025-09-03,CUST-00224,Consumer,North,Marketplace,Office Supplies,Binders,8,15.9,0.0,127.2,17.55,First Class,,5.0,False,GBP
ORD-101634,2024-05-05,CUST-00592,Consumer,South,Web,Technology,Phones,5,476.32,0.3,1667.12,271.74,Standard,6.0,3.4,False,GBP
ORD-103249,2025-09-18,CUST-00074,Home Office,West,Web,Furniture,Furnishings,2,268.89,0.0,537.78,120.46,Standard,7.0,4.3,True,GBP
ORD-103100,2025-07-30,CUST-00877,Consumer,East,Web,Furniture,Furnishings,4,427.1,0.1,1537.56,269.07,Standard,5.0,3.9,False,GBP
ORD-102601,2024-05-14,CUST-00544,Consumer,East,Mobile App,Office Supplies,Storage,7,95.86,0.1,603.92,227.68,Same Day,0.0,4.6,False,GBP
ORD-104187,2024-01-10,CUST-00692,Consumer,South,Mobile App,Office Supplies,Labels,1,24.73,0.3,17.31,3.84,Standard,9.0,2.9,False,GBP
ORD-102013,2025-04-07,CUST-00879,Corporate,East,Mobile App,Technology,Copiers,8,249.27,0.0,1994.16,755.79,Standard,7.0,3.5,False,GBP
ORD-104086,2025-11-07,CUST-01066,,West,Mobile App,Furniture,Chairs,8,140.5,0.3,786.8,151.07,Second Class,2.0,4.4,False,GBP
ORD-102223,2024-04-12,CUST-00550,Consumer,West,Web,Technology,Phones,7,381.8,0.4,1603.56,189.22,Second Class,4.0,4.3,False,GBP
ORD-104868,2025-11-20,CUST-01019,Consumer,East,Mobile App,Furniture,Bookcases,3,297.06,0.4,534.71,4.28,Standard,6.0,4.3,True,GBP
ORD-104536,2024-02-11,CUST-01169,,South,Web,Office Supplies,Paper,6,15.92,0.1,85.97,31.21,Second Class,5.0,3.4,False,GBP
ORD-103182,2025-11-07,CUST-00495,Corporate,North,Marketplace,Furniture,Chairs,1,304.77,0.1,274.29,66.38,Standard,8.0,3.0,False,GBP
ORD-101224,2024-05-02,CUST-00430,Corporate,West,Marketplace,Office Supplies,Paper,3,71.5,0.2,171.6,34.66,Standard,5.0,3.8,False,GBP
ORD-102627,2024-09-05,CUST-00979,,Central,Mobile App,Furniture,Chairs,5,130.13,0.0,650.65,289.54,Standard,5.0,4.5,False,GBP
ORD-103002,2025-07-12,CUST-00400,,East,Mobile App,Office Supplies,Storage,2,88.52,0.0,177.04,59.13,Second Class,5.0,2.5,False,GBP
ORD-101965,2024-08-02,CUST-00597,Corporate,West,Marketplace,Furniture,Furnishings,2,292.69,0.4,351.23,36.18,Standard,6.0,3.9,False,GBP
ORD-102391,2024-04-19,CUST-00581,Corporate,East,Web,Office Supplies,Storage,2,18.06,0.3,25.28,0.13,Same Day,2.0,4.7,False,GBP
ORD-103404,2025-01-07,CUST-00096,Consumer,Central,Mobile App,Office Supplies,Storage,8,18.03,0.4,86.54,13.5,Standard,6.0,3.7,True,GBP
ORD-104507,2024-06-16,CUST-01075,Corporate,Central,Mobile App,Furniture,Chairs,5,181.09,0.1,814.91,179.28,Standard,2.0,3.5,False,GBP
ORD-104884,2025-10-14,CUST-00179,Home Office,East,Mobile App,Office Supplies,Labels,8,25.1,0.0,200.8,66.67,Standard,4.0,5.0,False,GBP
ORD-102608,2024-08-17,CUST-00628,Corporate,Central,Web,Furniture,Bookcases,2,167.52,0.15,11391.199999999999,58.38,Second Class,4.0,3.7,False,GBP
ORD-100212,2025-04-07,CUST-01243,,North,Mobile App,Furniture,Chairs,3,152.55,0.0,457.65,146.45,First Class,1.0,5.0,False,GBP
ORD-104012,2024-11-05,CUST-01275,Consumer,South,Web,Furniture,Bookcases,3,237.93,0.2,571.03,100.5,Second Class,6.0,,False,GBP
ORD-104227,2025-04-03,CUST-00424,Consumer,Central,Marketplace,Technology,Phones,5,651.29,0.3,2279.52,467.3,Standard,6.0,4.4,False,GBP
ORD-104951,2025-04-13,CUST-00003,Consumer,East,Web,Technology,Accessories,4,371.2,0.3,1039.36,155.9,Standard,6.0,4.1,False,GBP
ORD-101563,2025-03-19,CUST-01338,Consumer,Central,Web,Technology,Machines,4,248.22,0.1,893.59,254.67,First Class,2.0,4.6,False,GBP
ORD-100315,2025-07-24,CUST-01162,Consumer,North,Web,Technology,Phones,2,600.84,0.0,1201.68,437.41,Standard,7.0,2.8,False,GBP
ORD-100828,2024-10-26,CUST-00963,Home Office,North,Web,Furniture,Tables,4,183.07,0.15,622.44,173.66,Standard,6.0,3.0,False,GBP
ORD-100023,2025-09-17,CUST-00161,Consumer,North,Marketplace,Furniture,Bookcases,6,283.96,0.0,1703.76,705.36,Second Class,4.0,4.0,True,GBP
ORD-102046,2025-01-31,CUST-00787,Consumer,North,Mobile App,Furniture,Chairs,6,145.76,0.3,612.19,71.01,Second Class,3.0,4.6,False,GBP
ORD-101875,2024-02-21,CUST-01376,Consumer,West,Web,Technology,Accessories,7,369.08,0.4,1550.14,150.36,Standard,7.0,4.8,False,GBP
ORD-101056,2025-05-03,CUST-00411,Consumer,Central,Web,Office Supplies,Labels,2,27.19,0.0,54.38,21.48,Same Day,3.0,3.6,False,GBP
ORD-102429,2024-07-25,CUST-00451,,East,Phone,Office Supplies,Paper,2,14.6,0.0,29.2,10.51,Standard,7.0,3.8,True,GBP
ORD-101675,2025-12-09,CUST-00370,Corporate,East,Mobile App,Furniture,Chairs,4,273.61,0.2,875.55,177.74,Second Class,3.0,2.6,False,GBP
ORD-102141,2024-10-12,CUST-00105,,South,Mobile App,Furniture,Bookcases,6,256.21,0.0,1537.26,627.2,Standard,5.0,3.7,False,GBP
ORD-101641,2024-10-12,CUST-01184,Consumer,North,Mobile App,Office Supplies,Storage,8,63.36,0.0,506.88,159.67,First Class,3.0,4.9,True,GBP
ORD-101622,2025-12-13,CUST-00619,Home Office,East,Web,Technology,Phones,6,608.7,0.0,3652.2,1015.31,Second Class,3.0,3.6,False,GBP
ORD-100871,2025-04-27,CUST-00551,Consumer,East,Mobile App,Furniture,Tables,5,455.99,0.1,2051.96,683.3,Standard,5.0,3.7,True,GBP
ORD-104079,2025-02-21,CUST-00594,Corporate,South,Web,Office Supplies,Storage,5,12.66,0.0,63.3,21.59,Same Day,0.0,,False,GBP
ORD-100446,2025-07-01,CUST-01126,,East,Mobile App,Technology,Copiers,3,287.21,0.3,603.14,142.94,Standard,6.0,3.9,False,GBP
ORD-100762,2025-11-29,CUST-00741,Home Office,North,Marketplace,Furniture,Bookcases,8,221.11,0.15,1503.55,348.82,Standard,7.0,3.7,False,GBP
ORD-101818,2024-07-16,CUST-00587,Consumer,West,Marketplace,Technology,Phones,3,501.68,0.0,1505.04,511.71,Standard,7.0,2.6,False,GBP
ORD-103005,2025-04-26,CUST-00337,Consumer,North,Web,Furniture,Tables,5,434.64,0.2,1738.56,300.77,Standard,6.0,3.1,False,GBP
ORD-100321,2025-12-30,CUST-00942,Home Office,North,Marketplace,Furniture,Chairs,2,55.66,0.0,111.32,47.31,Standard,6.0,,False,GBP
ORD-102975,2024-02-29,CUST-01097,Consumer,Central,Web,Office Supplies,Art,8,78.48,0.2,502.27,42.19,Standard,8.0,3.2,False,GBP
ORD-101771,2024-10-25,CUST-00651,Consumer,Central,Mobile App,Technology,Copiers,7,574.54,0.1,3619.6,1440.6,Standard,6.0,3.1,False,GBP
ORD-104844,2025-09-29,CUST-00194,,South,Mobile App,Office Supplies,Paper,6,51.46,0.2,247.01,49.65,Standard,7.0,2.2,False,GBP
ORD-104018,2025-09-15,CUST-00684,,Central,Mobile App,Technology,Machines,1,563.8,0.0,563.8,134.18,Standard,6.0,3.9,False,GBP
ORD-102556,2024-12-23,CUST-00328,Consumer,West,Web,Office Supplies,Binders,3,41.05,0.0,123.15,38.3,First Class,5.0,3.8,False,GBP
ORD-104281,2024-09-03,CUST-00557,Home Office,Central,Web,Office Supplies,Storage,4,38.81,0.2,124.19,30.18,Standard,6.0,3.5,False,GBP
ORD-103051,2025-12-25,CUST-00603,Consumer,Central,Mobile App,Office Supplies,Binders,1,48.23,0.0,48.23,18.28,Standard,5.0,2.7,False,GBP
ORD-100150,2025-05-21,CUST-00710,Home Office,Central,Mobile App,Furniture,Bookcases,5,186.92,0.0,934.6,286.92,Same Day,2.0,3.1,False,GBP
ORD-104465,2025-02-27,CUST-00200,Consumer,South,Mobile App,Furniture,Tables,3,239.72,0.4,431.5,59.12,Same Day,0.0,,False,GBP
ORD-103631,2024-03-18,CUST-00671,Home Office,North,Web,Technology,Phones,8,538.55,0.2,3446.72,892.7,Second Class,6.0,3.3,False,GBP
ORD-102960,2024-12-14,CUST-01246,Home Office,North,Mobile App,Furniture,Bookcases,7,324.09,0.0,2268.63,855.27,Standard,6.0,4.6,False,GBP
ORD-100214,2024-02-20,CUST-01142,Home Office,West,Mobile App,Technology,Copiers,3,615.17,0.0,1845.51,623.78,Second Class,4.0,3.6,False,GBP
ORD-100996,2024-06-04,CUST-00786,Home Office,East,Web,Technology,Machines,4,376.47,0.4,903.53,180.71,Standard,4.0,3.1,False,GBP
ORD-101766,2025-06-13,CUST-01153,Consumer,East,Mobile App,Office Supplies,Art,6,52.84,0.0,317.04,116.99,Standard,7.0,3.2,False,GBP
ORD-103356,2025-09-24,CUST-00009,Home Office,North,Mobile App,Furniture,Chairs,3,352.41,0.15,898.65,248.03,Second Class,5.0,3.4,False,GBP
ORD-104743,2025-11-16,CUST-00104,Consumer,East,Marketplace,Furniture,Furnishings,7,543.38,0.0,3803.66,1376.92,Standard,4.0,3.2,False,GBP
ORD-104183,2024-03-10,CUST-00588,Consumer,Central,Marketplace,Office Supplies,Art,8,50.99,0.1,367.13,83.71,Standard,7.0,3.6,False,GBP
ORD-102403,2025-05-14,CUST-00813,Consumer,East,Phone,Technology,Phones,7,529.49,0.4,2223.86,324.68,Standard,5.0,3.2,False,GBP
ORD-104793,2025-11-19,CUST-01231,Home Office,East,Mobile App,Office Supplies,Binders,8,23.32,0.0,186.56,50.93,Same Day,2.0,5.0,False,GBP
ORD-104436,2025-02-04,CUST-00345,Corporate,South,Phone,Office Supplies,Storage,5,35.87,0.0,179.35,59.19,First Class,4.0,,False,GBP
ORD-103295,2025-09-30,CUST-00438,Corporate,West,Mobile App,Office Supplies,Paper,3,21.81,0.1,58.89,19.73,First Class,4.0,4.6,False,GBP
ORD-100032,2025-07-04,CUST-00994,Corporate,East,Web,Furniture,Bookcases,8,306.8,0.0,2454.4,643.05,Second Class,6.0,2.4,False,GBP
ORD-100914,2024-10-27,CUST-01173,,Central,Mobile App,Furniture,Furnishings,4,157.23,0.0,628.92,299.99,Standard,8.0,2.9,False,GBP
ORD-100011,2024-03-28,CUST-00828,Corporate,Central,Phone,Furniture,Tables,8,460.27,0.0,3682.16,1056.78,First Class,1.0,4.2,False,GBP
ORD-104242,2024-08-09,CUST-00121,Consumer,South,Web,Office Supplies,Paper,2,34.47,0.4,41.36,6.25,Standard,7.0,4.1,False,GBP
ORD-104182,2025-02-08,CUST-01031,Consumer,North,Marketplace,Furniture,Bookcases,6,90.13,0.1,486.7,115.35,Same Day,1.0,,False,GBP
ORD-101229,2025-12-03,CUST-00703,Consumer,Central,Web,Technology,Machines,3,216.78,0.0,650.34,280.3,Second Class,4.0,4.3,False,GBP
ORD-103564,2025-09-24,CUST-00273,Corporate,Central,Mobile App,Technology,Copiers,8,563.55,0.0,4508.4,1460.72,Standard,8.0,3.4,False,GBP
ORD-101336,2025-12-20,CUST-01153,Corporate,East,Web,Office Supplies,Binders,3,6.32,0.4,11.38,0.84,Second Class,3.0,3.2,True,GBP
ORD-104431,2025-01-23,CUST-01357,Consumer,West,Web,Technology,Accessories,4,680.64,0.3,1905.79,266.81,Standard,6.0,5.0,False,GBP
ORD-103704,2025-10-31,CUST-00716,Corporate,North,Phone,Office Supplies,Paper,8,25.22,0.0,201.76,57.5,Standard,6.0,3.2,False,GBP
ORD-103348,2024-12-13,CUST-01231,,East,Phone,Technology,Copiers,6,130.48,0.2,626.3,139.66,Standard,6.0,3.9,False,GBP
ORD-101991,2025-11-14,CUST-01112,Consumer,North,Web,Furniture,Chairs,1,56.11,0.15,47.69,10.68,Standard,6.0,4.2,False,GBP
ORD-102123,2024-08-18,CUST-01034,Home Office,East,Mobile App,Furniture,Furnishings,4,85.48,0.2,273.54,46.5,First Class,4.0,3.8,False,GBP
ORD-104561,2025-11-16,CUST-00621,Consumer,West,Marketplace,Office Supplies,Labels,6,42.29,0.3,177.62,32.33,Standard,7.0,3.2,False,GBP
ORD-104852,2025-11-28,CUST-00905,,West,Mobile App,Office Supplies,Art,5,33.86,0.0,169.3,48.42,Standard,,4.5,False,GBP
ORD-100267,2025-01-29,CUST-00548,Home Office,West,Web,Furniture,Tables,5,205.33,0.3,718.66,132.23,Second Class,3.0,3.0,False,GBP
ORD-100553,2025-08-11,CUST-00586,,North,Marketplace,Furniture,Bookcases,8,110.71,0.0,885.68,263.93,Standard,6.0,3.6,False,GBP
ORD-103911,2024-10-11,CUST-01324,Consumer,North,Web,Furniture,Furnishings,6,663.56,0.4,2388.82,439.54,First Class,2.0,4.0,False,GBP
ORD-103616,2025-06-03,CUST-00012,Corporate,Central,Mobile App,Technology,Phones,6,815.72,0.1,4404.89,1004.31,First Class,5.0,3.1,False,GBP
ORD-103118,2024-01-18,CUST-01170,Corporate,South,Web,Furniture,Furnishings,6,403.23,0.0,2419.38,873.4,Standard,8.0,,False,GBP
ORD-102074,2024-08-15,CUST-00482,Corporate,East,Web,Furniture,Chairs,3,225.38,0.0,676.14,177.82,First Class,3.0,2.5,True,GBP
ORD-102488,2025-01-14,CUST-00809,Home Office,Central,Web,Office Supplies,Storage,4,50.91,0.2,162.91,52.46,Standard,6.0,4.6,True,GBP
ORD-102164,2025-11-07,CUST-00675,Consumer,North,Phone,Furniture,Chairs,6,363.28,0.1,1961.71,437.46,Second Class,1.0,2.8,False,GBP
ORD-101313,2024-02-13,CUST-00318,Corporate,East,Mobile App,Office Supplies,Binders,1,45.3,0.0,45.3,9.29,Standard,4.0,2.9,False,GBP
ORD-102621,2025-06-16,CUST-00125,,East,Web,Office Supplies,Binders,1,34.23,0.0,34.23,12.36,Standard,6.0,2.0,False,GBP
ORD-102161,2024-04-12,CUST-01185,Consumer,North,Mobile App,Furniture,Chairs,4,265.55,0.1,955.98,209.36,Standard,6.0,4.1,True,GBP
ORD-103173,2025-10-24,CUST-00880,Consumer,North,Marketplace,Technology,Copiers,6,367.69,0.15,1875.22,526.94,Second Class,4.0,3.3,False,GBP
ORD-103741,2024-01-05,CUST-00687,Consumer,North,Marketplace,Technology,Accessories,8,707.94,0.4,3398.11,251.46,First Class,3.0,,False,GBP
ORD-103696,2024-09-20,CUST-01166,Corporate,South,Mobile App,Technology,Machines,5,739.98,0.2,2959.92,802.14,Standard,6.0,2.7,False,GBP
ORD-103849,2025-05-31,CUST-00885,Home Office,North,Web,Technology,Machines,5,409.3,0.0,2046.5,849.3,First Class,0.0,4.4,False,GBP
ORD-103244,2024-05-06,CUST-00910,Consumer,South,Marketplace,Furniture,Chairs,5,381.67,0.4,1145.01,95.04,Standard,6.0,,False,GBP
ORD-104998,2025-05-19,CUST-00401,Consumer,Central,Mobile App,Office Supplies,Paper,4,17.14,0.0,68.56,21.8,Standard,6.0,3.3,False,GBP
ORD-102065,2025-10-17,CUST-00742,Corporate,South,Mobile App,Office Supplies,Storage,4,20.42,0.4,49.01,5.34,Standard,4.0,4.4,False,GBP
ORD-102187,2025-11-17,CUST-01141,Corporate,West,Phone,Office Supplies,Paper,8,24.19,0.0,193.52,58.06,Standard,7.0,2.3,False,GBP
ORD-101203,2024-05-03,CUST-01009,,South,Web,Technology,Machines,1,374.12,0.4,224.47,51.18,Standard,6.0,4.0,False,GBP
ORD-101309,2025-07-23,CUST-01360,Corporate,North,Mobile App,Office Supplies,Binders,8,28.57,0.3,159.99,17.44,Standard,6.0,3.8,False,GBP
ORD-101089,2025-05-24,CUST-01215,Consumer,North,Marketplace,Office Supplies,Storage,8,80.6,0.4,386.88,99.43,Standard,4.0,3.7,True,GBP
ORD-100152,2025-07-05,CUST-00923,Consumer,Central,Mobile App,Office Supplies,Art,5,16.48,0.15,70.04,15.13,Standard,,3.9,False,GBP
ORD-102509,2025-07-20,CUST-00864,Consumer,South,Mobile App,Technology,Phones,8,867.76,0.0,6942.08,2540.8,Standard,6.0,3.4,False,GBP
ORD-104250,2025-02-05,CUST-00923,Consumer,Central,Web,Technology,Copiers,7,372.73,0.4,1565.47,122.11,Same Day,2.0,3.5,False,GBP
ORD-103421,2025-07-13,CUST-00334,Corporate,East,Phone,Office Supplies,Binders,7,31.08,0.0,217.56,70.05,Second Class,2.0,3.7,False,GBP
ORD-103752,2025-09-18,CUST-01251,Consumer,South,Mobile App,Furniture,Furnishings,3,268.26,0.3,563.35,55.77,Same Day,3.0,3.9,False,GBP
ORD-103141,2025-11-18,CUST-01304,Consumer,Central,Web,Furniture,Chairs,5,533.59,0.15,2267.76,505.71,Standard,6.0,2.1,False,GBP
ORD-104666,2024-09-05,CUST-01049,Consumer,South,Mobile App,Technology,Phones,6,280.45,0.0,1682.7,693.27,Same Day,1.0,,True,GBP
ORD-100784,2024-06-26,CUST-00530,Consumer,North,Web,Office Supplies,Art,2,48.16,0.4,57.79,5.49,Same Day,0.0,3.9,False,GBP
ORD-102444,2024-03-14,CUST-00123,Corporate,Central,Web,Office Supplies,Storage,3,21.12,0.2,50.69,10.8,Standard,6.0,3.2,False,GBP
ORD-103903,2025-12-07,CUST-00253,Consumer,East,Mobile App,Office Supplies,Storage,4,44.73,0.0,178.92,60.83,Standard,5.0,4.1,False,GBP
ORD-102609,2025-10-07,CUST-00396,Consumer,North,Web,Office Supplies,Labels,3,18.99,0.4,34.18,3.49,Second Class,3.0,4.8,False,GBP
ORD-104414,2024-06-17,CUST-00504,Consumer,Central,Marketplace,Furniture,Bookcases,5,467.41,0.0,2337.05,656.71,Standard,5.0,4.3,False,GBP
ORD-100790,2024-07-01,CUST-00337,Home Office,West,Web,Technology,Copiers,8,294.02,0.2,1881.73,323.66,First Class,3.0,4.1,False,GBP
ORD-103939,2025-06-07,CUST-00663,,North,Phone,Furniture,Tables,7,390.14,0.3,1911.69,615.56,Second Class,2.0,4.2,False,GBP
ORD-100445,2024-07-26,CUST-00672,Consumer,South,Web,Office Supplies,Binders,6,38.17,0.0,229.02,84.51,Standard,6.0,3.8,False,GBP
ORD-103885,2024-02-03,CUST-00383,Corporate,East,Mobile App,Office Supplies,Paper,3,56.25,0.15,143.44,28.69,Standard,6.0,3.3,False,GBP
ORD-101253,2025-08-17,CUST-00024,,West,Marketplace,Furniture,Chairs,2,258.42,0.0,516.84,204.67,Standard,4.0,3.7,False,GBP
ORD-104898,2024-10-22,CUST-00348,Consumer,Central,Marketplace,Office Supplies,Binders,4,21.23,0.2,67.94,22.56,Second Class,2.0,3.5,False,GBP
ORD-104991,2024-02-03,CUST-00616,,South,Web,Furniture,Bookcases,5,254.31,0.4,762.93,86.97,Standard,7.0,3.6,False,GBP
ORD-101985,2024-01-30,CUST-00248,Home Office,Central,Marketplace,Furniture,Bookcases,4,275.74,0.15,937.52,195.94,Standard,8.0,3.0,False,GBP
ORD-101980,2025-11-06,CUST-01021,Corporate,East,Web,Office Supplies,Art,5,18.41,0.1,82.84,24.02,Second Class,6.0,3.3,False,GBP
ORD-101416,2025-09-11,CUST-00588,Consumer,Central,Mobile App,Office Supplies,Labels,6,22.41,0.4,80.68,10.25,First Class,4.0,3.5,False,GBP
ORD-103503,2025-07-23,CUST-00914,Home Office,West,Mobile App,Technology,Machines,5,366.92,0.3,1284.22,371.14,First Class,2.0,,False,GBP
ORD-103856,2024-06-27,CUST-01006,Home Office,North,Web,Furniture,Bookcases,1,289.0,0.2,231.2,76.76,First Class,3.0,4.4,False,GBP
ORD-101269,2025-12-09,CUST-00091,Consumer,Central,Web,Office Supplies,Paper,1,53.44,0.1,48.1,18.23,First Class,4.0,3.3,False,GBP
ORD-103150,2025-09-29,CUST-00952,Corporate,South,Mobile App,Office Supplies,Storage,5,26.05,0.3,91.18,19.79,First Class,5.0,3.7,False,GBP
ORD-101009,2025-04-16,CUST-00712,Consumer,East,Mobile App,Technology,Accessories,4,291.42,0.0,1165.68,409.15,Standard,7.0,2.5,False,GBP
ORD-102095,2025-11-06,CUST-00128,Consumer,North,Marketplace,Office Supplies,Art,5,50.97,0.2,203.88,61.37,Standard,6.0,,True,GBP
ORD-102732,2024-05-24,CUST-00865,Consumer,East,Mobile App,Office Supplies,Labels,6,17.5,0.0,105.0,14.39,Standard,7.0,3.3,False,GBP
ORD-103061,2025-01-27,CUST-01225,Home Office,West,Web,Technology,Machines,6,392.3,0.2,1883.04,440.63,Second Class,,3.7,True,GBP
ORD-102463,2025-04-09,CUST-00305,Consumer,South,Web,Technology,Phones,7,1451.97,0.1,9147.41,3018.65,First Class,4.0,3.0,False,GBP
ORD-101072,2024-06-10,CUST-00362,Consumer,West,Mobile App,Office Supplies,Labels,1,25.37,0.2,20.3,4.73,Same Day,0.0,3.0,False,GBP
ORD-103866,2024-06-26,CUST-01339,Consumer,East,Web,Furniture,Chairs,8,266.19,0.15,1810.09,322.2,First Class,3.0,3.1,False,GBP
ORD-103322,2024-06-22,CUST-00958,Consumer,South,Marketplace,Office Supplies,Storage,1,34.55,0.1,31.1,7.78,Standard,4.0,4.1,False,GBP
ORD-103438,2024-08-22,CUST-01351,Home Office,South,Web,Office Supplies,Storage,5,22.26,0.2,89.04,13.89,Standard,7.0,2.4,False,GBP
ORD-102451,2024-09-03,CUST-00296,Consumer,East,Web,Technology,Copiers,2,502.58,0.1,904.64,182.74,Standard,6.0,4.3,False,GBP
ORD-100886,2024-02-03,CUST-00162,Consumer,East,Web,Furniture,Tables,2,415.77,0.0,831.54,271.91,Standard,8.0,4.0,False,GBP
ORD-103929,2024-06-11,CUST-00728,Home Office,South,Mobile App,Office Supplies,Labels,7,36.09,0.0,252.63,92.72,Standard,5.0,4.3,True,GBP
ORD-100195,2024-07-06,CUST-01153,Home Office,West,Mobile App,Office Supplies,Art,3,9.64,0.0,28.92,7.9,Standard,6.0,4.3,False,GBP
ORD-102667,2025-03-18,CUST-00778,Consumer,West,Mobile App,Technology,Machines,6,491.12,0.3,2062.7,521.86,First Class,2.0,4.0,False,GBP
ORD-101137,2024-10-19,CUST-00942,Corporate,Central,Mobile App,Office Supplies,Paper,6,27.6,0.0,165.6,46.04,Standard,5.0,4.3,False,GBP
ORD-100376,2024-10-28,CUST-01078,Consumer,West,Web,Furniture,Furnishings,1,251.65,0.0,251.65,91.35,Second Class,2.0,4.4,False,GBP
ORD-102000,2025-09-23,CUST-00542,Home Office,South,Mobile App,Furniture,Bookcases,6,287.83,0.2,1381.58,251.45,Standard,6.0,,False,GBP
ORD-102574,2025-09-18,CUST-00515,Home Office,South,Mobile App,Technology,Phones,1,299.18,0.4,179.51,26.21,Standard,5.0,3.9,False,GBP
ORD-104401,2024-09-10,CUST-00235,Consumer,West,Web,Technology,Copiers,1,207.13,0.1,186.42,53.13,First Class,3.0,2.7,False,GBP
ORD-104909,2025-02-06,CUST-00831,Consumer,South,Mobile App,Furniture,Furnishings,3,308.42,0.3,647.68,147.67,Standard,4.0,5.0,False,GBP
ORD-101661,2025-09-11,CUST-00323,Home Office,North,Web,Office Supplies,Paper,1,40.07,0.0,40.07,14.39,Same Day,2.0,5.0,False,GBP
ORD-101266,2025-08-04,CUST-00651,Consumer,South,Web,Technology,Copiers,1,548.88,0.1,493.99,178.82,Standard,7.0,1.5,False,GBP
ORD-101930,2024-01-09,CUST-01176,Corporate,Central,Mobile App,Technology,Copiers,1,229.72,0.0,229.72,78.79,Standard,6.0,2.1,False,GBP
ORD-101791,2025-10-06,CUST-00912,Home Office,Central,Marketplace,Office Supplies,Art,5,34.61,0.0,173.05,57.11,Second Class,2.0,4.7,False,GBP
ORD-103265,2025-09-22,CUST-00153,Consumer,West,Web,Technology,Copiers,4,395.46,0.1,1423.66,444.18,Standard,9.0,2.3,False,GBP
ORD-104196,2025-10-24,CUST-00085,Corporate,Central,Web,Technology,Phones,6,702.7,0.2,3372.96,310.31,Standard,6.0,3.3,False,GBP
ORD-100972,2024-04-18,CUST-01047,Consumer,North,Marketplace,Technology,Phones,1,631.77,0.1,568.59,211.52,Standard,5.0,4.6,False,GBP
ORD-103195,2024-02-13,CUST-00978,Consumer,South,Phone,Office Supplies,Labels,3,62.65,0.2,150.36,26.01,Standard,7.0,2.6,False,GBP
ORD-103547,2024-08-14,CUST-01232,Corporate,West,Web,Office Supplies,Binders,6,20.61,0.15,105.11,30.59,Standard,,4.6,False,GBP
ORD-100161,2024-12-06,CUST-00213,,East,Mobile App,Technology,Copiers,2,481.66,0.0,963.32,329.46,Same Day,0.0,5.0,False,GBP
ORD-102127,2024-08-16,CUST-00569,Corporate,East,Web,Technology,Phones,6,282.1,0.0,1692.6,666.88,Standard,7.0,3.4,False,GBP
ORD-103054,2025-06-06,CUST-01149,Consumer,East,Web,Office Supplies,Art,3,17.41,0.1,47.01,14.1,Second Class,2.0,3.8,True,GBP
ORD-104710,2025-10-20,CUST-01184,Home Office,West,Web,Furniture,Tables,5,134.35,0.0,671.75,288.85,Same Day,2.0,5.0,False,GBP
ORD-104731,2025-05-30,CUST-00020,Corporate,East,Marketplace,Furniture,Chairs,1,261.74,0.1,235.57,75.62,Standard,6.0,4.3,False,GBP
ORD-102777,2024-11-17,CUST-00063,Corporate,North,Mobile App,Office Supplies,Binders,5,34.22,0.3,119.77,24.91,Same Day,2.0,4.5,False,GBP
ORD-102084,2024-03-03,CUST-00067,Consumer,East,Mobile App,Furniture,Tables,4,309.87,0.3,867.64,188.28,Standard,6.0,5.0,False,GBP
ORD-100932,2024-10-10,CUST-01209,,North,Mobile App,Technology,Accessories,4,264.67,0.3,741.08,157.85,First Class,3.0,3.7,False,GBP
ORD-102030,2025-11-29,CUST-01282,Consumer,North,Web,Technology,Accessories,1,337.77,0.0,337.77,74.31,First Class,4.0,4.5,False,GBP
ORD-103577,2025-12-29,CUST-01235,Consumer,South,Web,Office Supplies,Art,3,103.82,0.3,218.02,27.03,Same Day,1.0,4.8,False,GBP
ORD-104439,2025-02-23,CUST-00613,Corporate,Central,Web,Furniture,Furnishings,1,210.86,0.4,126.52,14.42,Standard,6.0,3.3,False,GBP
ORD-104159,2024-12-25,CUST-00030,Consumer,Central,Mobile App,Office Supplies,Paper,1,19.25,0.2,15.4,1.51,Second Class,4.0,3.8,False,GBP
ORD-104398,2024-08-05,CUST-00267,Home Office,South,Mobile App,Furniture,Tables,4,514.06,0.0,2056.24,734.08,Standard,4.0,3.7,False,GBP
ORD-100733,2025-08-10,CUST-00640,Corporate,North,Phone,Furniture,Tables,3,367.46,0.15,937.02,109.63,Second Class,5.0,4.1,False,GBP
ORD-102094,2025-05-30,CUST-00203,Consumer,East,Phone,Furniture,Chairs,1,146.35,0.1,131.72,39.52,Second Class,2.0,,False,GBP
ORD-101677,2025-03-16,CUST-00251,Consumer,South,Mobile App,Office Supplies,Storage,6,17.03,0.4,61.31,7.54,Second Class,3.0,3.2,False,GBP
ORD-102144,2025-02-20,CUST-00870,Consumer,South,Marketplace,Office Supplies,Paper,1,10.32,0.0,10.32,3.31,Standard,7.0,4.4,False,GBP
ORD-100516,2024-03-05,CUST-00886,Consumer,East,Web,Furniture,Bookcases,8,154.64,0.4,742.27,97.24,Same Day,0.0,3.5,False,GBP
ORD-101512,2024-01-22,CUST-00836,Home Office,North,Web,Technology,Phones,8,674.12,0.0,5392.96,2318.97,Standard,7.0,2.8,False,GBP
ORD-102693,2025-02-11,CUST-00660,Consumer,Central,Web,Office Supplies,Art,8,24.37,0.0,194.96,43.28,Standard,6.0,4.7,True,GBP
ORD-102082,2025-05-06,CUST-00298,Consumer,North,Web,Office Supplies,Labels,6,19.35,0.1,104.49,21.63,Second Class,4.0,3.2,False,GBP
ORD-100786,2025-08-05,CUST-00512,Consumer,Central,Mobile App,Technology,Copiers,5,331.31,0.1,1490.9,454.72,Second Class,2.0,3.4,False,GBP
ORD-101452,2025-03-10,CUST-01316,Consumer,North,Marketplace,Furniture,Chairs,6,351.87,0.0,2111.22,715.7,Standard,6.0,3.2,False,GBP
ORD-101314,2024-07-26,CUST-01246,Consumer,East,Mobile App,Office Supplies,Binders,1,13.33,0.3,9.33,1.59,Second Class,2.0,2.6,False,GBP
ORD-104467,2024-11-19,CUST-01335,Consumer,South,Web,Technology,Phones,6,920.61,0.0,5523.66,2154.23,Standard,6.0,2.5,True,GBP
ORD-104706,2025-10-15,CUST-01198,Consumer,West,Phone,Office Supplies,Paper,1,46.81,0.4,28.09,0.73,Same Day,1.0,5.0,False,GBP
ORD-102367,2025-05-05,CUST-00583,Home Office,East,Marketplace,Furniture,Furnishings,1,119.64,0.0,119.64,37.33,Standard,5.0,2.5,False,GBP
ORD-101124,2025-06-05,CUST-00350,Corporate,East,Phone,Technology,Copiers,8,241.37,0.4,1158.58,148.3,Second Class,4.0,5.0,False,GBP
ORD-104586,2025-01-19,CUST-01380,Consumer,Central,Marketplace,Furniture,Tables,2,379.31,0.1,682.76,245.79,Second Class,3.0,,False,GBP
ORD-102416,2024-11-21,CUST-00736,Corporate,Central,Phone,Furniture,Furnishings,8,490.15,0.0,3921.2,1831.2,Standard,6.0,4.8,False,GBP
ORD-103352,2024-08-28,CUST-01031,Consumer,Central,Web,Furniture,Chairs,7,293.74,0.2,1644.94,-1.64,First Class,3.0,5.0,False,GBP
ORD-104808,2025-07-05,CUST-00896,Corporate,South,Mobile App,Office Supplies,Art,1,30.83,0.0,30.83,9.34,First Class,2.0,3.5,False,GBP
ORD-100139,2024-09-26,CUST-00374,Consumer,East,Mobile App,Technology,Machines,1,615.05,0.0,615.05,274.31,Second Class,4.0,3.6,False,GBP
ORD-103415,2025-01-05,CUST-01236,Consumer,North,Mobile App,Furniture,Furnishings,5,337.12,0.0,1685.6,345.55,Second Class,6.0,2.3,False,GBP
ORD-104899,2025-04-15,CUST-00686,,South,Marketplace,Furniture,Tables,7,302.73,0.15,1801.24,497.14,Standard,6.0,2.4,False,GBP
ORD-102245,2024-06-27,CUST-01209,Corporate,West,Web,Office Supplies,Labels,3,28.67,0.0,86.01,33.72,Standard,4.0,4.2,False,GBP
ORD-100532,2024-03-07,CUST-00843,Home Office,South,Marketplace,Office Supplies,Binders,3,15.97,0.2,38.33,13.91,Standard,6.0,4.1,False,GBP
ORD-100063,2025-10-03,CUST-01059,Home Office,West,Web,Furniture,Tables,4,562.1,0.3,1573.88,229.79,Same Day,1.0,2.9,False,GBP
ORD-101851,2025-06-19,CUST-00920,Consumer,East,Web,Office Supplies,Storage,4,21.27,0.3,59.56,10.9,Standard,6.0,3.1,False,GBP
ORD-102982,2025-08-01,CUST-00617,Consumer,South,Mobile App,Furniture,Chairs,1,551.24,0.0,551.24,109.15,Standard,6.0,4.5,False,GBP
ORD-100959,2024-05-29,CUST-00936,Consumer,West,Marketplace,Furniture,Bookcases,1,217.89,0.0,217.89,75.39,Second Class,5.0,3.8,False,GBP
ORD-101275,2025-05-27,CUST-00533,Home Office,Central,Web,Office Supplies,Binders,5,16.99,0.0,84.95,32.28,Standard,5.0,3.7,False,GBP
ORD-103286,2024-02-21,CUST-00259,Consumer,West,Mobile App,Office Supplies,Art,8,43.06,0.1,310.03,69.14,Standard,6.0,3.2,False,GBP
ORD-102927,2025-09-18,CUST-01217,,South,Web,Office Supplies,Storage,1,20.21,0.15,17.18,5.77,Standard,7.0,2.8,False,GBP
ORD-101404,2025-01-07,CUST-00530,,South,Web,Technology,Machines,1,321.55,0.0,321.55,174.92,Standard,6.0,4.0,False,GBP
ORD-103997,2025-06-21,CUST-01243,Consumer,West,Web,Furniture,Tables,4,117.38,0.3,328.66,67.7,Same Day,2.0,3.0,False,GBP
ORD-102042,2024-09-18,CUST-00310,Corporate,North,Web,Technology,Machines,6,891.26,0.3,3743.29,1227.8,Standard,6.0,4.1,False,GBP
ORD-101948,2025-09-02,CUST-00797,,East,Mobile App,Office Supplies,Labels,8,22.49,0.0,179.92,55.78,Same Day,1.0,4.5,False,GBP
ORD-100332,2025-01-19,CUST-00043,,South,Mobile App,Technology,Phones,2,645.63,0.15,1097.57,372.08,Same Day,4.0,3.6,False,GBP
ORD-103582,2025-09-27,CUST-00699,Home Office,Central,Web,Technology,Phones,1,320.62,0.3,224.43,9.2,Standard,4.0,4.8,False,GBP
ORD-104173,2025-09-03,CUST-00181,Home Office,North,Web,Office Supplies,Storage,4,39.71,0.3,111.19,9.34,Second Class,5.0,5.0,False,GBP
ORD-103325,2025-02-12,CUST-01075,Consumer,East,Web,Furniture,Tables,5,142.68,0.0,713.4,187.62,Standard,7.0,,False,GBP
ORD-103429,2025-12-12,CUST-00084,Home Office,Central,Mobile App,Office Supplies,Binders,2,15.25,0.0,30.5,11.28,Standard,8.0,4.2,False,GBP
ORD-102913,2025-05-27,CUST-01101,,South,Mobile App,Office Supplies,Paper,3,44.78,0.2,107.47,16.98,Standard,,4.2,True,GBP
ORD-101932,2024-05-07,CUST-00255,Consumer,West,Phone,Office Supplies,Art,8,33.99,0.4,163.15,20.72,Standard,5.0,3.4,False,GBP
ORD-100631,2024-01-18,CUST-00978,Corporate,East,Web,Technology,Accessories,7,419.1,0.0,2933.7,927.05,Standard,6.0,4.2,False,GBP
ORD-103442,2024-07-02,CUST-00288,Consumer,East,Web,Technology,Machines,6,328.61,0.1,1774.49,436.52,First Class,3.0,4.6,False,GBP
ORD-104768,2024-05-30,CUST-00618,Corporate,East,Web,Office Supplies,Art,5,19.81,0.0,99.05,38.93,Standard,8.0,5.0,False,GBP
ORD-103721,2024-12-06,CUST-01018,Home Office,Central,Mobile App,Office Supplies,Paper,6,24.42,0.1,131.87,14.77,First Class,4.0,5.0,False,GBP
ORD-103672,2025-10-04,CUST-00596,Home Office,Central,Web,Office Supplies,Labels,2,15.12,0.0,30.24,11.85,Standard,5.0,4.0,False,GBP
ORD-104849,2025-08-19,CUST-00779,Consumer,North,Web,Office Supplies,Binders,3,18.79,0.15,47.91,13.08,Second Class,2.0,3.7,False,GBP
ORD-104497,2024-11-06,CUST-01183,,West,Marketplace,Office Supplies,Art,8,10.87,0.3,60.87,8.28,Standard,8.0,3.6,True,GBP
ORD-104283,2024-12-10,CUST-00698,Corporate,South,Mobile App,Furniture,Bookcases,3,429.88,0.0,1289.64,254.06,Same Day,0.0,5.0,False,GBP
ORD-100405,2025-11-15,CUST-00570,Consumer,West,Web,Technology,Copiers,7,386.4,0.15,2299.08,427.63,Standard,5.0,4.4,False,GBP
ORD-102560,2024-08-31,CUST-00677,Consumer,Central,Web,Office Supplies,Binders,7,11.16,0.15,66.4,15.67,Second Class,5.0,2.6,False,GBP
ORD-102087,2025-12-05,CUST-00103,Consumer,North,Web,Office Supplies,Labels,2,95.9,0.0,191.8,49.29,Second Class,3.0,3.6,False,GBP
ORD-103749,2025-03-17,CUST-01379,Corporate,West,Mobile App,Office Supplies,Paper,8,27.41,0.1,197.35,75.59,First Class,2.0,3.8,False,GBP
ORD-100526,2025-05-28,CUST-00404,Corporate,Central,Web,Furniture,Bookcases,5,278.08,0.1,1251.36,239.01,Second Class,5.0,3.7,False,GBP
ORD-103807,2024-01-31,CUST-00532,Consumer,East,Web,Office Supplies,Storage,6,53.74,0.3,225.71,25.28,Standard,6.0,2.9,False,GBP
ORD-102705,2025-08-24,CUST-00988,Corporate,South,Mobile App,Furniture,Tables,7,186.5,0.2,1044.4,182.77,Standard,7.0,4.1,False,GBP
ORD-101288,2024-01-26,CUST-00187,Corporate,Central,Mobile App,Technology,Copiers,7,574.53,0.3,2815.2,644.68,Second Class,2.0,3.5,False,GBP
ORD-101825,2025-04-04,CUST-01109,Corporate,West,Web,Technology,Machines,6,392.42,0.0,2354.52,866.46,Same Day,0.0,2.4,False,GBP
ORD-104665,2024-12-05,CUST-00278,Consumer,West,Web,Office Supplies,Binders,3,14.17,0.1,38.26,9.34,Standard,7.0,3.6,False,GBP
ORD-103873,2024-09-26,CUST-00961,Consumer,West,Web,Office Supplies,Art,8,17.55,0.0,140.4,37.49,First Class,3.0,4.0,True,GBP
ORD-100856,2025-03-03,CUST-00580,Consumer,West,Web,Office Supplies,Art,4,40.58,0.4,97.39,12.47,First Class,8.0,4.8,False,GBP
ORD-100557,2024-11-29,CUST-00099,Corporate,East,Web,Furniture,Furnishings,5,125.61,0.0,628.05,253.73,First Class,4.0,3.4,False,GBP
ORD-103479,2024-05-15,CUST-00202,Home Office,Central,Web,Technology,Accessories,2,293.88,0.0,587.76,249.8,Standard,5.0,3.1,False,GBP
ORD-104396,2025-01-08,CUST-00328,Home Office,East,Web,Technology,Copiers,1,339.38,0.2,271.5,93.12,Standard,8.0,2.5,False,GBP
ORD-102515,2025-01-11,CUST-00791,Consumer,West,Mobile App,Furniture,Bookcases,7,357.26,0.0,2500.82,1015.33,Same Day,1.0,,True,GBP
ORD-101434,2024-03-05,CUST-01385,Consumer,West,Marketplace,Office Supplies,Storage,4,87.94,0.0,351.76,144.57,Standard,5.0,3.0,False,GBP
ORD-103082,2025-06-16,CUST-01220,,East,Web,Technology,Accessories,5,1919.22,0.0,9596.1,3492.98,Standard,5.0,5.0,False,GBP
ORD-104208,2025-01-30,CUST-01082,Consumer,West,Web,Office Supplies,Storage,4,18.42,0.0,73.68,31.17,Standard,4.0,4.1,False,GBP
ORD-103509,2024-11-18,CUST-01306,Consumer,South,Web,Furniture,Chairs,2,313.07,0.15,532.22,127.73,Standard,,3.7,False,GBP
ORD-103615,2024-06-04,CUST-01193,Consumer,East,Marketplace,Office Supplies,Storage,2,22.07,0.0,44.14,16.2,Standard,6.0,2.4,False,GBP
ORD-103906,2024-12-27,CUST-00549,Consumer,West,Phone,Technology,Machines,2,590.0,0.0,1180.0,567.58,Standard,7.0,4.5,False,GBP
ORD-101020,2025-10-18,CUST-00679,,Central,Web,Office Supplies,Binders,7,11.52,0.0,80.64,27.42,Standard,6.0,4.8,False,GBP
ORD-102936,2024-10-14,CUST-00617,,South,Phone,Furniture,Tables,8,50.28,0.0,402.24,158.48,Standard,5.0,4.0,False,GBP
ORD-100511,2024-04-29,CUST-01215,Corporate,South,Phone,Technology,Accessories,2,654.93,0.2,1047.89,104.79,Same Day,0.0,3.1,False,GBP
ORD-102706,2024-10-11,CUST-00680,,South,Mobile App,Furniture,Tables,4,494.29,0.0,1977.16,705.85,Standard,4.0,4.3,False,GBP
ORD-102753,2024-01-24,CUST-00806,Corporate,North,Web,Office Supplies,Art,8,10.39,0.0,83.12,27.68,Second Class,4.0,2.5,False,GBP
ORD-101886,2024-03-16,CUST-00596,Consumer,South,Web,Furniture,Bookcases,1,68.09,0.0,68.09,29.01,Standard,5.0,,True,GBP
ORD-102709,2024-04-28,CUST-01084,Home Office,Central,Phone,Office Supplies,Binders,2,23.95,0.1,43.11,19.74,Second Class,4.0,4.1,False,GBP
ORD-101798,2024-02-21,CUST-01249,Corporate,East,Web,Technology,Phones,2,157.65,0.1,283.77,64.13,Standard,8.0,2.6,False,GBP
ORD-101148,2025-01-23,CUST-00702,Home Office,Central,Mobile App,Furniture,Bookcases,8,338.52,0.4,1624.9,203.11,Standard,6.0,3.8,False,GBP
ORD-102107,2025-05-11,CUST-00422,Corporate,North,Phone,Technology,Copiers,6,252.18,0.0,1513.08,686.94,Standard,9.0,3.4,False,GBP
ORD-101562,2025-08-30,CUST-01132,Corporate,North,Web,Office Supplies,Paper,6,34.9,0.2,167.52,38.7,Standard,8.0,5.0,False,GBP
ORD-101743,2024-03-08,CUST-00866,Home Office,Central,Web,Technology,Accessories,2,750.43,0.15,1275.73,415.89,First Class,4.0,3.4,False,GBP
ORD-100606,2024-09-19,CUST-00641,Consumer,North,Web,Office Supplies,Paper,8,12.35,0.2,79.04,28.22,First Class,1.0,4.9,False,GBP
ORD-102358,2025-08-28,CUST-01040,Consumer,North,Mobile App,Furniture,Bookcases,6,238.46,0.0,1430.76,599.49,Standard,6.0,3.8,False,GBP
ORD-103467,2024-01-04,CUST-00162,Corporate,East,Mobile App,Technology,Machines,8,717.15,0.1,5163.48,1667.8,Same Day,3.0,4.1,True,GBP
ORD-101331,2025-07-09,CUST-01053,,East,Mobile App,Office Supplies,Storage,5,42.9,0.1,193.05,70.46,First Class,3.0,4.7,False,GBP
ORD-103972,2024-11-15,CUST-00853,Consumer,West,Marketplace,Office Supplies,Labels,5,71.89,0.4,215.67,21.35,Standard,6.0,4.1,False,GBP
ORD-101181,2024-02-02,CUST-01337,Consumer,South,Web,Furniture,Furnishings,2,288.86,0.2,462.18,75.34,Standard,5.0,4.0,False,GBP
ORD-104269,2024-10-31,CUST-00239,Consumer,East,Marketplace,Office Supplies,Storage,4,14.66,0.0,58.64,19.88,Standard,7.0,3.5,False,GBP
ORD-103748,2024-05-21,CUST-01035,Consumer,West,Mobile App,Office Supplies,Paper,8,40.55,0.15,275.74,77.76,Second Class,4.0,5.0,False,GBP
ORD-101769,2024-11-02,CUST-00842,,South,Web,Technology,Copiers,2,184.12,0.15,313.0,89.52,First Class,4.0,4.7,False,GBP
ORD-101755,2025-12-29,CUST-00625,Corporate,East,Mobile App,Furniture,Chairs,1,152.63,0.15,129.74,39.44,First Class,4.0,3.3,False,GBP
ORD-104258,2025-04-07,CUST-01384,,Central,Mobile App,Furniture,Chairs,6,100.83,0.15,514.23,94.62,Second Class,7.0,4.3,False,GBP
ORD-101345,2025-11-13,CUST-00372,Consumer,East,Web,Office Supplies,Paper,1,38.17,0.2,30.54,3.88,Standard,5.0,4.2,False,GBP
ORD-100510,2025-05-08,CUST-00290,Consumer,Central,Mobile App,Office Supplies,Paper,1,24.68,0.3,17.28,4.18,Standard,6.0,3.7,False,GBP
ORD-101676,2024-05-30,CUST-00099,Corporate,North,Mobile App,Office Supplies,Binders,1,33.22,0.0,33.22,11.49,Standard,7.0,3.3,False,GBP
ORD-102061,2024-09-04,CUST-00505,Home Office,West,Mobile App,Office Supplies,Art,6,42.22,0.0,253.32,71.94,Standard,5.0,4.7,False,GBP
ORD-104982,2025-06-17,CUST-00366,Consumer,West,Marketplace,Technology,Phones,1,269.67,0.2,215.74,54.8,Standard,6.0,3.3,False,GBP
ORD-100456,2024-10-29,CUST-01161,Consumer,North,Web,Office Supplies,Labels,7,28.07,0.0,196.49,46.37,Second Class,,5.0,False,GBP
ORD-101808,2025-06-21,CUST-00867,Corporate,North,Mobile App,Technology,Accessories,5,251.11,0.4,753.33,76.09,Standard,8.0,3.2,False,GBP
ORD-103009,2025-08-18,CUST-00099,Consumer,East,Web,Technology,Machines,6,301.59,0.4,1085.72,48.86,Second Class,3.0,4.2,False,GBP
ORD-100756,2024-11-14,CUST-00535,Consumer,West,Phone,Furniture,Furnishings,8,94.96,0.1,683.71,133.32,First Class,2.0,4.6,False,GBP
ORD-102592,2024-07-07,CUST-00787,Consumer,Central,Web,Furniture,Chairs,5,273.74,0.0,1368.7,384.6,Standard,5.0,4.0,False,GBP
ORD-101065,2025-04-26,CUST-01102,Consumer,South,Marketplace,Office Supplies,Labels,4,20.51,0.0,82.04,22.81,First Class,1.0,4.9,False,GBP
ORD-101265,2024-06-14,CUST-01010,Home Office,Central,Marketplace,Furniture,Bookcases,4,358.91,0.0,1435.64,376.14,Standard,4.0,4.2,False,GBP
ORD-102532,2025-08-28,CUST-01399,,Central,Mobile App,Technology,Accessories,6,636.79,0.15,3247.63,967.79,Standard,5.0,3.0,True,GBP
ORD-101819,2024-01-14,CUST-01372,Consumer,East,Web,Furniture,Furnishings,5,118.42,0.15,503.28,148.47,Standard,6.0,3.1,False,GBP
ORD-100691,2024-03-31,CUST-01344,Consumer,East,Web,Furniture,Furnishings,6,387.1,0.3,1625.82,347.93,Standard,5.0,4.5,False,GBP
ORD-103815,2024-12-24,CUST-00305,Consumer,East,Web,Office Supplies,Storage,4,41.27,0.1,148.57,25.7,Standard,7.0,4.8,True,GBP
ORD-104222,2025-01-26,CUST-00314,Consumer,Central,Web,Furniture,Tables,6,473.89,0.3,1990.34,396.08,Standard,8.0,3.7,False,GBP
ORD-100501,2025-02-10,CUST-01221,Consumer,Central,Marketplace,Technology,Accessories,8,413.2,0.0,3305.6,1209.85,Standard,7.0,4.0,False,GBP
ORD-102168,2025-05-06,CUST-00015,Consumer,West,Web,Furniture,Furnishings,7,199.19,0.3,976.03,113.22,Standard,7.0,2.8,False,GBP
ORD-102578,2025-05-03,CUST-00608,Corporate,East,Web,Furniture,Furnishings,2,399.35,0.0,798.7,277.95,Second Class,4.0,5.0,False,GBP
ORD-101038,2025-06-25,CUST-00173,,South,Web,Technology,Copiers,6,69.59,0.15,354.91,102.21,Second Class,3.0,4.7,False,GBP
ORD-101021,2024-11-04,CUST-01366,Corporate,North,Web,Furniture,Chairs,7,324.07,0.1,2041.64,443.04,Standard,,3.4,False,GBP
ORD-100357,2025-05-06,CUST-01290,Consumer,East,Mobile App,Office Supplies,Art,5,27.74,0.2,110.96,34.62,Standard,7.0,3.6,False,GBP
ORD-102356,2025-06-08,CUST-00068,,East,Web,Furniture,Chairs,5,213.56,0.0,1067.8,334.22,Standard,8.0,3.9,False,GBP
ORD-101508,2024-03-29,CUST-00040,Corporate,South,Web,Office Supplies,Paper,4,11.56,0.0,46.24,17.16,Second Class,6.0,4.8,False,GBP
ORD-100210,2024-11-08,CUST-00906,Consumer,South,Web,Office Supplies,Binders,7,46.96,0.2,262.98,51.28,Standard,4.0,3.1,False,GBP
ORD-103808,2024-05-13,CUST-00097,Consumer,North,Web,Office Supplies,Art,8,26.47,0.1,190.58,53.17,First Class,3.0,3.9,True,GBP
ORD-102081,2024-07-17,CUST-00249,Consumer,North,Mobile App,Office Supplies,Art,8,15.81,0.15,4300.400000000001,21.61,Standard,8.0,3.1,False,GBP
ORD-100736,2025-04-27,CUST-01263,Consumer,West,Web,Office Supplies,Labels,1,48.77,0.2,39.02,11.71,Second Class,6.0,2.0,False,GBP
ORD-101546,2025-04-12,CUST-00569,Consumer,North,Web,Office Supplies,Art,1,17.44,0.2,13.95,0.06,Standard,6.0,3.9,False,GBP
ORD-104461,2024-12-15,CUST-00297,Consumer,North,Phone,Furniture,Bookcases,6,183.97,0.0,1103.82,358.74,Standard,6.0,3.2,False,GBP
ORD-104550,2024-04-27,CUST-00999,Consumer,West,Phone,Office Supplies,Paper,7,19.73,0.4,82.87,3.65,Standard,6.0,4.1,False,GBP
ORD-104460,2025-07-31,CUST-00208,Home Office,West,Web,Furniture,Tables,8,220.94,0.0,1767.52,542.63,Standard,5.0,4.2,True,GBP
ORD-100716,2024-08-20,CUST-00052,Consumer,West,Web,Office Supplies,Art,2,39.76,0.2,63.62,11.13,Second Class,4.0,3.0,False,GBP
ORD-104726,2025-10-01,CUST-00343,Consumer,North,Mobile App,Office Supplies,Art,7,41.22,0.1,259.69,47.52,Second Class,4.0,4.7,False,GBP
ORD-104861,2024-03-26,CUST-00104,Consumer,South,Mobile App,Furniture,Chairs,4,183.52,0.1,660.67,135.44,First Class,4.0,3.6,False,GBP
ORD-100903,2024-04-27,CUST-00901,Corporate,South,Marketplace,Technology,Copiers,2,560.34,0.3,784.48,180.43,Standard,6.0,3.4,False,GBP
ORD-101334,2025-01-22,CUST-01337,Consumer,North,Phone,Office Supplies,Storage,1,38.18,0.1,34.36,12.88,Standard,5.0,5.0,True,GBP
ORD-103685,2025-11-18,CUST-00903,,East,Marketplace,Office Supplies,Storage,7,63.78,0.4,267.88,44.74,Same Day,2.0,5.0,False,GBP
ORD-104993,2024-01-10,CUST-00770,,East,Marketplace,Office Supplies,Labels,3,59.31,0.3,124.55,28.15,Standard,7.0,2.9,False,GBP
ORD-102280,2025-01-15,CUST-01193,Consumer,Central,Marketplace,Furniture,Bookcases,7,118.94,0.4,499.55,103.91,Second Class,6.0,5.0,False,GBP
ORD-101102,2024-03-02,CUST-00381,Consumer,Central,Mobile App,Furniture,Bookcases,4,129.48,0.0,517.92,176.09,Standard,8.0,5.0,False,GBP
ORD-101030,2024-01-16,CUST-00070,Corporate,East,Web,Office Supplies,Paper,8,15.88,0.4,76.22,7.85,Standard,3.0,4.6,False,GBP
ORD-102412,2025-12-11,CUST-01167,Consumer,West,Marketplace,Technology,Machines,7,608.33,0.0,4258.31,1021.99,Standard,7.0,2.6,False,GBP
ORD-102405,2024-04-09,CUST-00886,Corporate,Central,Web,Furniture,Bookcases,4,100.76,0.0,403.04,110.84,First Class,1.0,3.8,False,GBP
ORD-104482,2024-01-12,CUST-00991,,West,Web,Office Supplies,Binders,5,12.69,0.0,63.45,24.17,Standard,4.0,4.4,False,GBP
ORD-101668,2025-06-18,CUST-00255,Consumer,East,Mobile App,Technology,Machines,3,147.15,0.3,309.02,36.16,Second Class,6.0,3.5,False,GBP
ORD-102565,2024-01-25,CUST-00114,Home Office,North,Mobile App,Furniture,Furnishings,3,105.73,0.4,190.31,33.3,Second Class,4.0,3.0,False,GBP
ORD-101106,2024-02-23,CUST-01202,Consumer,South,Marketplace,Furniture,Bookcases,2,149.64,0.1,269.35,77.57,Standard,5.0,3.5,False,GBP
ORD-104592,2024-10-18,CUST-01227,Consumer,South,Web,Office Supplies,Labels,5,16.07,0.4,48.21,6.07,Standard,4.0,5.0,False,GBP
ORD-104607,2025-02-27,CUST-00563,Corporate,South,Web,Office Supplies,Paper,5,39.71,0.0,198.55,84.58,Same Day,0.0,4.3,False,GBP
ORD-101624,2025-11-10,CUST-00217,Consumer,West,Marketplace,Office Supplies,Paper,1,16.76,0.3,11.73,1.07,First Class,2.0,5.0,False,GBP
ORD-101383,2025-08-04,CUST-00527,Corporate,West,Mobile App,Office Supplies,Storage,4,50.51,0.2,161.63,37.82,Second Class,,3.0,False,GBP
ORD-102341,2025-12-19,CUST-01257,Corporate,North,Web,Furniture,Chairs,7,142.17,0.1,895.67,189.88,Same Day,0.0,3.9,False,GBP
ORD-104630,2025-02-20,CUST-00945,Home Office,South,Marketplace,Office Supplies,Paper,3,35.81,0.1,96.69,31.81,Standard,6.0,2.5,False,GBP
ORD-104745,2024-04-08,CUST-00805,Corporate,West,Mobile App,Furniture,Chairs,3,148.42,0.0,445.26,150.5,Second Class,4.0,5.0,False,GBP
ORD-100944,2025-06-09,CUST-01157,,North,Marketplace,Furniture,Furnishings,3,210.95,0.3,442.99,111.19,Standard,3.0,2.3,False,GBP
ORD-102552,2024-05-02,CUST-01009,Consumer,West,Mobile App,Technology,Copiers,8,258.75,0.2,1656.0,380.88,Same Day,0.0,3.7,False,GBP
ORD-100507,2025-06-14,CUST-00976,Corporate,South,Marketplace,Office Supplies,Binders,8,16.59,0.3,92.9,14.4,Standard,6.0,,False,GBP
ORD-104027,2025-08-07,CUST-00698,Consumer,South,Web,Technology,Machines,2,667.68,0.0,1335.36,462.03,Standard,5.0,4.6,False,GBP
ORD-102003,2025-03-25,CUST-00316,Corporate,South,Marketplace,Office Supplies,Binders,1,81.04,0.15,68.88,6.89,Second Class,3.0,3.5,False,GBP
ORD-101788,2025-06-30,CUST-01295,Corporate,West,Phone,Office Supplies,Storage,7,17.84,0.4,74.93,-0.82,Second Class,5.0,4.4,False,GBP
ORD-103109,2024-04-06,CUST-01364,Home Office,Central,Web,Office Supplies,Labels,7,12.21,0.0,85.47,20.94,Second Class,3.0,3.7,False,GBP
ORD-101120,2024-12-31,CUST-01009,Consumer,South,Mobile App,Technology,Machines,3,778.87,0.0,2336.61,686.96,Second Class,5.0,4.8,False,GBP
ORD-100759,2025-11-05,CUST-00699,Consumer,South,Mobile App,Office Supplies,Storage,2,20.19,0.0,40.38,17.36,Standard,5.0,4.2,False,GBP
ORD-102221,2024-08-07,CUST-00758,Consumer,North,Marketplace,Office Supplies,Labels,8,9.23,0.3,51.69,8.89,Standard,6.0,3.2,False,GBP
ORD-102434,2024-06-19,CUST-00480,Consumer,West,Web,Office Supplies,Storage,7,32.94,0.0,230.58,71.71,First Class,3.0,4.4,True,GBP
ORD-100772,2025-06-27,CUST-00555,Corporate,East,Mobile App,Office Supplies,Paper,4,15.85,0.15,53.89,14.66,Second Class,,3.9,False,GBP
ORD-101695,2024-01-04,CUST-01255,Consumer,South,Web,Furniture,Tables,7,544.31,0.15,3238.64,715.74,First Class,2.0,2.4,False,GBP
ORD-103250,2024-06-26,CUST-00724,,West,Mobile App,Technology,Accessories,4,376.22,0.3,1053.42,144.32,First Class,3.0,4.4,False,GBP
ORD-101219,2025-05-20,CUST-01353,Consumer,West,Web,Furniture,Tables,6,121.11,0.0,726.66,287.03,Standard,7.0,3.8,False,GBP
ORD-104464,2025-05-19,CUST-00695,Consumer,West,Mobile App,Furniture,Tables,4,320.91,0.0,1283.64,581.49,Second Class,3.0,3.2,False,GBP
ORD-104518,2025-09-28,CUST-01171,Consumer,North,Web,Furniture,Bookcases,3,293.92,0.4,529.06,94.7,Second Class,5.0,4.5,False,GBP
ORD-101556,2025-08-27,CUST-00736,Corporate,North,Marketplace,Technology,Accessories,1,286.16,0.2,228.93,65.02,Standard,10.0,3.5,False,GBP
ORD-104919,2024-03-27,CUST-00906,Consumer,South,Web,Technology,Phones,5,410.32,0.3,1436.12,188.13,Second Class,,5.0,False,GBP
ORD-101539,2024-12-15,CUST-00166,Home Office,Central,Web,Furniture,Bookcases,7,187.88,0.0,1315.16,487.92,Second Class,3.0,3.7,False,GBP
ORD-104539,2025-08-16,CUST-01323,Corporate,Central,Marketplace,Office Supplies,Labels,2,88.84,0.0,177.68,59.35,Standard,6.0,3.2,True,GBP
ORD-103028,2024-12-31,CUST-00794,,East,Mobile App,Office Supplies,Storage,2,37.19,0.3,52.07,2.34,First Class,2.0,4.6,False,GBP
ORD-104846,2024-05-08,CUST-00698,,Central,Marketplace,Furniture,Bookcases,8,201.18,0.4,965.66,4.83,First Class,2.0,4.1,False,GBP
ORD-102035,2024-11-15,CUST-00144,Consumer,North,Web,Office Supplies,Labels,4,56.39,0.0,225.56,56.16,Standard,8.0,3.4,False,GBP
ORD-100227,2024-04-12,CUST-01147,Home Office,North,Web,Office Supplies,Binders,2,18.03,0.0,36.06,12.01,Second Class,3.0,4.3,False,GBP
ORD-102779,2024-01-26,CUST-01142,Home Office,Central,Web,Office Supplies,Art,3,43.22,0.0,129.66,38.12,Standard,7.0,2.7,False,GBP
ORD-102271,2024-05-23,CUST-00421,Corporate,North,Mobile App,Furniture,Furnishings,7,259.26,0.2,1451.86,352.8,Standard,6.0,2.8,False,GBP
ORD-103508,2025-01-11,CUST-00390,Home Office,Central,Marketplace,Technology,Phones,2,334.48,0.0,668.96,238.15,Same Day,3.0,3.3,False,GBP
ORD-103031,2025-11-19,CUST-00259,Consumer,North,Mobile App,Office Supplies,Storage,1,41.59,0.3,29.11,8.38,Standard,6.0,3.4,False,GBP
ORD-102829,2024-05-01,CUST-00490,Home Office,West,Web,Office Supplies,Storage,8,43.36,0.1,312.19,63.69,Standard,5.0,3.1,False,GBP
ORD-104510,2024-06-25,CUST-00678,Home Office,Central,Web,Office Supplies,Binders,8,23.29,0.4,111.79,7.04,Second Class,4.0,5.0,False,GBP
ORD-100883,2024-03-08,CUST-00960,Corporate,South,Marketplace,Office Supplies,Binders,5,38.84,0.4,116.52,17.59,Standard,6.0,4.3,False,GBP
ORD-101000,2024-04-11,CUST-00980,,South,Mobile App,Technology,Accessories,3,331.47,0.4,596.65,94.27,Standard,6.0,2.6,True,GBP
ORD-101208,2025-04-17,CUST-00685,Corporate,South,Web,Office Supplies,Binders,7,13.81,0.0,96.67,31.51,First Class,5.0,4.3,False,GBP
ORD-101665,2024-04-17,CUST-00863,Home Office,Central,Web,Office Supplies,Labels,2,20.64,0.2,33.02,9.28,Second Class,4.0,,True,GBP
ORD-101093,2024-12-16,CUST-00958,Corporate,North,Mobile App,Technology,Copiers,4,646.56,0.0,2586.24,667.25,Standard,8.0,3.4,False,GBP
ORD-103676,2024-09-09,CUST-00158,,East,Marketplace,Office Supplies,Paper,1,29.29,0.1,26.36,8.09,Standard,6.0,3.1,False,GBP
ORD-104352,2024-01-19,CUST-00757,Consumer,East,Marketplace,Furniture,Tables,4,1044.21,0.1,3759.16,883.4,Same Day,1.0,,False,GBP
ORD-100435,2025-01-06,CUST-00899,Corporate,North,Mobile App,Furniture,Chairs,5,231.0,0.0,1155.0,368.44,Standard,7.0,2.6,False,GBP
ORD-104206,2025-01-06,CUST-01381,Corporate,West,Mobile App,Office Supplies,Art,3,57.25,0.0,171.75,60.46,Standard,5.0,3.9,False,GBP
ORD-103019,2025-11-12,CUST-00737,Consumer,East,Mobile App,Office Supplies,Art,2,25.49,0.0,50.98,18.51,Second Class,4.0,4.1,False,GBP
ORD-104351,2025-03-03,CUST-00292,Consumer,North,Web,Furniture,Furnishings,5,209.84,0.2,839.36,202.29,Standard,5.0,2.5,False,GBP
ORD-102333,2025-02-26,CUST-00656,Consumer,Central,Phone,Technology,Machines,1,905.46,0.3,633.82,51.97,Standard,7.0,3.9,False,GBP
ORD-101757,2025-11-04,CUST-00407,Home Office,Central,Web,Furniture,Chairs,8,227.16,0.4,1090.37,102.49,First Class,3.0,4.5,False,GBP
ORD-104326,2024-04-08,CUST-00995,Corporate,East,Web,Technology,Machines,8,288.37,0.1,2076.26,508.68,Standard,6.0,2.4,False,GBP
ORD-101718,2025-08-03,CUST-00383,Consumer,East,Web,Furniture,Bookcases,4,129.05,0.0,516.2,140.92,Second Class,3.0,,False,GBP
ORD-102522,2024-10-11,CUST-00415,Consumer,East,Mobile App,Technology,Machines,7,468.04,0.0,3276.28,805.96,Second Class,3.0,2.7,False,GBP
ORD-100578,2025-08-14,CUST-00171,Home Office,South,Web,Technology,Copiers,7,327.93,0.0,2295.51,957.23,Standard,6.0,3.7,False,GBP
ORD-101687,2025-05-01,CUST-00372,Home Office,South,Mobile App,Office Supplies,Binders,6,32.09,0.1,173.29,52.68,Same Day,4.0,4.2,False,GBP
ORD-101633,2025-11-06,CUST-00320,Corporate,North,Web,Office Supplies,Storage,4,24.11,0.0,96.44,37.23,Same Day,1.0,3.8,False,GBP
ORD-101410,2025-11-29,CUST-00423,Consumer,North,Web,Office Supplies,Paper,2,14.96,0.3,20.94,6.37,Standard,6.0,2.9,False,GBP
ORD-102062,2024-02-18,CUST-00714,,South,Marketplace,Furniture,Tables,8,392.47,0.15,2668.8,846.01,Second Class,4.0,5.0,False,GBP
ORD-101083,2025-12-08,CUST-00224,Home Office,West,Marketplace,Office Supplies,Paper,6,9.66,0.15,49.27,9.9,Same Day,0.0,5.0,False,GBP
ORD-103528,2025-06-29,CUST-00676,Consumer,South,Mobile App,Furniture,Furnishings,2,329.4,0.1,592.92,150.01,Second Class,3.0,4.0,False,GBP
ORD-102108,2024-11-26,CUST-00603,Home Office,North,Web,Office Supplies,Binders,5,12.68,0.0,63.4,20.92,Same Day,2.0,2.4,False,GBP
ORD-103686,2025-11-04,CUST-00448,Consumer,Central,Mobile App,Office Supplies,Labels,4,80.43,0.1,289.55,57.04,Second Class,5.0,,False,GBP
ORD-101540,2024-11-08,CUST-01235,Consumer,South,Phone,Furniture,Tables,7,400.35,0.3,1961.72,290.33,First Class,4.0,2.6,False,GBP
ORD-104339,2025-09-28,CUST-00789,Consumer,East,Marketplace,Office Supplies,Paper,4,43.28,0.0,173.12,70.98,Standard,6.0,4.0,False,GBP
ORD-104020,2024-08-02,CUST-00033,Corporate,North,Web,Furniture,Bookcases,6,481.43,0.0,2888.58,1213.2,Second Class,3.0,3.7,False,GBP
ORD-100069,2024-09-03,CUST-00864,Consumer,East,Web,Furniture,Bookcases,5,253.56,0.1,1141.02,350.29,Standard,5.0,4.3,False,GBP
ORD-101925,2024-03-30,CUST-00933,Consumer,East,Mobile App,Furniture,Furnishings,7,451.05,0.0,3157.35,966.15,Standard,5.0,3.9,False,GBP
ORD-101029,2024-05-19,CUST-00704,Consumer,East,Web,Office Supplies,Binders,6,23.78,0.15,121.28,48.51,Standard,5.0,4.0,False,GBP
ORD-100923,2025-10-26,CUST-00169,Consumer,South,Mobile App,Furniture,Tables,6,187.65,0.0,1125.9,486.39,Second Class,3.0,2.8,False,GBP
ORD-103953,2025-03-12,CUST-00247,Consumer,East,Web,Furniture,Chairs,3,208.7,0.3,438.27,93.35,Standard,7.0,5.0,False,GBP
ORD-102542,2024-10-15,CUST-01141,Consumer,South,Mobile App,Office Supplies,Labels,6,15.2,0.4,54.72,7.5,Same Day,2.0,4.8,False,GBP
ORD-103736,2025-03-21,CUST-01050,Corporate,West,Web,Office Supplies,Storage,4,31.25,0.0,125.0,46.88,Second Class,3.0,4.8,False,GBP
ORD-101922,2024-04-21,CUST-00185,Home Office,East,Web,Furniture,Bookcases,7,281.02,0.4,1180.28,146.35,Standard,7.0,3.2,False,GBP
ORD-101411,2025-01-19,CUST-00591,Consumer,South,Web,Office Supplies,Art,2,5.52,0.4,6.62,1.36,Standard,8.0,3.2,True,GBP
ORD-100219,2024-07-23,CUST-00936,Corporate,East,Web,Technology,Machines,3,702.78,0.3,1475.84,343.87,Standard,8.0,4.4,False,GBP
ORD-100156,2025-05-08,CUST-00987,Home Office,Central,Mobile App,Office Supplies,Art,2,75.28,0.15,127.98,30.46,First Class,3.0,2.4,False,GBP
ORD-101323,2025-08-11,CUST-01098,Home Office,North,Mobile App,Office Supplies,Paper,5,59.21,0.2,236.84,77.92,Second Class,5.0,2.9,False,GBP
ORD-101949,2024-09-19,CUST-01286,Consumer,West,Phone,Office Supplies,Art,2,36.35,0.0,72.7,29.44,Standard,3.0,5.0,False,GBP
ORD-104432,2025-06-20,CUST-00079,Corporate,North,Marketplace,Furniture,Tables,7,338.49,0.0,2369.43,807.98,Same Day,0.0,4.3,False,GBP
ORD-101489,2024-06-04,CUST-00432,Consumer,South,Marketplace,Office Supplies,Storage,7,17.92,0.3,87.81,15.28,Standard,5.0,3.6,False,GBP
ORD-100745,2025-07-24,CUST-01089,Corporate,North,Web,Office Supplies,Art,4,52.17,0.0,208.68,59.27,First Class,3.0,5.0,False,GBP
ORD-102033,2024-11-17,CUST-00773,Consumer,South,Web,Technology,Copiers,1,363.82,0.0,363.82,161.17,Second Class,2.0,4.4,False,GBP
ORD-100406,2025-10-28,CUST-00303,,North,Mobile App,Office Supplies,Binders,6,9.19,0.15,46.87,11.34,Standard,6.0,3.7,False,GBP
ORD-100246,2024-11-27,CUST-00979,Consumer,West,Web,Furniture,Furnishings,7,163.39,0.3,800.61,173.73,Second Class,3.0,4.9,False,GBP
ORD-102558,2024-07-02,CUST-01327,Corporate,North,Mobile App,Technology,Phones,5,368.84,0.2,1475.36,281.79,Standard,,3.2,False,GBP
ORD-101976,2024-12-13,CUST-00037,Corporate,North,Web,Technology,Phones,2,120.19,0.1,216.34,70.96,Second Class,5.0,5.0,False,GBP
ORD-101782,2024-07-12,CUST-00684,,Central,Mobile App,Office Supplies,Binders,7,13.61,0.0,95.27,33.25,Second Class,4.0,3.5,False,GBP
ORD-101814,2025-04-15,CUST-01065,Home Office,Central,Web,Office Supplies,Paper,7,60.97,0.2,341.43,72.38,Standard,5.0,2.9,False,GBP
ORD-100629,2024-04-03,CUST-00413,Corporate,North,Mobile App,Furniture,Furnishings,3,348.77,0.2,837.05,140.62,Standard,6.0,4.2,False,GBP
ORD-100349,2024-10-07,CUST-00432,Home Office,North,Web,Office Supplies,Binders,7,18.21,0.4,76.48,20.96,First Class,1.0,,False,GBP
ORD-104145,2025-07-23,CUST-01102,Consumer,South,Web,Furniture,Chairs,2,167.16,0.4,200.59,31.09,Second Class,4.0,3.1,False,GBP
ORD-103974,2024-09-02,CUST-01205,Consumer,Central,Web,Technology,Machines,7,182.43,0.15,1085.46,188.87,Second Class,5.0,1.8,False,GBP
ORD-104740,2025-06-27,CUST-00194,Corporate,South,Web,Furniture,Furnishings,5,175.43,0.2,701.72,171.92,Second Class,5.0,3.3,False,GBP
ORD-102632,2024-02-28,CUST-01351,Home Office,South,Web,Office Supplies,Labels,4,13.23,0.0,52.92,24.77,Standard,6.0,4.4,False,GBP
ORD-102710,2025-02-28,CUST-00585,,North,Web,Furniture,Furnishings,3,91.63,0.0,274.89,108.58,Same Day,2.0,4.7,False,GBP
ORD-101256,2024-04-13,CUST-00217,Consumer,North,Web,Office Supplies,Binders,7,32.8,0.3,160.72,25.55,Same Day,2.0,3.5,True,GBP
ORD-102544,2024-02-23,CUST-00312,Home Office,North,Web,Furniture,Bookcases,8,581.66,0.4,2791.97,374.12,Standard,6.0,2.9,False,GBP
ORD-103768,2025-05-15,CUST-01185,Consumer,North,Mobile App,Technology,Accessories,1,200.83,0.4,120.5,8.19,Standard,4.0,2.8,False,GBP
ORD-101647,2025-09-11,CUST-00276,Corporate,Central,Mobile App,Office Supplies,Storage,7,22.73,0.2,127.29,32.33,First Class,3.0,2.3,True,GBP
ORD-104563,2025-09-26,CUST-01192,Consumer,South,Web,Technology,Phones,3,493.24,0.0,1479.72,364.01,First Class,3.0,2.5,False,GBP
ORD-100829,2024-07-12,CUST-01121,Corporate,South,Web,Office Supplies,Binders,1,16.73,0.2,13.38,3.65,Standard,5.0,3.8,False,GBP
ORD-104564,2025-07-27,CUST-01194,Consumer,West,Marketplace,Office Supplies,Art,5,27.47,0.15,116.75,38.41,Standard,7.0,2.6,False,GBP
ORD-102381,2025-05-31,CUST-00273,Consumer,East,Marketplace,Office Supplies,Labels,8,17.86,0.15,121.45,20.53,Standard,5.0,4.0,False,GBP
ORD-101114,2024-09-16,CUST-00265,Consumer,Central,Web,Office Supplies,Art,5,33.54,0.0,167.7,66.91,Standard,4.0,3.5,False,GBP
ORD-103011,2025-11-10,CUST-00555,,Central,Mobile App,Office Supplies,Paper,8,11.49,0.0,91.92,27.48,Standard,6.0,4.0,False,GBP
ORD-104163,2025-03-07,CUST-01324,,West,Mobile App,Furniture,Tables,3,104.87,0.1,283.15,83.81,Second Class,4.0,2.5,False,GBP
ORD-100975,2025-03-27,CUST-00038,Corporate,Central,Mobile App,Technology,Accessories,1,242.0,0.0,242.0,72.36,Standard,6.0,,False,GBP
ORD-104935,2025-10-29,CUST-00387,Consumer,North,Web,Office Supplies,Binders,6,43.43,0.0,260.58,69.57,Second Class,6.0,3.6,False,GBP
ORD-101780,2025-05-11,CUST-00788,Consumer,East,Mobile App,Office Supplies,Labels,2,10.38,0.0,20.76,7.16,Second Class,6.0,3.2,True,GBP
ORD-100361,2025-09-06,CUST-00915,Home Office,West,Mobile App,Office Supplies,Binders,2,23.71,0.15,40.31,8.18,Standard,5.0,4.1,False,GBP
ORD-102400,2025-09-17,CUST-01122,,West,Web,Furniture,Chairs,5,422.08,0.15,1793.84,534.56,Standard,6.0,3.1,False,GBP
ORD-101901,2024-03-22,CUST-00913,,South,Web,Technology,Accessories,1,610.38,0.15,518.82,122.96,Standard,4.0,3.2,False,GBP
ORD-104381,2025-06-08,CUST-00378,Consumer,Central,Mobile App,Office Supplies,Binders,6,52.49,0.0,314.94,128.5,First Class,3.0,2.4,False,GBP
ORD-101158,2024-01-30,CUST-01360,Corporate,East,Marketplace,Office Supplies,Storage,2,15.32,0.2,24.51,5.07,Second Class,4.0,2.4,False,GBP
ORD-101409,2024-10-13,CUST-00752,Home Office,East,Web,Office Supplies,Labels,3,45.76,0.4,82.37,7.33,Standard,4.0,,False,GBP
ORD-101412,2024-06-01,CUST-00157,Consumer,North,Web,Technology,Accessories,2,668.6,0.0,1337.2,530.87,Second Class,3.0,3.8,False,GBP
ORD-101720,2024-05-17,CUST-00670,Consumer,East,Web,Furniture,Furnishings,7,421.72,0.0,2952.04,850.19,Standard,4.0,3.9,False,GBP
ORD-100339,2024-06-01,CUST-00466,,East,Marketplace,Furniture,Chairs,5,237.83,0.3,832.4,180.63,Standard,4.0,5.0,False,GBP
ORD-103984,2024-09-08,CUST-00776,Corporate,Central,Mobile App,Furniture,Bookcases,2,231.24,0.0,462.48,201.18,Standard,,3.2,False,GBP
ORD-104508,2025-10-03,CUST-00560,Corporate,Central,Web,Furniture,Chairs,3,270.57,0.15,689.95,37.95,Standard,5.0,3.8,False,GBP
ORD-103951,2025-08-01,CUST-01132,Consumer,South,Web,Office Supplies,Storage,4,21.75,0.3,60.9,6.46,Same Day,3.0,3.4,False,GBP
ORD-102227,2024-09-13,CUST-01298,Consumer,Central,Web,Office Supplies,Paper,6,68.5,0.0,411.0,99.05,Standard,7.0,3.5,False,GBP
ORD-100114,2025-11-05,CUST-00782,Consumer,East,Web,Furniture,Furnishings,7,203.43,0.1,1281.61,401.14,Standard,4.0,3.5,False,GBP
ORD-103909,2024-12-04,CUST-00936,Consumer,Central,Mobile App,Technology,Phones,3,1141.37,0.4,2054.47,14.38,Standard,7.0,3.5,False,GBP
ORD-100710,2025-06-18,CUST-01351,Home Office,East,Mobile App,Technology,Accessories,8,370.05,0.0,2960.4,1500.92,Second Class,5.0,3.5,False,GBP
ORD-102402,2024-01-29,CUST-01346,Home Office,West,Web,Office Supplies,Paper,5,60.81,0.15,258.44,54.01,First Class,2.0,4.1,False,GBP
ORD-102438,2024-09-20,CUST-01050,Consumer,West,Marketplace,Office Supplies,Art,4,55.64,0.0,222.56,80.79,First Class,3.0,2.9,False,GBP
ORD-103958,2025-02-08,CUST-00749,Consumer,West,Mobile App,Technology,Accessories,4,733.93,0.15,2495.36,371.81,Standard,5.0,4.5,False,GBP
ORD-103229,2024-10-15,CUST-01168,Corporate,North,Marketplace,Office Supplies,Paper,6,9.51,0.1,51.35,19.05,Same Day,2.0,3.8,False,GBP
ORD-101154,2024-02-18,CUST-00421,Corporate,North,Marketplace,Office Supplies,Art,1,34.87,0.3,24.41,4.03,Second Class,4.0,3.2,False,GBP
ORD-101768,2024-08-12,CUST-00789,Corporate,West,Web,Technology,Machines,1,477.39,0.1,429.65,106.98,Standard,4.0,2.9,False,GBP
ORD-104776,2024-04-02,CUST-00406,Consumer,Central,Marketplace,Office Supplies,Storage,7,32.57,0.1,205.19,79.82,Second Class,1.0,4.0,False,GBP
ORD-102326,2025-08-22,CUST-00082,Corporate,East,Mobile App,Office Supplies,Labels,7,17.41,0.15,103.59,28.8,Second Class,3.0,4.6,False,GBP
ORD-103343,2025-06-02,CUST-01118,Corporate,Central,Marketplace,Office Supplies,Labels,4,22.71,0.1,81.76,33.69,Second Class,4.0,4.8,False,GBP
ORD-101812,2025-08-05,CUST-01363,,North,Marketplace,Office Supplies,Paper,5,15.41,0.15,65.49,16.11,Second Class,2.0,3.6,True,GBP
ORD-103040,2025-12-10,CUST-01014,Consumer,Central,Marketplace,Office Supplies,Binders,5,24.74,0.1,111.33,26.72,Standard,8.0,3.2,False,GBP
ORD-102449,2025-01-16,CUST-00815,,South,Web,Technology,Phones,3,802.62,0.2,1926.29,535.51,Second Class,4.0,,False,GBP
ORD-102300,2024-08-06,CUST-00238,Consumer,North,Mobile App,Technology,Copiers,1,193.0,0.3,135.1,22.97,Standard,5.0,3.3,False,GBP
ORD-103084,2024-09-13,CUST-00666,Consumer,North,Mobile App,Office Supplies,Binders,6,29.23,0.4,105.23,19.57,Standard,6.0,3.9,False,GBP
ORD-101287,2024-07-10,CUST-00405,Consumer,Central,Web,Office Supplies,Binders,5,25.28,0.0,126.4,49.42,Standard,7.0,4.3,False,GBP
ORD-104547,2024-05-23,CUST-00541,Corporate,East,Web,Furniture,Tables,6,471.16,0.15,2402.92,689.64,Standard,3.0,4.9,False,GBP
ORD-101164,2024-06-25,CUST-01213,Consumer,North,Marketplace,Furniture,Furnishings,1,250.76,0.15,213.15,45.19,Standard,4.0,3.7,False,GBP
ORD-103030,2024-11-27,CUST-00036,Consumer,North,Marketplace,Office Supplies,Paper,3,23.74,0.3,49.85,10.52,Second Class,4.0,4.3,False,GBP
ORD-103156,2025-08-08,CUST-00117,Consumer,Central,Web,Office Supplies,Binders,1,24.72,0.0,24.72,8.31,Second Class,5.0,3.7,False,GBP
ORD-102537,2025-07-20,CUST-00345,Consumer,Central,Marketplace,Office Supplies,Paper,8,22.09,0.0,176.72,59.38,Standard,8.0,5.0,False,GBP
ORD-102321,2025-04-11,CUST-01218,Consumer,South,Marketplace,Office Supplies,Paper,6,24.05,0.0,144.3,43.43,Same Day,2.0,4.1,False,GBP
ORD-103036,2024-12-11,CUST-00024,Consumer,West,Mobile App,Office Supplies,Storage,1,29.16,0.0,29.16,10.29,Same Day,0.0,5.0,False,GBP
ORD-103908,2024-06-25,CUST-00198,Corporate,Central,Mobile App,Office Supplies,Binders,8,16.67,0.2,106.69,25.61,Same Day,1.0,3.5,False,GBP
ORD-100865,2025-11-26,CUST-00537,,West,Web,Furniture,Chairs,6,335.6,0.15,1711.56,362.85,Standard,6.0,3.2,False,GBP
ORD-101466,2025-07-12,CUST-00229,Consumer,North,Web,Furniture,Furnishings,8,101.79,0.2,651.46,164.17,Second Class,3.0,3.5,False,GBP
ORD-102090,2025-12-20,CUST-00001,,West,Marketplace,Office Supplies,Art,4,40.75,0.0,163.0,38.14,First Class,4.0,3.9,False,GBP
ORD-102458,2024-02-26,CUST-01300,Home Office,North,Mobile App,Technology,Phones,5,197.66,0.0,988.3,296.49,Standard,7.0,3.2,False,GBP
ORD-102513,2024-02-18,CUST-00249,Home Office,North,Mobile App,Office Supplies,Paper,4,28.88,0.4,69.31,5.34,Second Class,5.0,3.4,False,GBP
ORD-103313,2024-07-10,CUST-00250,Consumer,West,Marketplace,Furniture,Furnishings,1,207.69,0.4,124.61,13.83,First Class,1.0,,False,GBP
ORD-104637,2024-11-21,CUST-00194,Corporate,South,Marketplace,Office Supplies,Paper,4,28.8,0.4,69.12,1.38,Same Day,1.0,4.5,False,GBP
ORD-101174,2024-07-31,CUST-00474,Consumer,North,Web,Technology,Phones,5,485.46,0.0,2427.3,837.42,Standard,6.0,4.2,False,GBP
ORD-103782,2024-05-15,CUST-00342,Consumer,West,Mobile App,Furniture,Tables,2,388.84,0.0,777.68,152.43,Same Day,1.0,3.7,False,GBP
ORD-101435,2024-03-12,CUST-00811,Consumer,West,Mobile App,Technology,Phones,2,283.93,0.15,482.68,74.82,Standard,7.0,2.9,True,GBP
ORD-100902,2024-03-22,CUST-00850,Consumer,North,Mobile App,Technology,Machines,3,506.48,0.15,1291.52,257.01,Standard,6.0,4.2,False,GBP
ORD-101455,2025-05-06,CUST-01281,Corporate,West,Web,Office Supplies,Art,2,50.02,0.0,100.04,37.11,Second Class,3.0,4.4,False,GBP
ORD-102619,2024-06-07,CUST-00350,Home Office,South,Web,Furniture,Furnishings,3,502.01,0.0,1506.03,679.22,Standard,8.0,,True,GBP
ORD-100354,2025-12-21,CUST-01122,Consumer,North,Web,Furniture,Bookcases,6,235.09,0.4,846.32,60.09,Standard,5.0,4.5,False,GBP
ORD-103961,2025-03-25,CUST-00282,Home Office,South,Mobile App,Technology,Accessories,7,486.84,0.4,2044.73,157.44,First Class,3.0,4.0,False,GBP
ORD-104739,2024-06-11,CUST-00022,Consumer,West,Web,Furniture,Tables,6,47.53,0.2,228.14,33.54,Standard,6.0,3.5,False,GBP
ORD-103194,2024-11-19,CUST-00606,Home Office,Central,Mobile App,Office Supplies,Storage,1,14.02,0.2,11.22,2.46,Second Class,3.0,3.1,False,GBP
ORD-103714,2024-05-18,CUST-00743,Corporate,North,Web,Furniture,Chairs,3,167.99,0.0,503.97,196.55,Standard,5.0,5.0,False,GBP
ORD-100515,2025-11-20,CUST-01383,Consumer,South,Mobile App,Office Supplies,Paper,4,18.6,0.0,74.4,21.8,Standard,5.0,4.9,False,GBP
ORD-104678,2025-12-30,CUST-01226,Corporate,North,Web,Technology,Phones,2,179.09,0.4,214.91,54.16,Standard,4.0,3.2,False,GBP
ORD-102750,2024-07-22,CUST-00764,,North,Web,Technology,Machines,7,325.94,0.15,1939.34,682.65,Same Day,0.0,3.4,False,GBP
ORD-103284,2025-12-14,CUST-01236,,East,Marketplace,Office Supplies,Binders,4,12.01,0.1,43.24,10.42,First Class,5.0,4.8,False,GBP
ORD-103799,2025-09-21,CUST-00817,,South,Marketplace,Technology,Copiers,6,505.55,0.3,2123.31,237.81,First Class,3.0,3.8,False,GBP
ORD-100699,2024-03-25,CUST-00933,Corporate,Central,Web,Office Supplies,Binders,1,14.7,0.3,10.29,3.42,Standard,7.0,5.0,False,GBP
ORD-102297,2025-08-07,CUST-01356,Corporate,East,Web,Office Supplies,Storage,2,41.66,0.3,58.32,6.82,Second Class,2.0,3.2,False,GBP
ORD-102043,2025-07-02,CUST-00256,Consumer,Central,Web,Office Supplies,Storage,2,23.65,0.3,33.11,4.27,Second Class,5.0,,False,GBP
ORD-101374,2024-12-23,CUST-00449,Consumer,West,Web,Technology,Copiers,6,359.28,0.0,2155.68,804.07,Standard,6.0,3.5,False,GBP
ORD-103336,2024-10-22,CUST-01117,Consumer,West,Mobile App,Office Supplies,Binders,8,18.59,0.0,148.72,42.24,Standard,7.0,3.8,False,GBP
ORD-103661,2024-04-03,CUST-00240,Home Office,Central,Marketplace,Furniture,Bookcases,2,253.27,0.0,506.54,231.49,Second Class,5.0,2.6,True,GBP
ORD-101011,2024-08-26,CUST-00218,,West,Web,Furniture,Tables,3,347.8,0.0,1043.4,285.89,Standard,5.0,3.1,False,GBP
ORD-103677,2025-11-03,CUST-00719,Consumer,West,Web,Office Supplies,Storage,3,58.69,0.15,149.66,46.24,Standard,7.0,4.3,False,GBP
ORD-101185,2025-04-06,CUST-00667,Consumer,North,Web,Technology,Copiers,1,544.37,0.3,381.06,74.69,Standard,5.0,4.5,False,GBP
ORD-101300,2024-04-14,CUST-01134,Consumer,West,Web,Office Supplies,Binders,6,19.5,0.2,93.6,6.74,Standard,4.0,3.6,False,GBP
ORD-104683,2024-02-11,CUST-00414,Consumer,South,Web,Furniture,Furnishings,2,479.85,0.0,959.7,370.44,First Class,5.0,,False,GBP
ORD-103869,2024-12-03,CUST-00535,Consumer,South,Mobile App,Office Supplies,Paper,1,62.47,0.4,37.48,4.46,Standard,6.0,3.9,False,GBP
ORD-104148,2024-05-26,CUST-00512,Corporate,Central,Marketplace,Office Supplies,Labels,4,38.07,0.0,152.28,63.35,Standard,5.0,3.9,False,GBP
ORD-103858,2024-10-07,CUST-01295,Corporate,Central,Web,Furniture,Furnishings,8,258.16,0.2,1652.22,532.01,Standard,5.0,2.4,False,GBP
ORD-102159,2024-09-19,CUST-00263,Corporate,East,Marketplace,Office Supplies,Art,8,22.78,0.15,154.9,37.64,Same Day,0.0,3.1,False,GBP
ORD-103440,2025-07-10,CUST-00296,Consumer,North,Web,Office Supplies,Binders,1,52.78,0.0,52.78,17.58,Second Class,5.0,3.0,False,GBP
ORD-103469,2025-10-24,CUST-00980,Consumer,South,Mobile App,Office Supplies,Storage,6,20.6,0.1,111.24,21.36,Same Day,2.0,4.4,False,GBP
ORD-103901,2024-05-21,CUST-01362,Corporate,West,Marketplace,Technology,Copiers,6,685.13,0.2,3288.62,499.87,Standard,6.0,3.6,True,GBP
ORD-100148,2024-10-19,CUST-00386,Consumer,East,Web,Office Supplies,Paper,8,15.79,0.0,126.32,33.47,Standard,4.0,4.1,False,GBP
ORD-104453,2024-06-13,CUST-00051,Consumer,North,Mobile App,Office Supplies,Labels,2,28.03,0.15,47.65,14.01,Standard,5.0,3.6,False,GBP
ORD-104462,2024-04-23,CUST-00096,Consumer,Central,Mobile App,Office Supplies,Paper,3,73.71,0.0,221.13,71.2,Standard,6.0,3.5,False,GBP
ORD-104668,2024-04-07,CUST-00496,Consumer,Central,Web,Furniture,Furnishings,1,340.67,0.4,204.4,42.52,Second Class,5.0,3.8,False,GBP
ORD-100530,2024-04-14,CUST-00172,Home Office,East,Marketplace,Furniture,Bookcases,5,415.57,0.15,1766.17,418.58,First Class,3.0,,True,GBP
ORD-100986,2024-02-24,CUST-01398,Consumer,East,Mobile App,Office Supplies,Art,2,14.94,0.15,25.4,7.44,Standard,5.0,3.9,False,GBP
ORD-104215,2025-06-05,CUST-00630,Consumer,Central,Mobile App,Furniture,Tables,4,287.42,0.0,1149.68,428.83,Second Class,2.0,4.5,False,GBP
ORD-104277,2025-01-04,CUST-00147,Consumer,North,Phone,Furniture,Chairs,2,232.88,0.0,465.76,149.51,Second Class,2.0,,False,GBP
ORD-104302,2024-06-17,CUST-00878,Consumer,North,Marketplace,Furniture,Furnishings,8,166.7,0.0,1333.6,517.44,Standard,5.0,2.9,False,GBP
ORD-103979,2025-07-12,CUST-01338,Consumer,East,Web,Office Supplies,Binders,5,13.7,0.0,68.5,25.41,Standard,5.0,3.7,True,GBP
ORD-104386,2025-11-02,CUST-00366,Consumer,North,Marketplace,Furniture,Bookcases,6,221.32,0.0,1327.92,555.07,Standard,6.0,3.4,False,GBP
ORD-104721,2024-04-15,CUST-00291,Home Office,East,Marketplace,Furniture,Furnishings,8,350.61,0.4,1682.93,148.1,Second Class,3.0,2.9,False,GBP
ORD-104751,2024-03-05,CUST-00562,Corporate,North,Web,Technology,Phones,2,265.3,0.4,318.36,9.87,Standard,7.0,4.0,False,GBP
ORD-101941,2024-09-08,CUST-01305,,West,Marketplace,Technology,Phones,8,832.72,0.15,5662.5,968.29,Standard,6.0,3.6,False,GBP
ORD-104711,2024-05-14,CUST-00241,Corporate,South,Mobile App,Technology,Accessories,7,1196.69,0.4,5026.1,160.84,Standard,3.0,3.7,False,GBP
ORD-102416,2024-11-21,CUST-00736,Corporate,Central,Phone,Furniture,Furnishings,8,490.15,0.0,3921.2,1831.2,Standard,6.0,4.8,False,GBP
ORD-101292,2024-12-29,CUST-01141,Consumer,Central,Web,Office Supplies,Storage,1,88.61,0.0,88.61,35.18,First Class,1.0,3.0,False,GBP
ORD-100358,2024-10-12,CUST-00417,Consumer,West,Phone,Furniture,Chairs,5,177.99,0.0,889.95,308.81,Second Class,4.0,3.7,False,GBP
ORD-103763,2024-04-17,CUST-00543,Consumer,West,Marketplace,Furniture,Chairs,4,509.08,0.4,1221.79,105.07,Standard,5.0,4.4,False,GBP
ORD-102340,2025-09-26,CUST-00550,Consumer,North,Marketplace,Furniture,Tables,4,364.43,0.0,1457.72,639.94,Standard,4.0,3.4,False,GBP
ORD-103139,2024-05-21,CUST-00747,Consumer,East,Marketplace,Office Supplies,Labels,5,48.73,0.2,194.92,49.51,Standard,6.0,3.7,False,GBP
ORD-100033,2024-02-17,CUST-01169,Consumer,Central,Web,Furniture,Bookcases,5,155.15,0.15,659.39,130.56,Standard,6.0,5.0,True,GBP
ORD-100329,2024-07-16,CUST-00203,,South,Web,Furniture,Tables,3,487.4,0.0,1462.2,505.92,First Class,2.0,3.2,False,GBP
ORD-104945,2025-05-20,CUST-00308,Corporate,South,Mobile App,Office Supplies,Binders,4,35.9,0.0,143.6,53.42,Second Class,5.0,3.9,False,GBP
ORD-103987,2025-05-22,CUST-01174,Consumer,East,Mobile App,Office Supplies,Storage,1,17.62,0.0,17.62,6.03,Second Class,5.0,3.9,False,GBP
ORD-103926,2024-04-07,CUST-00786,,South,Web,Office Supplies,Storage,3,25.59,0.15,65.25,15.66,Second Class,5.0,4.3,False,GBP
ORD-103949,2024-05-08,CUST-00134,Consumer,West,Mobile App,Office Supplies,Paper,7,32.09,0.2,179.7,44.21,Standard,6.0,3.5,True,GBP
ORD-101536,2024-11-12,CUST-01330,Consumer,South,Web,Office Supplies,Storage,6,22.34,0.2,107.23,18.87,First Class,2.0,2.8,False,GBP
ORD-101887,2024-05-22,CUST-00698,Home Office,East,Web,Office Supplies,Art,4,21.58,0.0,86.32,32.54,Standard,7.0,5.0,False,GBP
ORD-103687,2024-09-07,CUST-00103,Corporate,South,Marketplace,Technology,Copiers,4,544.48,0.1,1960.13,452.79,Standard,6.0,4.2,False,GBP
ORD-101386,2024-01-30,CUST-00204,Corporate,North,Mobile App,Office Supplies,Labels,4,36.92,0.4,88.61,8.33,Standard,7.0,4.6,False,GBP
ORD-102156,2024-02-09,CUST-01079,,South,Marketplace,Technology,Phones,5,1444.0,0.0,7220.0,2707.5,Standard,7.0,3.9,False,GBP
ORD-102944,2024-02-27,CUST-01375,Corporate,Central,Mobile App,Office Supplies,Paper,6,22.93,0.0,137.58,43.06,Standard,6.0,4.2,True,GBP
ORD-104166,2024-10-26,CUST-01267,Consumer,South,Mobile App,Office Supplies,Storage,7,23.59,0.0,165.13,55.65,Second Class,6.0,3.5,False,GBP
ORD-100686,2025-01-24,CUST-00603,Corporate,Central,Web,Technology,Machines,2,675.03,0.0,1350.06,545.42,Standard,7.0,3.3,False,GBP
ORD-101261,2024-09-15,CUST-01247,Home Office,West,Web,Office Supplies,Paper,5,56.81,0.0,284.05,70.73,Standard,4.0,5.0,False,GBP
ORD-103937,2024-02-08,CUST-00123,Corporate,North,Phone,Technology,Machines,8,99.86,0.3,559.22,170.56,Standard,8.0,4.3,False,GBP
ORD-102805,2024-11-12,CUST-00121,Consumer,West,Web,Office Supplies,Labels,2,46.86,0.0,93.72,35.05,Second Class,4.0,4.2,False,GBP
ORD-101405,2025-05-31,CUST-00134,Consumer,East,Mobile App,Technology,Copiers,2,656.9,0.0,1313.8,436.18,Standard,6.0,3.3,False,GBP
ORD-100692,2024-03-16,CUST-00922,Consumer,South,Phone,Office Supplies,Labels,4,16.78,0.1,60.41,16.07,Standard,6.0,2.8,False,GBP
ORD-103081,2025-11-15,CUST-00100,Consumer,South,Web,Office Supplies,Paper,2,50.42,0.0,100.84,40.13,Standard,8.0,4.3,False,GBP
ORD-103633,2024-07-21,CUST-00707,Corporate,North,Web,Technology,Machines,5,396.02,0.0,1980.1,554.43,Second Class,2.0,4.2,False,GBP
ORD-103651,2025-07-05,CUST-00255,Consumer,East,Marketplace,Office Supplies,Labels,4,16.52,0.15,56.17,14.55,Standard,5.0,3.7,True,GBP
ORD-104750,2025-11-06,CUST-00740,Home Office,South,Phone,Office Supplies,Art,7,32.97,0.1,207.71,66.47,Standard,6.0,2.7,False,GBP
ORD-103723,2024-10-16,CUST-00693,Home Office,North,Marketplace,Office Supplies,Binders,3,9.45,0.4,17.01,1.02,Same Day,1.0,4.5,False,GBP
ORD-104834,2024-02-18,CUST-00452,Home Office,West,Mobile App,Furniture,Chairs,7,396.6,0.2,2220.96,435.31,Standard,4.0,3.9,False,GBP
ORD-101763,2024-02-23,CUST-00914,Consumer,North,Mobile App,Office Supplies,Binders,7,34.19,0.2,191.46,47.1,Standard,5.0,2.9,False,GBP
ORD-101987,2024-06-09,CUST-00450,Consumer,Central,Web,Furniture,Chairs,7,167.13,0.0,1169.91,403.62,Standard,3.0,3.7,False,GBP
ORD-100673,2024-12-13,CUST-01179,Consumer,East,Mobile App,Technology,Machines,1,501.16,0.4,300.7,27.36,Standard,6.0,2.8,False,GBP
ORD-100396,2024-10-18,CUST-01274,Consumer,Central,Web,Technology,Copiers,4,1413.1,0.3,3956.68,87.05,Standard,5.0,5.0,False,GBP
ORD-100752,2025-03-10,CUST-00488,Home Office,West,Web,Office Supplies,Paper,6,20.53,0.2,98.54,21.88,Standard,4.0,2.0,False,GBP
ORD-104194,2024-08-25,CUST-00568,Consumer,West,Mobile App,Furniture,Furnishings,7,239.51,0.2,1341.26,191.8,Standard,5.0,2.5,False,GBP
ORD-104820,2025-10-22,CUST-00409,,South,Mobile App,Office Supplies,Labels,5,39.18,0.0,195.9,67.98,Same Day,0.0,4.5,False,GBP
ORD-102834,2024-08-07,CUST-01029,Home Office,East,Marketplace,Technology,Machines,7,306.47,0.0,2145.29,772.3,Standard,7.0,3.6,False,GBP
ORD-103738,2025-07-09,CUST-00849,Consumer,North,Mobile App,Office Supplies,Storage,1,21.97,0.2,17.58,4.17,Standard,4.0,4.6,False,GBP
ORD-104863,2024-03-07,CUST-00874,,South,Web,Furniture,Bookcases,5,177.21,0.4,531.63,106.86,Standard,3.0,3.6,False,GBP
ORD-104064,2025-07-21,CUST-00643,Corporate,East,Web,Office Supplies,Paper,1,16.42,0.15,13.96,3.87,Standard,6.0,,False,GBP
ORD-100802,2024-06-25,CUST-00791,Corporate,East,Web,Technology,Accessories,2,301.37,0.2,482.19,139.84,Standard,6.0,4.3,True,GBP
ORD-100387,2024-01-28,CUST-00787,Consumer,Central,Mobile App,Technology,Machines,3,418.03,0.4,752.45,79.01,Standard,,3.5,False,GBP
ORD-103372,2024-10-18,CUST-00448,Corporate,Central,Mobile App,Office Supplies,Labels,3,46.09,0.1,124.44,38.83,Second Class,4.0,3.7,True,GBP
ORD-101006,2025-11-25,CUST-00611,Home Office,North,Web,Furniture,Bookcases,2,231.89,0.3,324.65,70.77,Standard,7.0,3.0,False,GBP
ORD-100807,2025-09-17,CUST-01376,Consumer,South,Web,Furniture,Bookcases,1,100.6,0.0,100.6,43.46,First Class,5.0,4.5,False,GBP
ORD-100652,2024-02-16,CUST-01029,Home Office,East,Web,Office Supplies,Storage,4,25.05,0.0,100.2,33.67,Standard,5.0,4.3,False,GBP
ORD-101670,2025-04-21,CUST-00737,Consumer,North,Mobile App,Office Supplies,Storage,3,61.7,0.1,166.59,46.48,Standard,7.0,,False,GBP
ORD-102045,2024-10-13,CUST-01103,Corporate,West,Phone,Furniture,Tables,2,266.24,0.2,425.98,107.77,Second Class,3.0,5.0,False,GBP
ORD-101893,2025-05-03,CUST-00272,Corporate,West,Web,Technology,Phones,2,241.2,0.3,337.68,52.0,Standard,6.0,3.1,False,GBP
ORD-103340,2025-06-12,CUST-00703,Home Office,North,Mobile App,Technology,Accessories,6,238.77,0.2,1146.1,142.12,Standard,5.0,,False,GBP
ORD-101152,2025-02-06,CUST-00826,Corporate,East,Mobile App,Office Supplies,Art,6,16.04,0.4,57.74,4.1,Second Class,5.0,3.2,False,GBP
ORD-102862,2024-09-19,CUST-01332,Consumer,North,Marketplace,Office Supplies,Paper,8,51.61,0.0,412.88,174.24,Second Class,2.0,5.0,False,GBP
ORD-103190,2025-11-18,CUST-01089,Consumer,South,Web,Office Supplies,Labels,8,16.67,0.15,113.36,34.01,First Class,7.0,3.7,False,GBP
ORD-102334,2025-08-19,CUST-01204,Consumer,South,Web,Technology,Machines,7,338.22,0.0,2367.54,821.54,Standard,6.0,3.0,False,GBP
ORD-103368,2025-08-24,CUST-00901,Consumer,Central,Web,Technology,Phones,1,444.78,0.4,266.87,24.55,Standard,5.0,4.0,False,GBP
ORD-102315,2024-12-25,CUST-00130,Home Office,West,Marketplace,Office Supplies,Paper,3,29.08,0.0,87.24,26.26,Standard,4.0,3.0,False,GBP
ORD-104646,2024-03-08,CUST-00920,Corporate,West,Web,Furniture,Tables,2,357.42,0.15,607.61,129.42,Standard,5.0,3.3,False,GBP
ORD-100951,2025-10-28,CUST-00172,Corporate,Central,Mobile App,Furniture,Tables,8,277.37,0.0,2218.96,838.77,Standard,8.0,3.2,False,GBP
ORD-102413,2025-05-05,CUST-01215,Consumer,West,Web,Technology,Machines,8,237.36,0.3,1329.22,175.46,Same Day,2.0,3.3,False,GBP
ORD-103534,2024-08-16,CUST-00680,Consumer,Central,Mobile App,Furniture,Tables,4,314.82,0.3,881.5,59.94,Same Day,,4.3,False,GBP
ORD-103612,2024-10-18,CUST-01047,Corporate,South,Phone,Technology,Accessories,1,368.0,0.15,312.8,68.19,Standard,6.0,4.1,False,GBP
ORD-101421,2025-02-23,CUST-01179,Home Office,West,Mobile App,Office Supplies,Labels,7,21.23,0.0,148.61,46.81,Same Day,0.0,5.0,False,GBP
ORD-100967,2024-04-11,CUST-00981,Consumer,East,Web,Office Supplies,Paper,4,32.48,0.0,129.92,44.04,Standard,3.0,4.2,False,GBP
ORD-102687,2025-01-23,CUST-00100,Home Office,West,Marketplace,Office Supplies,Art,7,21.6,0.15,128.52,45.75,Second Class,3.0,4.3,False,GBP
ORD-104723,2025-02-26,CUST-01002,Consumer,Central,Marketplace,Furniture,Chairs,8,393.51,0.1,2833.27,1070.98,Standard,3.0,,False,GBP
ORD-102589,2025-03-29,CUST-00783,Consumer,Central,Marketplace,Technology,Machines,6,151.6,0.15,773.16,221.9,First Class,4.0,4.3,False,GBP
ORD-102058,2024-11-07,CUST-00455,Home Office,South,Mobile App,Furniture,Bookcases,1,199.72,0.1,179.75,35.41,First Class,4.0,4.7,False,GBP
ORD-104088,2025-04-02,CUST-01067,Home Office,West,Marketplace,Office Supplies,Storage,4,18.53,0.0,74.12,26.16,Standard,7.0,2.2,False,GBP
ORD-104071,2024-10-25,CUST-00061,,North,Mobile App,Technology,Phones,6,247.45,0.0,1484.7,632.48,Second Class,6.0,3.7,False,GBP
ORD-100665,2024-05-21,CUST-00780,,West,Mobile App,Furniture,Chairs,5,256.25,0.2,1025.0,235.75,Standard,7.0,2.4,False,GBP
ORD-103001,2024-07-09,CUST-00163,,West,Phone,Technology,Accessories,7,476.08,0.15,2832.68,790.32,First Class,2.0,3.6,False,GBP
ORD-101357,2025-04-02,CUST-00115,Consumer,Central,Marketplace,Office Supplies,Labels,2,12.09,0.1,21.76,6.7,Standard,,3.6,False,GBP
ORD-101438,2025-03-13,CUST-01135,Consumer,South,Mobile App,Office Supplies,Binders,1,103.93,0.0,103.93,20.79,Same Day,2.0,4.0,False,GBP
ORD-103653,2025-02-15,CUST-00821,Home Office,Central,Mobile App,Office Supplies,Labels,5,20.39,0.0,101.95,26.2,First Class,2.0,3.7,False,GBP
ORD-102257,2025-10-19,CUST-00475,Corporate,Central,Mobile App,Office Supplies,Storage,6,42.49,0.0,254.94,100.19,Standard,6.0,4.0,False,GBP
ORD-103318,2024-07-14,CUST-01171,Consumer,East,Web,Office Supplies,Labels,8,39.03,0.0,312.24,70.57,Second Class,,3.7,False,GBP
ORD-103506,2025-02-15,CUST-00998,Corporate,East,Web,Technology,Copiers,6,273.29,0.2,1311.79,276.79,Second Class,2.0,4.2,False,GBP
ORD-102858,2024-11-16,CUST-00643,,West,Mobile App,Furniture,Chairs,2,557.46,0.0,1114.92,401.37,Same Day,0.0,4.7,False,GBP
ORD-103713,2025-01-08,CUST-00360,Consumer,East,Web,Office Supplies,Binders,6,12.54,0.1,67.72,22.42,Standard,4.0,4.3,True,GBP
ORD-100202,2024-05-14,CUST-00993,Consumer,Central,Web,Office Supplies,Storage,3,20.22,0.0,60.66,13.1,Second Class,3.0,2.4,False,GBP
ORD-102048,2024-05-15,CUST-00894,Consumer,Central,Marketplace,Technology,Copiers,8,486.16,0.4,2333.57,508.72,Second Class,5.0,4.2,False,GBP
ORD-104232,2025-01-09,CUST-01312,Consumer,East,Mobile App,Furniture,Chairs,5,279.87,0.1,1259.42,303.52,Standard,5.0,4.9,False,GBP
ORD-102611,2025-07-13,CUST-01366,Corporate,Central,Web,Office Supplies,Art,1,19.93,0.0,19.93,7.04,First Class,0.0,4.5,False,GBP
ORD-101866,2025-05-20,CUST-00554,,South,Marketplace,Office Supplies,Paper,4,23.38,0.1,84.17,25.67,First Class,3.0,3.2,False,GBP
ORD-104977,2024-08-11,CUST-00253,Consumer,North,Web,Technology,Machines,1,253.97,0.0,253.97,87.87,Standard,4.0,4.6,False,GBP
ORD-100758,2025-04-05,CUST-00323,,East,Web,Furniture,Tables,5,54.44,0.0,272.2,106.7,Second Class,5.0,3.3,False,GBP
ORD-100014,2025-05-04,CUST-01300,Consumer,North,Web,Office Supplies,Binders,5,8.62,0.4,25.86,2.3,Standard,8.0,4.0,False,GBP
ORD-103312,2025-04-24,CUST-01358,Corporate,West,Web,Office Supplies,Paper,7,12.88,0.0,90.16,26.87,First Class,2.0,5.0,False,GBP
ORD-100813,2025-08-15,CUST-00846,Home Office,Central,Mobile App,Office Supplies,Paper,1,65.96,0.4,39.58,0.83,First Class,2.0,3.1,False,GBP
ORD-103119,2025-05-23,CUST-00539,Corporate,West,Web,Office Supplies,Paper,4,54.94,0.0,219.76,91.64,Second Class,4.0,2.9,False,GBP
ORD-103331,2024-03-27,CUST-00384,Home Office,East,Web,Technology,Machines,5,294.41,0.2,1177.64,229.64,Second Class,3.0,4.8,False,GBP
ORD-102242,2024-05-12,CUST-01193,Consumer,South,Mobile App,Office Supplies,Binders,7,60.61,0.2,339.42,67.21,Standard,5.0,3.5,False,GBP
ORD-100910,2024-05-23,CUST-00125,Corporate,West,Marketplace,Office Supplies,Paper,2,30.99,0.2,49.58,11.35,Same Day,,3.6,False,GBP
ORD-102730,2025-07-22,CUST-00372,Consumer,Central,Web,Furniture,Bookcases,4,154.99,0.0,619.96,199.63,First Class,4.0,4.3,True,GBP
ORD-103530,2025-03-13,CUST-00448,Home Office,North,Mobile App,Furniture,Tables,6,45.52,0.15,232.15,55.72,Standard,6.0,4.8,False,GBP
ORD-103132,2024-12-02,CUST-00354,Home Office,East,Web,Office Supplies,Paper,3,37.06,0.3,77.83,6.54,First Class,3.0,5.0,False,GBP
ORD-102629,2025-04-07,CUST-01074,Home Office,East,Web,Furniture,Furnishings,3,302.38,0.0,907.14,366.48,Standard,7.0,5.0,False,GBP
ORD-104733,2024-01-14,CUST-00295,Home Office,North,Marketplace,Technology,Machines,3,242.65,0.2,582.36,83.28,Standard,8.0,2.7,False,GBP
ORD-104137,2025-10-26,CUST-00962,Corporate,North,Web,Technology,Accessories,4,276.02,0.3,772.86,138.34,Second Class,4.0,3.2,False,GBP
ORD-104342,2024-06-18,CUST-00432,Corporate,Central,Marketplace,Technology,Accessories,7,153.29,0.0,1073.03,330.49,Standard,5.0,3.8,False,GBP
ORD-103944,2024-11-11,CUST-00290,Corporate,South,Marketplace,Office Supplies,Storage,8,53.69,0.0,429.52,164.94,Standard,5.0,4.5,False,GBP
ORD-101859,2024-05-21,CUST-00798,Home Office,East,Web,Technology,Accessories,4,349.28,0.3,977.98,212.22,Second Class,2.0,4.5,False,GBP
ORD-101882,2024-07-21,CUST-00456,Corporate,Central,Marketplace,Furniture,Chairs,6,218.76,0.0,1312.56,452.83,Second Class,3.0,3.4,False,GBP
ORD-104509,2024-06-08,CUST-00612,Consumer,South,Web,Office Supplies,Storage,7,19.96,0.0,139.72,49.18,Standard,6.0,4.1,False,GBP
ORD-103879,2024-11-27,CUST-01172,Home Office,South,Web,Office Supplies,Art,7,27.52,0.1,173.38,53.05,Second Class,3.0,4.2,False,GBP
ORD-104525,2025-10-11,CUST-00614,Corporate,North,Mobile App,Furniture,Furnishings,8,506.78,0.4,2432.54,235.96,Standard,6.0,4.7,False,GBP
ORD-102759,2025-11-14,CUST-00200,Corporate,Central,Web,Office Supplies,Labels,2,21.7,0.3,30.38,5.32,Standard,6.0,4.3,False,GBP
ORD-104968,2024-07-24,CUST-01096,Home Office,West,Web,Office Supplies,Binders,6,23.75,0.0,142.5,53.3,Standard,4.0,3.5,False,GBP
ORD-103291,2025-09-12,CUST-00708,Consumer,North,Phone,Technology,Copiers,6,521.22,0.4,1876.39,144.48,Standard,7.0,4.5,False,GBP
ORD-104224,2025-06-18,CUST-00775,Consumer,South,Marketplace,Furniture,Furnishings,5,91.92,0.0,459.6,156.26,Standard,8.0,5.0,False,GBP
ORD-103188,2024-07-19,CUST-00899,Consumer,West,Phone,Office Supplies,Paper,8,14.72,0.0,117.76,35.09,Standard,4.0,5.0,False,GBP
ORD-100008,2024-12-22,CUST-00684,,North,Web,Technology,Machines,7,198.38,0.3,972.06,202.19,Standard,7.0,,False,GBP
ORD-102966,2024-05-02,CUST-01298,Consumer,West,Web,Office Supplies,Art,1,37.9,0.4,22.74,1.73,First Class,5.0,3.4,True,GBP
ORD-100310,2024-07-08,CUST-00367,Consumer,Central,Mobile App,Office Supplies,Binders,5,10.65,0.2,42.6,7.24,Second Class,6.0,3.6,False,GBP
ORD-104157,2024-02-01,CUST-00792,Home Office,Central,Mobile App,Technology,Machines,7,576.36,0.0,4034.52,1053.01,Standard,7.0,3.8,False,GBP
ORD-104053,2024-10-25,CUST-00179,Consumer,East,Web,Technology,Machines,1,807.49,0.0,807.49,198.64,First Class,2.0,5.0,False,GBP
ORD-102357,2025-09-23,CUST-01156,Consumer,East,Mobile App,Technology,Machines,7,208.47,0.1,1313.36,434.72,Same Day,0.0,3.2,False,GBP
ORD-100861,2024-06-20,CUST-00092,Consumer,West,Mobile App,Office Supplies,Labels,1,9.06,0.4,5.44,1.13,First Class,4.0,4.5,False,GBP
ORD-102803,2025-02-05,CUST-00278,Corporate,Central,Web,Furniture,Bookcases,3,406.09,0.4,730.96,25.58,Standard,5.0,2.9,False,GBP
ORD-100990,2024-09-18,CUST-00411,,West,Mobile App,Office Supplies,Labels,3,18.07,0.2,43.37,17.09,Standard,6.0,4.2,False,GBP
ORD-104117,2025-08-19,CUST-01393,Consumer,West,Web,Furniture,Furnishings,1,491.96,0.3,344.37,44.42,Second Class,3.0,5.0,False,GBP
ORD-100037,2024-04-02,CUST-00903,Home Office,West,Web,Furniture,Tables,1,893.04,0.0,893.04,281.31,Standard,8.0,4.0,False,GBP
ORD-104824,2025-11-26,CUST-00422,Consumer,Central,Phone,Technology,Machines,3,569.51,0.4,1025.12,247.05,Second Class,3.0,5.0,False,GBP
ORD-103842,2024-12-11,CUST-00514,Consumer,North,Web,Office Supplies,Paper,4,21.53,0.0,86.12,25.49,Standard,6.0,3.2,False,GBP
ORD-100006,2024-03-13,CUST-00530,Consumer,North,Web,Furniture,Tables,7,284.51,0.2,1593.26,278.82,First Class,,4.9,True,GBP
ORD-102863,2025-11-12,CUST-01058,Consumer,East,Mobile App,Office Supplies,Storage,1,39.1,0.15,33.24,13.4,Standard,5.0,3.0,False,GBP
ORD-103690,2024-06-12,CUST-00820,Consumer,East,Marketplace,Technology,Copiers,2,382.37,0.0,764.74,385.43,Second Class,5.0,3.9,False,GBP
ORD-103159,2024-08-16,CUST-00722,Corporate,West,Mobile App,Office Supplies,Binders,2,84.11,0.2,134.58,41.85,Standard,5.0,,False,GBP
ORD-100176,2024-03-31,CUST-00882,Consumer,South,Mobile App,Technology,Machines,6,175.63,0.0,1053.78,533.21,Standard,6.0,2.7,False,GBP
ORD-102137,2024-06-04,CUST-00261,Corporate,East,Mobile App,Furniture,Bookcases,4,1042.71,0.4,2502.5,322.82,Second Class,3.0,4.7,False,GBP
ORD-102044,2024-12-04,CUST-01282,,East,Web,Office Supplies,Binders,6,98.63,0.1,532.6,172.03,Standard,5.0,3.2,False,GBP
ORD-101820,2024-07-30,CUST-00360,Corporate,North,Web,Technology,Accessories,5,154.72,0.0,773.6,293.97,Standard,5.0,2.9,False,GBP
ORD-101338,2024-12-27,CUST-01046,Home Office,South,Marketplace,Office Supplies,Labels,3,43.66,0.0,130.98,27.51,Second Class,5.0,3.6,False,GBP
ORD-103094,2024-04-10,CUST-00815,,South,Web,Office Supplies,Labels,3,30.85,0.4,55.53,9.88,First Class,0.0,5.0,True,GBP
ORD-102954,2025-10-25,CUST-00927,Corporate,Central,Web,Office Supplies,Storage,4,44.14,0.15,150.08,42.92,Standard,6.0,4.4,False,GBP
ORD-103285,2025-10-05,CUST-00905,Corporate,East,Web,Furniture,Furnishings,1,469.67,0.15,399.22,87.43,Second Class,4.0,1.9,False,GBP
ORD-102917,2025-10-05,CUST-00695,,West,Mobile App,Technology,Machines,6,696.97,0.2,3345.46,715.93,Second Class,3.0,4.4,False,GBP
ORD-102543,2024-01-22,CUST-00488,Consumer,West,Phone,Furniture,Bookcases,8,556.07,0.4,2669.14,557.85,Same Day,2.0,4.7,False,GBP
ORD-101442,2025-05-30,CUST-01120,Corporate,East,Mobile App,Technology,Copiers,2,787.45,0.0,1574.9,636.26,Second Class,2.0,3.4,False,GBP
ORD-100404,2025-01-15,CUST-00138,Home Office,West,Web,Furniture,Chairs,5,425.43,0.0,2127.15,546.68,Second Class,5.0,5.0,False,GBP
ORD-104639,2025-04-26,CUST-00699,Home Office,South,Marketplace,Technology,Accessories,8,336.45,0.15,2287.86,727.54,Standard,6.0,4.2,False,GBP
ORD-102625,2024-12-02,CUST-01147,Consumer,East,Web,Office Supplies,Art,4,19.64,0.3,54.99,10.06,Standard,5.0,2.2,False,GBP
ORD-102262,2025-12-21,CUST-00058,Consumer,North,Web,Office Supplies,Storage,4,14.59,0.0,2334.4,21.18,Standard,6.0,2.8,False,GBP
ORD-102076,2024-05-30,CUST-00274,Consumer,South,Web,Office Supplies,Storage,7,27.97,0.0,195.79,56.97,Standard,5.0,4.2,False,GBP
ORD-101488,2025-05-19,CUST-00396,Corporate,East,Marketplace,Technology,Copiers,1,1128.68,0.4,677.21,51.47,Second Class,5.0,,False,GBP
ORD-101892,2025-09-14,CUST-01133,Corporate,South,Web,Office Supplies,Paper,8,31.81,0.1,229.03,49.24,Standard,4.0,4.3,False,GBP
ORD-103636,2024-11-13,CUST-00810,,Central,Web,Office Supplies,Labels,7,45.18,0.0,316.26,80.01,Standard,8.0,4.0,False,GBP
ORD-102193,2025-12-01,CUST-00167,Corporate,South,Web,Technology,Accessories,3,210.68,0.3,442.43,56.63,Standard,6.0,3.1,False,GBP
ORD-103597,2025-10-26,CUST-00303,Corporate,East,Mobile App,Office Supplies,Labels,4,14.46,0.0,57.84,17.93,First Class,2.0,3.3,False,GBP
ORD-101419,2024-01-07,CUST-01002,Consumer,South,Web,Office Supplies,Binders,3,33.37,0.15,85.09,22.55,Second Class,1.0,2.7,False,GBP
ORD-103647,2024-08-17,CUST-01049,,West,Marketplace,Office Supplies,Binders,4,19.74,0.15,67.12,24.16,Second Class,3.0,3.6,False,GBP
ORD-104045,2024-10-06,CUST-00001,Consumer,East,Mobile App,Office Supplies,Storage,7,20.78,0.4,87.28,16.85,Second Class,5.0,4.6,False,GBP
ORD-102368,2024-05-18,CUST-01327,Consumer,North,Web,Technology,Machines,8,294.71,0.15,2004.03,486.98,Standard,4.0,3.7,False,GBP
ORD-102029,2025-10-12,CUST-00813,Corporate,West,Mobile App,Furniture,Furnishings,3,152.95,0.0,458.85,130.77,Standard,7.0,1.5,False,GBP
ORD-100194,2025-01-12,CUST-00945,Corporate,Central,Mobile App,Furniture,Chairs,8,112.31,0.0,898.48,351.31,Standard,4.0,,True,GBP
ORD-102549,2024-08-03,CUST-01070,Consumer,North,Web,Furniture,Chairs,8,210.91,0.0,1687.28,408.32,Second Class,2.0,3.7,False,GBP
ORD-101035,2024-06-30,CUST-01019,Corporate,North,Phone,Technology,Accessories,4,218.47,0.0,873.88,208.86,Second Class,5.0,3.0,False,GBP
ORD-104333,2025-01-28,CUST-00595,,North,Mobile App,Office Supplies,Binders,1,25.21,0.3,17.65,4.02,First Class,2.0,3.4,False,GBP
ORD-103038,2025-08-03,CUST-01177,Corporate,Central,Web,Technology,Copiers,7,265.05,0.0,1855.35,487.96,Standard,10.0,3.8,False,GBP
ORD-104296,2025-11-12,CUST-00272,Consumer,East,Web,Furniture,Tables,6,689.23,0.3,2894.77,529.74,Standard,6.0,4.2,False,GBP
ORD-101850,2024-03-14,CUST-00309,Consumer,Central,Web,Office Supplies,Labels,2,41.7,0.2,66.72,7.47,Standard,8.0,4.7,False,GBP
ORD-104247,2024-03-12,CUST-00240,Corporate,North,Mobile App,Office Supplies,Paper,5,60.47,0.0,302.35,110.36,Standard,4.0,2.3,False,GBP
ORD-104552,2025-10-24,CUST-00577,Consumer,East,Web,Office Supplies,Art,5,20.51,0.3,71.78,1.29,First Class,3.0,4.0,False,GBP
ORD-101704,2024-02-08,CUST-01041,,South,Marketplace,Furniture,Bookcases,2,205.21,0.0,410.42,158.42,Standard,8.0,3.5,False,GBP
ORD-101688,2025-03-22,CUST-01007,Corporate,North,Web,Office Supplies,Binders,3,35.02,0.3,73.54,16.62,Second Class,5.0,4.0,False,GBP
ORD-102131,2024-05-20,CUST-01265,Home Office,South,Web,Furniture,Furnishings,1,171.53,0.0,171.53,42.54,Same Day,0.0,3.7,False,GBP
ORD-104654,2025-12-25,CUST-00516,Corporate,South,Web,Furniture,Tables,8,269.35,0.15,1831.58,522.0,First Class,4.0,,False,GBP
ORD-104557,2025-09-22,CUST-01222,Home Office,Central,Mobile App,Office Supplies,Storage,1,35.2,0.0,35.2,11.72,Standard,7.0,4.5,False,GBP
ORD-100065,2025-09-29,CUST-00556,Consumer,West,Mobile App,Furniture,Bookcases,5,192.82,0.1,867.69,211.72,Standard,7.0,1.4,False,GBP
ORD-101689,2025-05-01,CUST-01294,Consumer,Central,Web,Technology,Phones,1,191.66,0.3,134.16,39.71,First Class,1.0,,False,GBP
ORD-104779,2025-04-10,CUST-01207,Consumer,East,Marketplace,Furniture,Furnishings,5,272.18,0.0,1360.9,389.22,Standard,7.0,4.0,False,GBP
ORD-103337,2025-02-17,CUST-00042,Consumer,East,Mobile App,Office Supplies,Paper,3,31.44,0.0,94.32,27.82,Standard,5.0,3.2,False,GBP
ORD-103007,2025-10-11,CUST-00021,Corporate,West,Web,Office Supplies,Binders,4,13.75,0.0,55.0,18.97,Standard,4.0,3.9,False,GBP
ORD-100232,2025-10-16,CUST-00765,Consumer,West,Web,Technology,Phones,3,317.21,0.2,761.3,132.47,Standard,7.0,4.7,True,GBP
ORD-101095,2025-02-07,CUST-00667,Consumer,Central,Mobile App,Office Supplies,Binders,7,31.16,0.0,218.12,66.53,Same Day,1.0,3.9,False,GBP
ORD-100287,2024-01-23,CUST-00421,Consumer,East,Mobile App,Office Supplies,Paper,7,13.49,0.0,94.43,39.66,Standard,9.0,2.2,False,GBP
ORD-103160,2025-08-12,CUST-00495,,East,Web,Technology,Copiers,7,598.55,0.4,2513.91,495.24,Same Day,2.0,4.7,False,GBP
ORD-103096,2024-07-06,CUST-00385,Corporate,East,Mobile App,Office Supplies,Storage,7,32.39,0.0,226.73,101.58,Second Class,5.0,3.8,False,GBP
ORD-102198,2024-06-30,CUST-00994,Corporate,Central,Mobile App,Furniture,Chairs,4,156.66,0.1,563.98,145.51,Standard,8.0,3.6,False,GBP
ORD-100528,2024-08-27,CUST-01098,,North,Mobile App,Furniture,Furnishings,8,345.61,0.0,2764.88,832.23,Second Class,5.0,3.4,False,GBP
ORD-100836,2024-03-26,CUST-00939,Corporate,Central,Marketplace,Office Supplies,Art,4,28.26,0.0,113.04,46.12,Standard,4.0,3.8,False,GBP
ORD-100792,2025-03-02,CUST-00953,Consumer,North,Web,Technology,Accessories,4,503.14,0.4,1207.54,102.64,Standard,7.0,4.7,False,GBP
ORD-102833,2024-10-30,CUST-01078,Corporate,South,Mobile App,Technology,Phones,4,155.68,0.4,373.63,76.59,Standard,8.0,3.1,False,GBP
ORD-103400,2024-08-01,CUST-00037,Corporate,North,Mobile App,Technology,Machines,3,96.61,0.0,289.83,135.93,Second Class,6.0,4.1,False,GBP
ORD-104742,2024-10-25,CUST-00164,Corporate,East,Phone,Furniture,Chairs,4,301.82,0.0,1207.28,351.32,Same Day,2.0,5.0,False,GBP
ORD-101732,2024-01-04,CUST-01053,Consumer,East,Mobile App,Technology,Copiers,6,443.46,0.1,2394.68,689.67,Second Class,3.0,,False,GBP
ORD-102006,2025-11-06,CUST-01128,Home Office,Central,Mobile App,Office Supplies,Binders,7,24.37,0.1,153.53,35.62,First Class,4.0,4.8,False,GBP
ORD-101666,2024-11-03,CUST-00178,Consumer,West,Web,Furniture,Furnishings,5,300.46,0.0,1502.3,686.55,Standard,5.0,4.3,False,GBP
ORD-100237,2025-07-28,CUST-00111,Corporate,South,Marketplace,Furniture,Tables,5,320.71,0.0,1603.55,614.16,Standard,6.0,4.1,False,GBP
ORD-103098,2024-03-17,CUST-00692,,East,Mobile App,Furniture,Tables,7,322.86,0.0,2260.02,551.44,Standard,6.0,5.0,False,GBP
ORD-101586,2025-12-01,CUST-00890,Consumer,East,Marketplace,Technology,Accessories,5,402.86,0.0,2014.3,483.43,Second Class,5.0,3.3,False,GBP
ORD-101437,2025-09-04,CUST-00727,Corporate,South,Marketplace,Office Supplies,Art,6,82.69,0.3,347.3,75.02,Standard,8.0,3.4,False,GBP
ORD-103166,2024-04-17,CUST-00038,Corporate,West,Mobile App,Technology,Machines,6,392.72,0.3,1649.42,397.51,Standard,8.0,4.2,False,GBP
ORD-103969,2025-08-11,CUST-00447,Corporate,North,Mobile App,Technology,Copiers,1,223.84,0.3,156.69,42.62,Standard,6.0,4.2,False,GBP
ORD-101751,2025-07-14,CUST-00936,Consumer,Central,Mobile App,Technology,Accessories,8,158.42,0.4,760.42,38.78,Standard,6.0,4.0,False,GBP
ORD-102336,2024-04-21,CUST-00166,Consumer,Central,Web,Office Supplies,Labels,5,21.18,0.0,105.9,39.82,Standard,7.0,4.5,False,GBP
ORD-103389,2024-02-13,CUST-01320,Consumer,West,Mobile App,Furniture,Furnishings,7,335.02,0.0,2345.14,757.48,Standard,8.0,4.3,False,GBP
ORD-102976,2024-05-13,CUST-00388,Consumer,North,Web,Furniture,Chairs,5,314.38,0.0,1571.9,658.63,Standard,8.0,2.9,True,GBP
ORD-100113,2025-01-22,CUST-00656,Corporate,North,Web,Technology,Accessories,2,412.27,0.3,577.18,122.36,Standard,5.0,2.9,False,GBP
ORD-103890,2024-05-24,CUST-00015,Consumer,North,Web,Furniture,Chairs,5,709.65,0.15,3016.01,624.31,Standard,5.0,4.3,False,GBP
ORD-103927,2024-11-24,CUST-00411,Consumer,Central,Web,Office Supplies,Art,8,93.31,0.2,597.18,83.61,Same Day,2.0,3.8,False,GBP
ORD-103710,2025-12-04,CUST-00566,Consumer,South,Mobile App,Technology,Copiers,1,479.24,0.2,383.39,119.62,Second Class,2.0,3.5,False,GBP
ORD-101767,2024-10-19,CUST-00060,Home Office,East,Web,Office Supplies,Storage,5,16.69,0.0,83.45,12.02,Second Class,6.0,3.5,False,GBP
ORD-101403,2025-01-15,CUST-01373,Consumer,North,Mobile App,Technology,Copiers,1,347.64,0.0,347.64,123.06,Standard,5.0,4.8,True,GBP
ORD-103392,2025-12-21,CUST-01320,Home Office,East,Web,Technology,Accessories,3,306.11,0.3,642.83,118.28,Standard,6.0,4.6,False,GBP
ORD-103148,2025-08-13,CUST-00374,Corporate,North,Web,Office Supplies,Storage,2,38.66,0.15,65.72,24.64,Standard,7.0,3.5,False,GBP
ORD-100256,2025-06-14,CUST-01360,,West,Web,Furniture,Chairs,3,517.31,0.1,1396.74,486.07,Second Class,4.0,5.0,False,GBP
ORD-101502,2024-01-28,CUST-00805,Home Office,East,Marketplace,Furniture,Chairs,8,337.47,0.0,2699.76,766.73,Standard,7.0,2.7,False,GBP
ORD-103272,2025-11-25,CUST-01287,,North,Marketplace,Technology,Copiers,5,625.14,0.0,3125.7,968.97,Standard,3.0,3.7,False,GBP
ORD-104217,2025-09-09,CUST-00252,Consumer,West,Web,Office Supplies,Art,4,24.62,0.15,83.71,22.52,First Class,0.0,,False,GBP
ORD-100833,2024-10-05,CUST-00147,,West,Marketplace,Office Supplies,Labels,8,15.92,0.3,89.15,20.95,First Class,,4.5,False,GBP
ORD-100751,2024-03-29,CUST-01285,,North,Mobile App,Office Supplies,Storage,8,31.16,0.15,211.89,63.14,Standard,6.0,4.1,False,GBP
ORD-101329,2025-05-20,CUST-00441,Consumer,North,Web,Furniture,Bookcases,3,666.26,0.0,1998.78,665.59,Second Class,4.0,4.2,False,GBP
ORD-103507,2025-09-13,CUST-00894,Corporate,West,Web,Furniture,Chairs,6,200.3,0.3,841.26,178.35,Standard,5.0,3.6,False,GBP
ORD-104929,2025-04-24,CUST-01145,Corporate,South,Mobile App,Office Supplies,Storage,6,17.83,0.1,96.28,37.93,Standard,6.0,4.0,False,GBP
ORD-104055,2024-05-10,CUST-00075,Consumer,North,Web,Furniture,Tables,7,128.19,0.1,807.6,256.01,Standard,9.0,4.2,True,GBP
ORD-103917,2024-09-15,CUST-00832,Home Office,East,Mobile App,Office Supplies,Labels,4,35.24,0.0,140.96,43.84,Second Class,2.0,3.1,False,GBP
ORD-100615,2025-10-20,CUST-00395,Corporate,West,Marketplace,Technology,Accessories,5,435.29,0.2,1741.16,468.37,Standard,,3.6,False,GBP
ORD-102103,2025-02-07,CUST-00322,Home Office,South,Mobile App,Office Supplies,Labels,4,82.52,0.3,231.06,0.92,Standard,7.0,,False,GBP
ORD-104643,2024-10-28,CUST-00060,Consumer,Central,Web,Office Supplies,Binders,7,52.31,0.0,366.17,86.42,Standard,5.0,4.0,False,GBP
ORD-101388,2025-03-31,CUST-00922,Home Office,Central,Mobile App,Office Supplies,Binders,7,26.99,0.0,188.93,68.01,Second Class,5.0,4.5,True,GBP
ORD-101636,2024-05-29,CUST-00953,Corporate,West,Mobile App,Office Supplies,Storage,8,24.23,0.0,193.84,75.02,Second Class,1.0,4.1,False,GBP
ORD-103977,2024-08-24,CUST-00808,,South,Mobile App,Office Supplies,Paper,8,11.85,0.3,66.36,2.99,Standard,,3.8,False,GBP
ORD-103456,2024-01-11,CUST-00449,,West,Web,Technology,Phones,4,381.06,0.15,1295.6,310.94,Same Day,2.0,,False,GBP
ORD-104845,2024-11-12,CUST-00073,Home Office,Central,Marketplace,Technology,Phones,2,494.86,0.3,692.8,81.75,Second Class,0.0,3.5,True,GBP
ORD-101868,2025-11-06,CUST-00358,Home Office,Central,Web,Office Supplies,Storage,4,73.54,0.0,294.16,103.84,Same Day,2.0,3.3,False,GBP
ORD-102878,2025-05-10,CUST-00987,Home Office,South,Mobile App,Office Supplies,Binders,8,63.84,0.0,510.72,171.09,First Class,3.0,4.2,False,GBP
ORD-100066,2024-12-10,CUST-00515,Home Office,East,Web,Office Supplies,Binders,8,32.42,0.2,207.49,60.38,Same Day,0.0,5.0,False,GBP
ORD-102551,2025-02-16,CUST-00749,,North,Marketplace,Office Supplies,Labels,1,25.22,0.3,17.65,3.35,Second Class,3.0,4.2,False,GBP
ORD-101727,2024-04-25,CUST-00621,Consumer,East,Marketplace,Furniture,Furnishings,5,277.93,0.0,1389.65,521.12,Standard,6.0,3.2,False,GBP
ORD-103202,2025-10-08,CUST-00774,Consumer,East,Web,Office Supplies,Art,5,51.65,0.15,219.51,66.29,Same Day,1.0,4.3,False,GBP
ORD-102743,2024-09-05,CUST-01050,,East,Web,Office Supplies,Paper,5,105.8,0.4,317.4,86.33,First Class,2.0,4.5,False,GBP
ORD-104577,2025-10-14,CUST-00958,Consumer,East,Mobile App,Office Supplies,Art,3,46.49,0.1,125.52,45.56,Standard,6.0,3.3,True,GBP
ORD-103427,2024-08-10,CUST-00086,Consumer,North,Web,Technology,Phones,8,320.76,0.4,1539.65,249.42,Standard,5.0,4.6,False,GBP
ORD-103762,2024-11-19,CUST-01222,Consumer,South,Web,Furniture,Tables,7,504.16,0.0,3529.12,1157.55,Second Class,4.0,3.3,False,GBP
ORD-104558,2025-04-20,CUST-01323,Corporate,North,Mobile App,Office Supplies,Labels,8,27.47,0.4,131.86,23.73,First Class,2.0,3.5,False,GBP
ORD-103970,2025-04-14,CUST-00459,,North,Web,Technology,Copiers,6,229.1,0.4,824.76,107.22,Second Class,5.0,3.1,False,GBP
ORD-101467,2024-10-24,CUST-00478,Consumer,Central,Marketplace,Furniture,Chairs,5,235.03,0.4,705.09,7.76,Standard,6.0,3.7,False,GBP
ORD-104588,2025-11-30,CUST-00108,Consumer,North,Web,Office Supplies,Paper,4,18.5,0.0,74.0,22.05,Standard,6.0,4.6,False,GBP
ORD-103120,2025-01-14,CUST-00513,Corporate,East,Phone,Office Supplies,Paper,1,18.68,0.4,11.21,1.3,Standard,8.0,3.7,False,GBP
ORD-103302,2025-04-23,CUST-01190,Corporate,Central,Mobile App,Furniture,Chairs,8,542.65,0.3,3038.84,796.18,Standard,5.0,2.6,False,GBP
ORD-100601,2025-12-16,CUST-00255,Home Office,Central,Phone,Technology,Phones,4,255.65,0.3,715.82,147.46,First Class,4.0,3.9,False,GBP
ORD-102041,2024-11-16,CUST-00221,Consumer,West,Web,Technology,Phones,5,459.78,0.2,1839.12,196.79,Second Class,4.0,3.8,False,GBP
ORD-103405,2025-11-20,CUST-00146,Home Office,West,Mobile App,Office Supplies,Storage,5,63.34,0.0,316.7,120.98,Standard,7.0,3.5,False,GBP
ORD-101272,2025-01-20,CUST-00033,Consumer,West,Marketplace,Office Supplies,Paper,1,23.75,0.0,23.75,8.05,Second Class,6.0,2.7,False,GBP
ORD-100855,2025-05-01,CUST-00392,Corporate,Central,Mobile App,Furniture,Furnishings,3,212.2,0.0,636.6,194.16,First Class,4.0,2.9,False,GBP
ORD-100344,2024-07-20,CUST-01200,Corporate,West,Mobile App,Furniture,Furnishings,1,128.16,0.2,102.53,18.15,Standard,6.0,4.2,False,GBP
ORD-104136,2024-04-02,CUST-01008,Consumer,East,Mobile App,Office Supplies,Binders,5,42.42,0.2,169.68,26.47,Standard,8.0,3.2,False,GBP
ORD-102331,2024-01-09,CUST-01324,Consumer,South,Web,Technology,Phones,8,559.66,0.0,4477.28,1370.05,Standard,5.0,2.8,False,GBP
ORD-101464,2024-04-16,CUST-00660,Consumer,North,Web,Technology,Phones,2,477.71,0.15,812.11,249.32,Standard,6.0,1.7,False,GBP
ORD-100167,2024-01-06,CUST-01202,Home Office,East,Marketplace,Office Supplies,Paper,7,16.57,0.1,104.39,29.86,Standard,5.0,4.7,False,GBP
ORD-102786,2025-03-24,CUST-01157,Corporate,South,Web,Furniture,Bookcases,7,185.44,0.1,1168.27,359.83,Standard,6.0,4.7,False,GBP
ORD-103203,2025-02-15,CUST-01195,Corporate,West,Web,Furniture,Bookcases,6,206.35,0.2,990.48,207.01,Same Day,2.0,4.6,False,GBP
ORD-102298,2025-03-21,CUST-00429,Consumer,Central,Web,Technology,Machines,4,247.86,0.4,594.86,79.12,First Class,,3.2,False,GBP
ORD-100308,2024-11-29,CUST-00050,Corporate,Central,Mobile App,Furniture,Chairs,2,248.96,0.2,398.34,104.37,Second Class,5.0,3.3,False,GBP
ORD-101934,2025-12-26,CUST-00824,Corporate,East,Web,Office Supplies,Labels,4,33.28,0.4,79.87,1.68,Standard,4.0,3.9,False,GBP
ORD-104985,2025-02-16,CUST-01372,Consumer,North,Marketplace,Office Supplies,Binders,2,34.3,0.1,61.74,19.94,Standard,5.0,5.0,False,GBP
ORD-100730,2024-03-08,CUST-00853,Consumer,North,Phone,Furniture,Bookcases,7,246.31,0.0,1724.17,543.11,First Class,2.0,4.1,True,GBP
ORD-103227,2024-01-08,CUST-00495,Corporate,South,Mobile App,Furniture,Furnishings,4,305.95,0.2,979.04,176.23,Second Class,4.0,2.2,False,GBP
ORD-102527,2025-10-31,CUST-00454,Consumer,North,Mobile App,Furniture,Tables,1,189.07,0.3,132.35,14.96,Standard,6.0,5.0,False,GBP
ORD-100769,2025-09-21,CUST-01273,,Central,Marketplace,Office Supplies,Paper,1,51.17,0.0,51.17,19.96,Second Class,3.0,3.7,False,GBP
ORD-102263,2025-06-01,CUST-00433,Consumer,North,Mobile App,Furniture,Chairs,3,452.17,0.2,1085.21,206.19,First Class,3.0,,False,GBP
ORD-103545,2025-02-23,CUST-00159,Corporate,North,Web,Furniture,Furnishings,6,285.19,0.4,1026.68,111.91,Standard,8.0,4.3,False,GBP
ORD-100977,2025-11-28,CUST-01124,Corporate,East,Mobile App,Technology,Phones,4,637.03,0.0,2548.12,1141.56,Second Class,4.0,4.1,False,GBP
ORD-102614,2025-08-31,CUST-01254,Home Office,South,Mobile App,Furniture,Chairs,8,322.11,0.15,2190.35,519.11,Second Class,6.0,,False,GBP
ORD-104253,2025-09-23,CUST-00969,Consumer,Central,Marketplace,Technology,Machines,4,404.29,0.0,1617.16,430.16,Standard,5.0,3.3,False,GBP
ORD-102022,2025-07-18,CUST-00569,,Central,Mobile App,Office Supplies,Art,5,14.0,0.15,59.5,19.93,Standard,6.0,4.3,True,GBP
ORD-101259,2024-07-04,CUST-01023,Consumer,North,Mobile App,Technology,Copiers,3,109.66,0.2,263.18,61.58,Second Class,2.0,3.8,False,GBP
ORD-100291,2024-07-28,CUST-00419,,North,Web,Furniture,Bookcases,5,286.34,0.3,1002.19,185.41,Standard,,5.0,False,GBP
ORD-103487,2024-06-09,CUST-00274,Corporate,North,Web,Office Supplies,Labels,6,43.34,0.4,156.02,21.37,First Class,,3.3,False,GBP
ORD-101729,2024-10-03,CUST-00006,Consumer,Central,Mobile App,Office Supplies,Paper,1,21.86,0.15,18.58,2.68,Same Day,0.0,3.7,False,GBP
ORD-103681,2025-03-28,CUST-00421,Home Office,West,Web,Office Supplies,Binders,3,11.31,0.0,33.93,11.88,Standard,6.0,3.0,False,GBP
ORD-101250,2025-03-21,CUST-01274,Corporate,East,Web,Technology,Phones,2,420.04,0.15,714.07,71.41,Second Class,3.0,3.8,False,GBP
ORD-100541,2024-09-08,CUST-01213,Consumer,North,Web,Office Supplies,Binders,4,9.58,0.0,38.32,9.16,Same Day,0.0,,False,GBP
ORD-103532,2025-05-21,CUST-00765,Home Office,South,Web,Office Supplies,Art,5,49.02,0.0,245.1,85.78,Standard,8.0,4.7,False,GBP
ORD-100641,2024-10-19,CUST-00222,Consumer,East,Web,Technology,Machines,4,434.43,0.1,1563.95,572.41,Standard,5.0,1.8,False,GBP
ORD-102171,2024-06-11,CUST-01116,Home Office,West,Web,Technology,Copiers,7,719.54,0.2,4029.42,1015.41,Standard,7.0,3.0,False,GBP
ORD-100216,2024-01-11,CUST-00566,Home Office,West,Marketplace,Technology,Copiers,6,333.11,0.2,1598.93,634.78,First Class,3.0,4.0,False,GBP
ORD-100719,2025-11-09,CUST-00695,Consumer,East,Web,Office Supplies,Paper,5,26.13,0.0,130.65,42.59,First Class,2.0,2.4,True,GBP
ORD-104969,2025-06-03,CUST-00711,Corporate,South,Web,Furniture,Tables,1,337.17,0.3,236.02,27.38,Second Class,2.0,3.6,False,GBP
ORD-104608,2024-07-09,CUST-00656,Corporate,South,Web,Technology,Phones,2,469.39,0.0,938.78,290.08,Same Day,0.0,4.2,False,GBP
ORD-102738,2024-07-09,CUST-00068,Consumer,Central,Marketplace,Technology,Machines,2,447.25,0.1,805.05,251.98,Second Class,4.0,3.7,False,GBP
ORD-100633,2024-05-11,CUST-00717,Home Office,North,Web,Furniture,Furnishings,5,176.02,0.0,880.1,337.08,Second Class,3.0,3.8,False,GBP
ORD-100173,2024-06-23,CUST-00560,Consumer,South,Web,Furniture,Furnishings,8,420.1,0.4,2016.48,18.15,Standard,7.0,3.3,False,GBP
ORD-103149,2025-12-09,CUST-00413,Corporate,South,Mobile App,Office Supplies,Art,2,13.88,0.0,27.76,8.36,Second Class,2.0,3.7,False,GBP
ORD-100389,2024-12-23,CUST-00737,Consumer,North,Web,Technology,Machines,8,827.86,0.0,6622.88,2238.53,Standard,4.0,4.4,False,GBP
ORD-101237,2025-06-14,CUST-00134,Consumer,East,Web,Office Supplies,Storage,5,34.62,0.0,173.1,66.64,Standard,5.0,2.6,False,GBP
ORD-104061,2025-06-26,CUST-00045,Consumer,Central,Mobile App,Furniture,Tables,8,172.27,0.4,826.9,147.19,Second Class,3.0,5.0,False,GBP
ORD-104676,2024-10-17,CUST-00616,Consumer,East,Web,Furniture,Chairs,3,401.67,0.4,723.01,73.75,Standard,7.0,4.0,False,GBP
ORD-104177,2025-05-03,CUST-00897,Home Office,West,Phone,Furniture,Bookcases,5,208.9,0.1,940.05,292.36,Standard,7.0,4.0,False,GBP
ORD-102371,2024-06-02,CUST-01270,Consumer,East,Phone,Office Supplies,Labels,7,14.45,0.0,101.15,36.62,Standard,6.0,3.7,False,GBP
ORD-100400,2025-07-26,CUST-00249,Consumer,Central,Mobile App,Office Supplies,Binders,5,14.73,0.2,58.92,13.14,Standard,5.0,2.9,False,GBP
ORD-104393,2024-10-10,CUST-00605,Consumer,Central,Marketplace,Furniture,Bookcases,4,161.62,0.0,646.48,199.12,Second Class,5.0,3.9,False,GBP
ORD-100753,2024-12-06,CUST-00237,Home Office,South,Mobile App,Furniture,Chairs,8,122.32,0.0,978.56,310.2,Standard,5.0,4.4,False,GBP
ORD-103445,2024-09-24,CUST-00005,Consumer,West,Marketplace,Furniture,Bookcases,5,255.93,0.15,1087.7,229.5,Standard,6.0,2.9,False,GBP
ORD-104199,2024-06-11,CUST-00203,Corporate,South,Web,Office Supplies,Art,5,29.88,0.1,134.46,40.88,First Class,3.0,4.6,False,GBP
ORD-102474,2024-11-26,CUST-00679,Corporate,West,Web,Office Supplies,Art,1,82.23,0.0,82.23,26.48,Second Class,0.0,2.1,True,GBP
ORD-101027,2024-08-15,CUST-00570,Corporate,South,Marketplace,Office Supplies,Art,2,46.39,0.0,92.78,19.58,Second Class,8.0,3.8,False,GBP
ORD-103626,2025-03-26,CUST-00493,,North,Web,Office Supplies,Binders,7,30.35,0.0,212.45,76.69,Standard,6.0,3.1,False,GBP
ORD-101697,2024-08-13,CUST-00152,Corporate,East,Web,Office Supplies,Art,1,18.87,0.2,15.1,3.52,Standard,5.0,3.7,False,GBP
ORD-101207,2024-05-21,CUST-00949,,Central,Marketplace,Furniture,Chairs,3,294.08,0.0,882.24,402.3,First Class,4.0,,False,GBP
ORD-104375,2025-12-09,CUST-01092,,South,Marketplace,Furniture,Tables,3,229.66,0.0,688.98,179.13,First Class,2.0,4.2,True,GBP
ORD-100356,2024-05-07,CUST-00399,Corporate,South,Phone,Technology,Machines,8,600.39,0.4,2881.87,432.28,Second Class,6.0,3.8,False,GBP
ORD-101424,2025-04-12,CUST-01059,Consumer,North,Web,Office Supplies,Labels,3,12.3,0.1,33.21,8.24,Standard,9.0,5.0,False,GBP
ORD-103709,2024-06-28,CUST-01002,Consumer,South,Web,Office Supplies,Labels,6,36.19,0.0,217.14,61.23,Standard,7.0,2.6,False,GBP
ORD-102872,2025-11-27,CUST-01123,Consumer,South,Web,Office Supplies,Binders,3,26.15,0.2,62.76,18.89,Second Class,2.0,2.8,False,GBP
ORD-101050,2025-01-07,CUST-00079,Corporate,West,Web,Furniture,Chairs,7,232.76,0.3,1140.52,182.48,Second Class,2.0,3.4,False,GBP
ORD-104528,2024-06-09,CUST-00314,Home Office,Central,Web,Technology,Copiers,8,777.71,0.2,4977.34,1413.56,Standard,5.0,5.0,False,GBP
ORD-103306,2024-02-13,CUST-00062,Corporate,South,Phone,Office Supplies,Storage,7,20.52,0.0,143.64,63.35,Standard,3.0,4.6,False,GBP
ORD-102294,2025-01-02,CUST-01341,Consumer,North,Marketplace,Office Supplies,Art,8,32.82,0.0,262.56,107.91,Standard,11.0,,False,GBP
ORD-100200,2025-04-08,CUST-01354,Consumer,East,Mobile App,Technology,Accessories,6,552.1,0.0,3312.6,914.28,Standard,5.0,2.8,False,GBP
ORD-102154,2025-01-02,CUST-00368,Consumer,Central,Marketplace,Office Supplies,Paper,2,36.73,0.0,73.46,23.29,Second Class,4.0,3.7,False,GBP
ORD-100763,2024-01-28,CUST-00615,Corporate,North,Mobile App,Furniture,Bookcases,6,93.93,0.1,507.22,60.36,Standard,8.0,2.1,False,GBP
ORD-104719,2024-06-28,CUST-00364,Corporate,South,Mobile App,Furniture,Bookcases,7,166.73,0.2,933.69,265.17,Second Class,5.0,4.5,False,GBP
ORD-103330,2025-11-07,CUST-00650,Consumer,North,Marketplace,Office Supplies,Binders,3,36.78,0.15,93.79,29.73,Second Class,5.0,3.2,False,GBP
ORD-102397,2024-10-17,CUST-01388,Corporate,West,Phone,Technology,Accessories,4,1152.62,0.3,3227.34,903.66,Same Day,2.0,4.6,False,GBP
ORD-102889,2025-09-25,CUST-00948,,Central,Phone,Technology,Accessories,6,301.42,0.2,1446.82,370.39,First Class,3.0,4.4,False,GBP
ORD-101737,2024-01-11,CUST-00925,Consumer,Central,Marketplace,Technology,Machines,8,477.86,0.4,2293.73,112.39,Standard,6.0,3.2,False,GBP
ORD-103814,2024-06-19,CUST-00706,Consumer,Central,Web,Furniture,Furnishings,8,142.61,0.2,912.7,31.94,Standard,7.0,5.0,False,GBP
ORD-102215,2025-08-23,CUST-00108,Home Office,East,Marketplace,Technology,Accessories,6,518.43,0.0,3110.58,1026.49,Second Class,2.0,3.7,False,GBP
ORD-101431,2025-07-03,CUST-00734,Home Office,Central,Phone,Furniture,Furnishings,6,278.33,0.0,1669.98,676.34,Standard,7.0,2.5,False,GBP
ORD-102202,2025-02-18,CUST-00036,Consumer,West,Mobile App,Furniture,Furnishings,5,242.62,0.4,727.86,79.34,Standard,5.0,5.0,False,GBP
ORD-102461,2025-02-03,CUST-00578,Consumer,North,Web,Furniture,Tables,3,212.54,0.0,637.62,327.74,Standard,6.0,5.0,False,GBP
ORD-101865,2025-12-19,CUST-01315,,South,Marketplace,Office Supplies,Labels,7,12.1,0.2,67.76,15.58,Standard,7.0,4.8,False,GBP
ORD-100271,2025-01-14,CUST-01354,Consumer,North,Mobile App,Furniture,Bookcases,6,143.53,0.1,775.06,205.39,First Class,4.0,4.1,False,GBP
ORD-104992,2025-09-18,CUST-01035,,Central,Web,Furniture,Furnishings,3,449.44,0.0,1348.32,438.2,Same Day,3.0,3.7,False,GBP
ORD-104239,2024-04-30,CUST-00784,Consumer,North,Web,Furniture,Bookcases,5,418.23,0.15,1777.48,634.56,First Class,3.0,4.5,False,GBP
ORD-102896,2025-09-07,CUST-00728,Corporate,South,Marketplace,Technology,Copiers,5,821.37,0.0,4106.85,1737.2,Standard,8.0,2.5,False,GBP
ORD-104519,2025-01-20,CUST-00778,Consumer,North,Marketplace,Technology,Copiers,1,338.99,0.15,288.14,90.76,Standard,6.0,3.7,False,GBP
ORD-103955,2025-11-21,CUST-00026,,West,Web,Office Supplies,Storage,6,49.92,0.15,254.59,72.3,Same Day,1.0,3.0,False,GBP
ORD-102648,2025-12-11,CUST-01199,Home Office,North,Marketplace,Office Supplies,Art,2,26.83,0.4,32.2,0.13,Standard,4.0,4.8,False,GBP
ORD-101200,2024-08-15,CUST-00245,Corporate,North,Mobile App,Furniture,Furnishings,4,727.14,0.2,2326.85,742.27,First Class,3.0,,False,GBP
ORD-102502,2025-01-14,CUST-00455,Consumer,Central,Mobile App,Office Supplies,Paper,6,29.27,0.2,140.5,17.0,Standard,7.0,4.2,True,GBP
ORD-100372,2025-09-02,CUST-00989,Consumer,Central,Marketplace,Technology,Copiers,4,687.81,0.3,1925.87,363.99,Standard,6.0,2.4,False,GBP
ORD-100806,2025-06-21,CUST-00516,Home Office,Central,Marketplace,Technology,Machines,1,512.72,0.4,307.63,66.14,Same Day,4.0,4.4,False,GBP
ORD-101312,2024-06-27,CUST-01086,Consumer,Central,Mobile App,Furniture,Furnishings,5,194.56,0.0,972.8,278.22,First Class,1.0,3.0,False,GBP
ORD-104382,2024-03-02,CUST-00144,Consumer,West,Mobile App,Office Supplies,Art,3,27.16,0.1,73.33,14.96,Second Class,1.0,4.2,False,GBP
ORD-100222,2025-04-01,CUST-01095,Consumer,South,Mobile App,Office Supplies,Labels,2,45.73,0.15,77.74,24.41,Second Class,1.0,4.6,False,GBP
ORD-102728,2025-09-17,CUST-00570,Consumer,South,Web,Office Supplies,Paper,1,29.44,0.15,25.02,5.75,Second Class,4.0,4.5,True,GBP
ORD-101658,2024-05-12,CUST-00222,Consumer,North,Web,Office Supplies,Storage,3,24.32,0.0,72.96,20.43,Same Day,4.0,3.9,False,GBP
ORD-104068,2024-12-31,CUST-01215,Corporate,West,Mobile App,Furniture,Furnishings,1,152.75,0.4,91.65,3.85,Standard,6.0,3.7,False,GBP
ORD-100600,2025-05-27,CUST-00925,Corporate,West,Web,Technology,Machines,6,506.34,0.1,2734.24,568.72,Same Day,1.0,3.7,True,GBP
ORD-102364,2025-07-02,CUST-00751,Consumer,South,Web,Technology,Phones,7,727.1,0.0,5089.7,1730.5,Standard,5.0,3.8,False,GBP
ORD-101674,2024-10-12,CUST-00647,Home Office,West,Marketplace,Technology,Phones,5,532.86,0.2,2131.44,390.05,Standard,8.0,2.8,False,GBP
ORD-103446,2024-10-02,CUST-00898,Consumer,South,Web,Furniture,Furnishings,8,361.43,0.0,2891.44,766.23,Standard,4.0,4.0,False,GBP
ORD-104708,2025-03-07,CUST-00668,Home Office,East,Marketplace,Office Supplies,Paper,3,33.54,0.3,70.43,2.04,Standard,4.0,4.5,False,GBP
ORD-103263,2025-12-11,CUST-00124,Corporate,East,Web,Technology,Accessories,1,262.48,0.0,262.48,76.91,Second Class,1.0,3.0,False,GBP
ORD-101616,2025-09-11,CUST-00243,Consumer,West,Marketplace,Technology,Copiers,7,867.24,0.0,6070.68,1979.04,Standard,7.0,4.1,False,GBP
ORD-103316,2024-09-16,CUST-00398,Consumer,North,Web,Furniture,Bookcases,1,298.59,0.2,238.87,64.02,Second Class,3.0,4.9,True,GBP
ORD-103542,2024-04-29,CUST-00409,Consumer,Central,Web,Office Supplies,Labels,6,13.72,0.1,74.09,22.38,First Class,5.0,5.0,False,GBP
ORD-103697,2025-07-25,CUST-00060,,North,Mobile App,Furniture,Chairs,2,273.86,0.4,328.63,18.4,Standard,5.0,2.7,False,GBP
ORD-103919,2024-02-12,CUST-01329,Corporate,Central,Mobile App,Office Supplies,Art,7,21.98,0.2,123.09,35.57,Standard,7.0,,False,GBP
ORD-104962,2025-11-13,CUST-00321,Consumer,East,Web,Technology,Copiers,3,310.78,0.0,932.34,341.24,Same Day,0.0,2.9,False,GBP
ORD-104866,2024-09-05,CUST-01110,Consumer,South,Mobile App,Furniture,Furnishings,1,80.24,0.15,68.2,23.6,First Class,3.0,4.0,False,GBP
ORD-103962,2025-12-16,CUST-01109,Corporate,East,Web,Furniture,Bookcases,7,138.81,0.15,825.92,186.66,Second Class,4.0,4.7,False,GBP
ORD-102664,2024-04-22,CUST-00695,Consumer,East,Web,Office Supplies,Labels,3,27.21,0.4,48.98,1.08,Standard,7.0,2.9,False,GBP
ORD-103649,2025-08-30,CUST-00930,Home Office,South,Web,Technology,Copiers,3,151.96,0.1,410.29,76.72,Same Day,1.0,3.9,False,GBP
ORD-101003,2025-06-23,CUST-00007,Home Office,Central,Mobile App,Office Supplies,Labels,5,44.6,0.1,200.7,82.29,Standard,6.0,2.4,False,GBP
ORD-102500,2024-02-21,CUST-00498,Home Office,North,Mobile App,Office Supplies,Binders,1,9.84,0.0,9.84,2.16,Second Class,4.0,3.9,False,GBP
ORD-102478,2024-12-05,CUST-01222,Home Office,North,Mobile App,Technology,Copiers,2,281.18,0.0,562.36,196.26,Standard,,2.0,False,GBP
ORD-100931,2024-11-08,CUST-00488,Corporate,North,Web,Furniture,Bookcases,7,222.32,0.0,1556.24,625.61,Standard,9.0,4.0,False,GBP
ORD-104450,2024-07-07,CUST-01269,Consumer,East,Web,Furniture,Chairs,1,269.63,0.15,229.19,70.13,Same Day,3.0,4.1,True,GBP
ORD-103472,2025-10-12,CUST-01023,Consumer,East,Mobile App,Office Supplies,Labels,5,28.74,0.4,86.22,12.16,Standard,7.0,3.0,False,GBP
ORD-103581,2024-02-18,CUST-01284,Corporate,South,Marketplace,Furniture,Bookcases,6,551.47,0.0,3308.82,1326.84,Standard,6.0,2.8,False,GBP
ORD-104261,2025-04-27,CUST-00557,,South,Web,Furniture,Tables,4,113.01,0.15,384.23,138.32,Standard,6.0,4.2,False,GBP
ORD-103812,2024-05-28,CUST-00570,,East,Mobile App,Technology,Phones,6,87.49,0.0,524.94,201.05,Same Day,4.0,3.1,False,GBP
ORD-100695,2024-07-22,CUST-00227,Consumer,West,Mobile App,Office Supplies,Labels,7,35.63,0.3,174.59,25.32,Standard,6.0,2.8,False,GBP
ORD-103074,2025-02-09,CUST-00669,Corporate,North,Web,Office Supplies,Paper,4,12.37,0.4,29.69,1.54,Standard,4.0,3.1,False,GBP
ORD-101872,2024-08-07,CUST-00211,Consumer,West,Phone,Technology,Copiers,3,1245.11,0.15,3175.03,987.43,Second Class,2.0,3.6,False,GBP
ORD-103374,2024-04-04,CUST-00262,Consumer,Central,Web,Office Supplies,Binders,5,36.77,0.4,110.31,2.43,Standard,5.0,2.4,False,GBP
ORD-104573,2024-09-18,CUST-00692,Consumer,South,Mobile App,Technology,Machines,1,726.71,0.4,436.03,114.68,Standard,8.0,4.2,False,GBP
ORD-103717,2025-05-24,CUST-00390,Home Office,South,Mobile App,Furniture,Bookcases,3,507.2,0.15,1293.36,323.34,Standard,7.0,4.6,False,GBP
ORD-104975,2024-08-22,CUST-01262,Consumer,South,Marketplace,Office Supplies,Labels,5,16.61,0.0,83.05,27.99,Standard,4.0,3.7,False,GBP
ORD-102654,2025-06-29,CUST-01214,Consumer,North,Web,Office Supplies,Binders,4,61.02,0.0,244.08,72.74,Standard,7.0,3.2,False,GBP
ORD-103103,2024-03-29,CUST-00802,Consumer,Central,Web,Technology,Accessories,1,113.65,0.0,113.65,52.28,Standard,6.0,3.6,False,GBP
ORD-101749,2024-01-27,CUST-01277,Consumer,South,Phone,Office Supplies,Labels,6,43.75,0.0,262.5,63.79,Standard,6.0,3.3,False,GBP
ORD-102861,2024-05-24,CUST-00179,Consumer,North,Web,Technology,Copiers,4,463.29,0.3,1297.21,234.8,First Class,2.0,4.7,False,GBP
ORD-103635,2024-10-30,CUST-01144,Corporate,Central,Mobile App,Furniture,Furnishings,7,43.29,0.2,242.42,61.57,Standard,6.0,3.9,False,GBP
ORD-103365,2025-11-01,CUST-01356,,North,Phone,Furniture,Chairs,7,264.23,0.15,1572.17,367.89,Same Day,1.0,4.1,True,GBP
ORD-100795,2025-10-08,CUST-00414,,South,Web,Office Supplies,Binders,6,24.82,0.0,148.92,35.89,Second Class,7.0,3.7,False,GBP
ORD-104663,2025-06-09,CUST-00538,,South,Phone,Office Supplies,Binders,3,20.03,0.4,36.05,2.42,Standard,7.0,4.3,False,GBP
ORD-104311,2024-09-22,CUST-01085,Home Office,South,Mobile App,Technology,Copiers,8,310.01,0.4,1488.05,269.34,Standard,6.0,,False,GBP
ORD-101846,2025-05-01,CUST-01111,Home Office,East,Mobile App,Technology,Copiers,5,216.59,0.0,1082.95,464.59,First Class,2.0,3.5,False,GBP
ORD-101973,2024-05-04,CUST-00670,Consumer,Central,Marketplace,Office Supplies,Storage,6,16.92,0.0,101.52,37.56,Standard,10.0,3.1,True,GBP
ORD-103916,2025-01-21,CUST-00755,Consumer,North,Mobile App,Furniture,Tables,1,209.86,0.15,178.38,41.03,Standard,7.0,3.5,False,GBP
ORD-103383,2025-10-02,CUST-01058,,West,Web,Office Supplies,Art,1,37.66,0.3,26.36,3.11,First Class,3.0,4.2,False,GBP
ORD-100099,2025-11-23,CUST-01198,Consumer,North,Web,Furniture,Furnishings,1,1917.53,0.4,1150.52,220.9,Standard,5.0,3.8,False,GBP
ORD-103301,2025-04-10,CUST-00800,Consumer,East,Web,Office Supplies,Labels,6,21.77,0.0,130.62,50.55,Standard,4.0,3.3,False,GBP
ORD-101632,2025-03-21,CUST-00604,Home Office,Central,Mobile App,Office Supplies,Paper,3,22.12,0.0,66.36,19.18,Standard,3.0,4.8,False,GBP
ORD-102353,2025-01-01,CUST-00045,Home Office,South,Mobile App,Furniture,Bookcases,6,450.33,0.2,2161.58,520.94,Standard,8.0,3.6,False,GBP
ORD-101692,2024-05-15,CUST-00170,,North,Web,Furniture,Tables,2,163.06,0.0,326.12,58.05,Same Day,0.0,4.2,False,GBP
ORD-101332,2025-07-29,CUST-01021,Consumer,North,Mobile App,Office Supplies,Paper,5,9.15,0.3,32.02,5.12,Second Class,4.0,4.1,False,GBP
ORD-100565,2024-09-30,CUST-01338,,East,Web,Technology,Machines,3,835.89,0.0,2507.67,631.93,First Class,2.0,3.9,False,GBP
ORD-104493,2025-12-17,CUST-00753,Consumer,East,Web,Technology,Accessories,1,774.9,0.4,464.94,20.92,Standard,,2.6,False,GBP
ORD-104553,2024-01-01,CUST-00467,Corporate,Central,Web,Office Supplies,Storage,8,36.37,0.0,290.96,107.95,Second Class,4.0,3.5,False,GBP
ORD-100351,2024-11-09,CUST-00838,Corporate,South,Web,Furniture,Chairs,4,104.43,0.3,292.4,86.26,Second Class,5.0,4.2,False,GBP
ORD-103388,2024-04-23,CUST-01313,Consumer,South,Web,Furniture,Tables,1,137.49,0.0,137.49,57.33,First Class,3.0,,False,GBP
ORD-100036,2024-06-07,CUST-01116,Home Office,East,Phone,Office Supplies,Art,2,51.36,0.3,71.9,17.04,Standard,6.0,3.4,True,GBP
ORD-101453,2024-10-26,CUST-01377,Consumer,West,Mobile App,Furniture,Bookcases,8,507.87,0.15,3453.52,1074.04,Second Class,,4.3,False,GBP
ORD-103980,2025-04-13,CUST-00499,Consumer,South,Marketplace,Office Supplies,Binders,1,61.18,0.1,55.06,16.79,Second Class,1.0,4.7,False,GBP
ORD-103546,2024-04-17,CUST-00985,Home Office,West,Mobile App,Office Supplies,Paper,2,28.13,0.2,45.01,9.32,Second Class,6.0,3.4,False,GBP
ORD-100825,2024-12-05,CUST-00281,,East,Marketplace,Technology,Phones,7,369.01,0.3,1808.15,307.39,Second Class,3.0,4.5,False,GBP
ORD-103625,2025-11-10,CUST-00464,Corporate,North,Web,Technology,Machines,3,102.2,0.0,306.6,94.74,Second Class,2.0,4.3,False,GBP
ORD-100123,2025-01-14,CUST-00990,Corporate,North,Marketplace,Office Supplies,Paper,5,34.6,0.1,155.7,38.92,Second Class,3.0,3.0,False,GBP
ORD-104172,2024-06-06,CUST-00523,Consumer,Central,Mobile App,Office Supplies,Labels,7,17.37,0.0,121.59,47.66,First Class,3.0,4.4,False,GBP
ORD-101702,2024-07-12,CUST-00151,Corporate,North,Web,Furniture,Bookcases,2,293.59,0.0,587.18,203.16,Standard,6.0,3.6,False,GBP
ORD-104669,2024-07-29,CUST-01202,Corporate,South,Marketplace,Furniture,Bookcases,8,251.35,0.15,1709.18,358.93,Standard,6.0,2.7,False,GBP
ORD-100365,2025-12-13,CUST-01174,Consumer,North,Marketplace,Office Supplies,Binders,5,28.58,0.0,142.9,42.3,First Class,6.0,3.5,False,GBP
ORD-100284,2025-10-24,CUST-00570,Consumer,North,Marketplace,Technology,Phones,1,308.59,0.4,185.15,25.37,Same Day,1.0,4.9,False,GBP
ORD-100487,2024-07-17,CUST-00509,Consumer,North,Phone,Office Supplies,Art,8,19.38,0.0,155.04,63.1,Standard,7.0,4.1,False,GBP
ORD-102218,2024-07-29,CUST-00386,Home Office,East,Marketplace,Office Supplies,Labels,8,18.42,0.4,88.42,13.0,Second Class,6.0,4.0,False,GBP
ORD-101248,2024-12-03,CUST-00540,Consumer,West,Marketplace,Furniture,Chairs,1,277.17,0.3,194.02,31.24,Standard,5.0,3.0,False,GBP
ORD-104649,2025-10-09,CUST-00285,Consumer,East,Web,Furniture,Furnishings,3,339.04,0.1,915.41,219.7,First Class,1.0,3.7,False,GBP
ORD-104434,2024-05-02,CUST-00255,Consumer,North,Marketplace,Technology,Machines,4,525.7,0.15,1787.38,548.73,Standard,6.0,,False,GBP
ORD-101981,2024-10-20,CUST-01343,Home Office,East,Web,Office Supplies,Storage,4,14.39,0.0,57.56,15.43,Standard,7.0,3.3,False,GBP
ORD-100873,2024-03-07,CUST-01313,,South,Phone,Technology,Copiers,3,254.89,0.0,764.67,175.87,Same Day,0.0,,False,GBP
ORD-102303,2024-03-03,CUST-01146,Corporate,North,Marketplace,Furniture,Furnishings,8,78.86,0.1,567.79,115.26,Standard,5.0,4.0,False,GBP
ORD-103720,2024-04-03,CUST-00104,Corporate,East,Marketplace,Office Supplies,Labels,1,21.97,0.1,19.77,4.07,Standard,2.0,5.0,False,GBP
ORD-100568,2025-03-11,CUST-00930,Consumer,South,Marketplace,Office Supplies,Paper,1,33.71,0.0,33.71,13.05,Second Class,5.0,4.0,True,GBP
ORD-104611,2025-01-24,CUST-00011,Consumer,North,Marketplace,Furniture,Tables,8,319.36,0.0,2554.88,758.8,First Class,3.0,2.7,False,GBP
ORD-100345,2024-01-28,CUST-00765,Home Office,East,Web,Technology,Accessories,7,574.01,0.15,3415.36,683.07,Standard,7.0,4.1,False,GBP
ORD-104789,2025-11-07,CUST-00581,Consumer,South,Marketplace,Office Supplies,Labels,1,15.8,0.0,15.8,5.21,First Class,4.0,4.9,True,GBP
ORD-103772,2024-07-11,CUST-00900,Consumer,West,Web,Office Supplies,Paper,6,8.7,0.1,46.98,10.81,Standard,6.0,4.2,True,GBP
ORD-104190,2024-03-05,CUST-00236,Consumer,East,Web,Technology,Accessories,1,203.18,0.0,203.18,49.17,Same Day,0.0,3.5,False,GBP
ORD-102165,2024-10-17,CUST-00965,Consumer,East,Web,Furniture,Chairs,8,781.68,0.2,5002.75,685.38,Standard,5.0,4.2,False,GBP
ORD-102439,2025-05-19,CUST-00672,Consumer,West,Marketplace,Technology,Phones,5,462.91,0.3,1620.18,254.37,Standard,4.0,4.1,False,GBP
ORD-101422,2025-08-31,CUST-01242,Consumer,North,Web,Technology,Machines,6,760.65,0.0,4563.9,1843.82,Standard,8.0,,False,GBP
ORD-104953,2025-04-26,CUST-00190,Corporate,South,Mobile App,Furniture,Furnishings,5,404.83,0.3,1416.9,324.47,Second Class,4.0,3.5,False,GBP
ORD-102827,2024-02-28,CUST-01165,Consumer,West,Web,Office Supplies,Art,5,18.61,0.15,79.09,21.28,Standard,6.0,4.4,False,GBP
ORD-104494,2024-03-14,CUST-00562,Corporate,East,Phone,Furniture,Furnishings,7,579.8,0.0,4058.6,1347.46,Second Class,6.0,3.8,False,GBP
ORD-102016,2024-04-07,CUST-01178,Home Office,West,Marketplace,Office Supplies,Binders,5,21.97,0.2,87.88,22.5,First Class,5.0,3.9,False,GBP
ORD-100598,2025-01-10,CUST-01123,Home Office,Central,Web,Office Supplies,Binders,5,75.17,0.0,375.85,90.58,Same Day,0.0,4.1,False,GBP
ORD-104922,2025-01-20,CUST-01178,Corporate,Central,Mobile App,Office Supplies,Art,6,36.02,0.2,172.9,42.19,Standard,6.0,3.6,True,GBP
ORD-102662,2025-02-23,CUST-00273,Consumer,South,Web,Furniture,Bookcases,2,472.96,0.2,756.74,108.21,First Class,3.0,3.5,False,GBP
ORD-101088,2025-07-28,CUST-00371,Home Office,North,Marketplace,Furniture,Furnishings,4,274.65,0.0,1098.6,397.69,Standard,5.0,3.3,False,GBP
ORD-100917,2024-07-12,CUST-00288,Consumer,South,Mobile App,Technology,Phones,7,487.07,0.0,3409.49,1295.61,Standard,4.0,,True,GBP
ORD-101811,2025-11-05,CUST-01276,Home Office,South,Web,Office Supplies,Art,8,13.35,0.3,74.76,9.49,Second Class,4.0,4.3,False,GBP
ORD-102898,2024-09-27,CUST-01051,,South,Marketplace,Furniture,Chairs,1,455.27,0.0,455.27,112.45,Standard,9.0,4.0,False,GBP
ORD-100166,2024-05-05,CUST-01241,Consumer,North,Web,Office Supplies,Labels,1,23.69,0.0,23.69,8.65,Second Class,6.0,4.5,False,GBP
ORD-104009,2025-10-30,CUST-00428,Home Office,North,Marketplace,Office Supplies,Art,6,26.39,0.4,95.0,14.82,First Class,2.0,3.8,False,GBP
ORD-100840,2025-05-14,CUST-00863,Consumer,Central,Web,Furniture,Tables,4,97.37,0.0,389.48,113.73,Standard,4.0,5.0,False,GBP
ORD-102320,2024-08-10,CUST-01153,Consumer,North,Mobile App,Furniture,Bookcases,2,473.92,0.0,947.84,266.34,Second Class,4.0,2.7,False,GBP
ORD-101268,2025-02-14,CUST-00344,Consumer,Central,Web,Office Supplies,Binders,4,17.51,0.0,70.04,23.39,Standard,7.0,3.7,False,GBP
ORD-103515,2024-09-07,CUST-01361,Consumer,South,Web,Furniture,Tables,1,293.78,0.1,264.4,67.95,First Class,4.0,3.1,False,GBP
ORD-101549,2024-04-15,CUST-00468,Corporate,East,Mobile App,Furniture,Bookcases,6,335.93,0.3,1410.91,279.36,Same Day,0.0,5.0,False,GBP
ORD-103595,2025-04-10,CUST-00412,Corporate,North,Web,Office Supplies,Paper,2,16.36,0.2,26.18,3.9,Same Day,1.0,3.7,False,GBP
ORD-104503,2024-04-19,CUST-00879,Corporate,East,Marketplace,Office Supplies,Storage,5,48.05,0.3,168.18,17.15,Standard,5.0,4.0,False,GBP
ORD-100539,2024-07-24,CUST-01148,Consumer,Central,Web,Office Supplies,Storage,8,39.84,0.15,270.91,85.34,Standard,6.0,2.7,False,GBP
ORD-100694,2025-03-11,CUST-00086,Consumer,South,Phone,Furniture,Tables,1,109.56,0.4,65.74,5.46,Second Class,5.0,4.1,False,GBP
ORD-104185,2025-09-26,CUST-00016,Consumer,Central,Web,Office Supplies,Storage,6,93.24,0.2,447.55,93.54,Standard,6.0,2.4,False,GBP
ORD-101514,2025-01-04,CUST-00119,Consumer,West,Web,Office Supplies,Paper,8,14.86,0.3,83.22,11.15,Second Class,3.0,4.4,False,GBP
ORD-102447,2024-01-16,CUST-00373,Corporate,North,Mobile App,Office Supplies,Labels,7,25.02,0.3,122.6,12.26,Second Class,6.0,4.2,False,GBP
ORD-103968,2024-09-09,CUST-01390,Consumer,East,Web,Furniture,Bookcases,4,461.51,0.1,1661.44,802.48,Standard,7.0,3.0,False,GBP
ORD-104268,2024-12-20,CUST-00240,Home Office,East,Web,Office Supplies,Art,8,13.39,0.0,107.12,34.81,Second Class,6.0,4.5,False,GBP
ORD-104289,2024-05-02,CUST-00851,,Central,Web,Office Supplies,Labels,1,36.28,0.2,29.02,4.61,Standard,5.0,5.0,False,GBP
ORD-103628,2025-01-20,CUST-01378,Corporate,West,Mobile App,Office Supplies,Paper,8,44.45,0.1,320.04,51.85,Standard,4.0,3.1,True,GBP
ORD-102109,2025-11-29,CUST-00063,Home Office,Central,Web,Office Supplies,Paper,2,28.17,0.1,50.71,13.49,First Class,3.0,4.7,False,GBP
ORD-101823,2024-05-30,CUST-00682,,Central,Phone,Technology,Phones,6,406.58,0.0,2439.48,831.86,First Class,2.0,5.0,False,GBP
ORD-100779,2025-04-28,CUST-00565,,North,Phone,Furniture,Bookcases,8,193.3,0.1,1391.76,374.38,Second Class,4.0,2.9,False,GBP
ORD-101185,2025-04-06,CUST-00667,Consumer,North,Web,Technology,Copiers,1,544.37,0.3,381.06,74.69,Standard,5.0,4.5,False,GBP
ORD-102736,2025-08-29,CUST-00203,Home Office,West,Marketplace,Technology,Copiers,1,428.29,0.0,428.29,170.46,Same Day,0.0,3.6,False,GBP
ORD-104423,2025-01-03,CUST-01156,Corporate,North,Mobile App,Office Supplies,Binders,8,10.24,0.0,81.92,27.53,Standard,5.0,4.1,False,GBP
ORD-100893,2025-08-16,CUST-01324,Consumer,West,Web,Office Supplies,Paper,6,33.18,0.3,139.36,19.09,Standard,7.0,3.7,False,GBP
ORD-102764,2025-10-18,CUST-01176,Consumer,West,Web,Office Supplies,Labels,6,62.59,0.2,300.43,88.93,Second Class,4.0,4.1,False,GBP
ORD-104556,2024-07-26,CUST-00930,Corporate,South,Mobile App,Office Supplies,Binders,7,44.02,0.1,277.33,97.62,Standard,5.0,4.8,False,GBP
ORD-101567,2024-02-06,CUST-00963,Consumer,South,Mobile App,Technology,Copiers,5,780.71,0.1,3513.2,1138.28,Standard,6.0,3.8,False,GBP
ORD-103896,2024-08-02,CUST-00433,Consumer,Central,Web,Furniture,Chairs,8,255.44,0.0,2043.52,705.01,First Class,4.0,1.5,False,GBP
ORD-101853,2024-02-27,CUST-00455,Home Office,Central,Mobile App,Office Supplies,Paper,6,19.75,0.0,118.5,42.54,First Class,2.0,2.1,True,GBP
ORD-104140,2025-12-01,CUST-00956,Home Office,North,Marketplace,Office Supplies,Labels,6,37.36,0.1,201.74,63.75,Second Class,3.0,5.0,False,GBP
ORD-102468,2025-05-30,CUST-00861,Consumer,North,Marketplace,Technology,Machines,5,255.95,0.3,895.82,204.25,Standard,9.0,5.0,True,GBP
ORD-101995,2024-02-28,CUST-00799,Home Office,South,Phone,Office Supplies,Art,8,33.19,0.0,265.52,102.76,Standard,7.0,4.7,False,GBP
ORD-103790,2025-08-29,CUST-00801,Consumer,West,Web,Furniture,Furnishings,4,65.53,0.4,157.27,14.63,Standard,7.0,4.3,False,GBP
ORD-102487,2025-06-15,CUST-00386,,North,Web,Office Supplies,Binders,5,18.62,0.15,79.14,25.4,Standard,6.0,4.3,False,GBP
ORD-103963,2024-05-18,CUST-00903,Corporate,South,Marketplace,Technology,Copiers,3,244.06,0.0,732.18,321.43,Second Class,5.0,3.3,False,GBP
ORD-101639,2024-10-23,CUST-00926,Home Office,East,Mobile App,Furniture,Furnishings,5,250.23,0.2,1000.92,160.15,Second Class,2.0,5.0,False,GBP
ORD-102626,2024-08-10,CUST-00104,Home Office,North,Phone,Technology,Machines,7,310.63,0.0,2174.41,741.47,Second Class,4.0,4.5,True,GBP
ORD-101877,2025-08-20,CUST-00430,Consumer,West,Marketplace,Office Supplies,Binders,4,17.61,0.0,70.44,19.79,Standard,6.0,4.6,False,GBP
ORD-100777,2024-01-04,CUST-00445,Corporate,West,Mobile App,Office Supplies,Storage,5,31.97,0.2,127.88,41.82,Standard,4.0,3.0,False,GBP
ORD-100292,2024-03-17,CUST-00822,Corporate,East,Mobile App,Technology,Accessories,6,296.29,0.0,1777.74,577.77,First Class,2.0,3.1,False,GBP
ORD-102507,2024-03-28,CUST-00353,Consumer,South,Phone,Furniture,Furnishings,5,373.43,0.0,1867.15,556.41,First Class,2.0,3.3,False,GBP
ORD-100034,2024-02-05,CUST-01368,Consumer,West,Web,Office Supplies,Paper,7,63.63,0.15,378.6,95.79,Standard,7.0,4.5,False,GBP
ORD-100542,2025-02-08,CUST-01063,Corporate,South,Web,Office Supplies,Storage,2,28.32,0.0,56.64,16.54,Standard,6.0,2.8,False,GBP
ORD-102929,2025-03-01,CUST-00340,Corporate,South,Mobile App,Furniture,Furnishings,5,103.11,0.15,438.22,56.97,Second Class,5.0,4.4,False,GBP
ORD-101564,2024-08-02,CUST-00187,Corporate,Central,Web,Technology,Machines,7,483.27,0.15,2875.46,802.25,Standard,7.0,3.7,True,GBP
ORD-100997,2025-08-22,CUST-00077,Home Office,South,Marketplace,Furniture,Bookcases,2,229.45,0.2,367.12,76.73,Second Class,5.0,3.5,False,GBP
ORD-102304,2024-04-03,CUST-00554,,South,Marketplace,Office Supplies,Labels,3,37.76,0.3,79.3,13.32,Standard,5.0,4.7,False,GBP
ORD-102418,2025-07-09,CUST-00559,Consumer,South,Marketplace,Technology,Accessories,4,846.28,0.0,3385.12,1106.93,Same Day,,3.2,False,GBP
ORD-100080,2025-04-04,CUST-00462,Corporate,Central,Phone,Furniture,Chairs,3,111.66,0.0,334.98,96.14,Standard,7.0,4.1,False,GBP
ORD-104981,2024-10-04,CUST-00396,,North,Marketplace,Office Supplies,Art,2,17.34,0.0,34.68,16.09,First Class,1.0,4.0,False,GBP
ORD-104551,2024-12-20,CUST-01246,Corporate,North,Marketplace,Technology,Copiers,7,423.46,0.1,2667.8,757.66,Standard,8.0,4.5,False,GBP
ORD-101594,2024-10-20,CUST-01313,Home Office,South,Mobile App,Technology,Accessories,3,422.96,0.2,1015.1,261.9,Standard,5.0,,False,GBP
ORD-100496,2024-11-18,CUST-01097,Consumer,North,Mobile App,Technology,Phones,2,197.52,0.15,335.78,51.71,Standard,6.0,,False,GBP
ORD-100728,2024-08-24,CUST-01212,Home Office,North,Mobile App,Furniture,Bookcases,5,387.54,0.2,1550.16,261.98,Standard,,3.1,False,GBP
ORD-101651,2024-08-16,CUST-00386,Consumer,Central,Mobile App,Office Supplies,Art,1,7.95,0.2,6.36,0.66,Standard,2.0,,False,GBP
ORD-104725,2025-10-21,CUST-01034,Home Office,Central,Mobile App,Technology,Machines,5,200.64,0.0,1003.2,447.43,Standard,6.0,3.3,False,GBP
ORD-102749,2024-11-19,CUST-01339,Consumer,South,Marketplace,Furniture,Bookcases,5,161.64,0.0,808.2,319.24,Standard,6.0,3.4,False,GBP
ORD-104655,2024-03-24,CUST-00570,Corporate,West,Web,Office Supplies,Binders,7,63.53,0.0,444.71,161.43,First Class,3.0,4.2,False,GBP
ORD-104827,2024-11-08,CUST-00085,Consumer,West,Mobile App,Office Supplies,Art,7,16.19,0.3,79.33,10.31,Standard,6.0,3.1,False,GBP
ORD-102493,2024-10-11,CUST-00455,Consumer,North,Web,Office Supplies,Labels,1,16.73,0.4,10.04,2.09,Standard,7.0,4.6,False,GBP
ORD-102840,2024-10-21,CUST-01120,Home Office,East,Marketplace,Technology,Machines,1,1350.04,0.4,810.02,36.45,Standard,4.0,4.5,False,GBP
ORD-102538,2024-11-10,CUST-01324,Consumer,North,Mobile App,Office Supplies,Storage,8,22.3,0.0,178.4,47.81,Second Class,4.0,5.0,False,GBP
ORD-103838,2024-01-17,CUST-00349,Consumer,Central,Web,Office Supplies,Binders,2,35.57,0.4,42.68,4.18,Second Class,5.0,5.0,False,GBP
ORD-102020,2025-12-29,CUST-00639,Consumer,East,Web,Technology,Accessories,7,319.1,0.2,1786.96,578.98,Standard,6.0,4.0,False,GBP
ORD-102981,2024-04-18,CUST-00772,Corporate,South,Web,Office Supplies,Art,3,27.67,0.4,49.81,4.58,Standard,6.0,,False,GBP
ORD-101681,2025-12-15,CUST-01363,Home Office,East,Phone,Technology,Phones,3,518.78,0.1,1400.71,533.67,Second Class,3.0,3.9,False,GBP
ORD-104257,2025-04-17,CUST-01109,Consumer,East,Mobile App,Technology,Copiers,4,203.22,0.0,812.88,219.48,Standard,7.0,3.9,False,GBP
ORD-101262,2025-01-03,CUST-00524,Home Office,Central,Web,Furniture,Bookcases,4,593.55,0.2,1899.36,366.58,Standard,7.0,3.6,False,GBP
ORD-104270,2025-01-31,CUST-00876,Consumer,North,Mobile App,Furniture,Furnishings,8,237.36,0.2,1519.1,393.45,Same Day,0.0,2.9,False,GBP
ORD-103629,2024-12-25,CUST-00783,Corporate,East,Marketplace,Technology,Machines,2,651.95,0.0,1303.9,526.78,Standard,3.0,4.7,True,GBP
ORD-103401,2025-07-13,CUST-01077,Consumer,East,Web,Furniture,Tables,7,263.39,0.0,1843.73,619.49,Standard,6.0,3.5,False,GBP
ORD-101008,2024-11-27,CUST-00462,Corporate,Central,Web,Furniture,Bookcases,8,136.68,0.15,929.42,259.31,Standard,3.0,4.9,False,GBP
ORD-103021,2024-09-24,CUST-00906,Corporate,West,Web,Office Supplies,Labels,6,44.36,0.4,159.7,11.5,Standard,6.0,4.7,False,GBP
ORD-102480,2025-01-14,CUST-00474,Corporate,East,Web,Office Supplies,Labels,8,62.15,0.0,497.2,186.45,First Class,,4.9,False,GBP
ORD-104963,2024-10-04,CUST-00859,Consumer,South,Web,Office Supplies,Labels,3,12.18,0.3,25.58,4.43,Standard,5.0,,False,GBP
ORD-101960,2024-02-08,CUST-00904,Home Office,North,Phone,Office Supplies,Art,7,13.02,0.4,54.68,5.41,First Class,3.0,4.4,True,GBP
ORD-102323,2024-05-03,CUST-00811,Consumer,South,Marketplace,Furniture,Bookcases,2,171.82,0.0,343.64,127.83,Standard,7.0,3.9,False,GBP
ORD-101046,2024-06-22,CUST-00072,,Central,Mobile App,Furniture,Furnishings,1,199.25,0.3,139.48,26.36,Same Day,4.0,3.6,False,GBP
ORD-101299,2025-06-15,CUST-00152,Consumer,East,Mobile App,Technology,Copiers,8,362.35,0.1,2608.92,670.49,First Class,3.0,4.1,False,GBP
ORD-102594,2024-07-22,CUST-01264,Consumer,East,Web,Office Supplies,Labels,4,23.38,0.15,79.49,21.78,Second Class,4.0,3.8,False,GBP
ORD-100281,2024-08-05,CUST-01198,Consumer,South,Web,Office Supplies,Art,2,40.78,0.1,73.4,13.8,Standard,7.0,3.8,False,GBP
ORD-100070,2024-03-08,CUST-01197,Consumer,Central,Marketplace,Office Supplies,Paper,2,41.0,0.4,49.2,5.02,Standard,5.0,3.9,False,GBP
ORD-100471,2025-07-23,CUST-00542,Home Office,East,Mobile App,Office Supplies,Labels,1,9.56,0.0,9.56,3.2,Standard,7.0,3.6,False,GBP
ORD-101359,2025-05-22,CUST-00503,Home Office,South,Web,Furniture,Bookcases,2,247.8,0.3,346.92,14.92,Second Class,6.0,3.9,False,GBP
ORD-104670,2025-11-07,CUST-00723,Consumer,North,Marketplace,Office Supplies,Art,4,23.47,0.0,93.88,33.89,Same Day,1.0,4.6,True,GBP
ORD-101654,2024-07-09,CUST-01121,Home Office,West,Marketplace,Office Supplies,Binders,4,63.63,0.2,203.62,50.09,Standard,6.0,4.7,False,GBP
ORD-101526,2025-07-24,CUST-01271,,West,Mobile App,Office Supplies,Labels,8,24.79,0.15,168.57,47.54,Same Day,2.0,3.3,False,GBP
ORD-100645,2025-02-23,CUST-00362,Consumer,West,Marketplace,Office Supplies,Art,3,33.38,0.3,70.1,18.65,Standard,4.0,2.4,True,GBP
ORD-102972,2024-01-31,CUST-01225,Consumer,West,Web,Furniture,Chairs,2,257.82,0.0,515.64,154.18,Standard,7.0,3.4,False,GBP
ORD-102757,2025-06-06,CUST-00048,Consumer,South,Web,Furniture,Bookcases,7,217.07,0.2,1215.59,341.58,Standard,6.0,3.9,True,GBP
ORD-100962,2025-10-19,CUST-00872,Consumer,North,Mobile App,Furniture,Chairs,5,325.94,0.0,1629.7,764.33,Same Day,3.0,4.8,False,GBP
ORD-104231,2024-10-06,CUST-00183,Home Office,South,Marketplace,Technology,Machines,7,630.43,0.4,2647.81,717.56,Second Class,3.0,4.0,False,GBP
ORD-104262,2024-03-13,CUST-00760,Corporate,Central,Mobile App,Technology,Accessories,2,780.81,0.3,1093.13,188.02,Standard,6.0,4.4,False,GBP
ORD-104610,2025-04-05,CUST-00261,Home Office,East,Web,Technology,Machines,7,242.98,0.0,1700.86,608.91,Second Class,2.0,5.0,False,GBP
ORD-102383,2025-07-29,CUST-01046,Consumer,Central,Mobile App,Office Supplies,Art,1,53.73,0.2,42.98,9.2,Standard,8.0,3.0,True,GBP
ORD-101517,2024-10-16,CUST-01100,Consumer,West,Web,Technology,Phones,7,781.6,0.0,5471.2,2062.64,Standard,5.0,4.2,False,GBP
ORD-104091,2024-09-12,CUST-01214,Consumer,South,Web,Office Supplies,Art,3,20.35,0.1,54.95,11.76,Standard,9.0,2.4,False,GBP
ORD-103138,2025-02-19,CUST-00290,Consumer,East,Marketplace,Furniture,Bookcases,5,124.78,0.1,561.51,166.21,Second Class,5.0,3.6,False,GBP
ORD-102588,2025-05-14,CUST-00002,Consumer,East,Mobile App,Office Supplies,Paper,6,38.48,0.4,138.53,11.22,Second Class,3.0,3.8,False,GBP
ORD-100942,2024-04-05,CUST-00629,Corporate,Central,Mobile App,Technology,Machines,7,687.91,0.1,4333.83,1386.83,Standard,5.0,,False,GBP
ORD-100382,2025-09-03,CUST-00903,Corporate,Central,Web,Office Supplies,Labels,5,32.73,0.0,163.65,46.15,Standard,7.0,4.0,False,GBP
ORD-102530,2025-03-09,CUST-00001,Corporate,East,Web,Technology,Phones,2,218.72,0.0,437.44,181.1,Standard,5.0,3.7,False,GBP
ORD-104894,2025-12-20,CUST-00424,Consumer,South,Web,Office Supplies,Binders,7,64.14,0.3,314.29,60.03,Second Class,7.0,5.0,False,GBP
ORD-102932,2025-08-08,CUST-01125,Consumer,Central,Web,Technology,Copiers,8,1202.52,0.1,8658.14,1800.89,Standard,7.0,3.2,False,GBP
ORD-100239,2025-11-21,CUST-00832,Corporate,East,Phone,Technology,Phones,7,486.23,0.2,2722.89,114.36,Standard,8.0,4.6,False,GBP
ORD-100726,2025-11-26,CUST-01204,Consumer,North,Web,Technology,Phones,6,230.62,0.0,1383.72,394.36,Standard,6.0,4.1,False,GBP
ORD-101005,2025-10-23,CUST-01245,Consumer,West,Web,Office Supplies,Labels,1,63.96,0.0,63.96,16.05,Second Class,1.0,3.8,False,GBP
ORD-103363,2025-02-15,CUST-01204,Corporate,Central,Web,Office Supplies,Labels,3,27.27,0.0,81.81,30.11,First Class,3.0,5.0,True,GBP
ORD-103593,2024-04-11,CUST-00747,Consumer,North,Mobile App,Furniture,Bookcases,2,837.48,0.2,1339.97,250.57,Second Class,5.0,4.8,False,GBP
ORD-103157,2025-11-01,CUST-00551,Corporate,East,Web,Office Supplies,Paper,4,30.14,0.1,108.5,26.69,First Class,3.0,4.1,True,GBP
ORD-102251,2025-08-24,CUST-00656,Consumer,West,Mobile App,Technology,Phones,8,398.97,0.1,2872.58,1034.13,First Class,2.0,3.9,False,GBP
ORD-104266,2024-05-28,CUST-00700,,Central,Marketplace,Office Supplies,Labels,7,32.46,0.2,181.78,34.17,Standard,4.0,,False,GBP
ORD-102766,2025-02-15,CUST-01092,Consumer,Central,Mobile App,Office Supplies,Labels,3,25.55,0.0,76.65,18.32,Standard,5.0,5.0,False,GBP
ORD-104366,2024-10-01,CUST-01217,Home Office,East,Marketplace,Technology,Phones,6,298.88,0.0,1793.28,762.14,Standard,5.0,4.9,False,GBP
ORD-104906,2024-04-16,CUST-00964,Home Office,East,Web,Technology,Phones,4,390.08,0.3,1092.22,180.22,Standard,5.0,4.9,False,GBP
ORD-101786,2024-04-20,CUST-00991,Home Office,East,Web,Furniture,Bookcases,6,144.57,0.4,520.45,26.54,Second Class,3.0,4.5,False,GBP
ORD-103409,2024-08-07,CUST-00587,Consumer,South,Mobile App,Technology,Copiers,5,762.41,0.2,3049.64,814.25,Standard,5.0,4.3,False,GBP
ORD-102098,2024-07-25,CUST-00246,,North,Web,Technology,Copiers,4,125.82,0.0,503.28,151.49,First Class,4.0,3.1,False,GBP
ORD-102290,2025-07-22,CUST-00066,Consumer,North,Mobile App,Technology,Copiers,7,598.45,0.15,3560.78,765.57,Second Class,5.0,4.4,False,GBP
ORD-102457,2024-01-02,CUST-00132,Consumer,East,Marketplace,Technology,Copiers,5,444.8,0.1,2001.6,466.37,Standard,3.0,3.8,False,GBP
ORD-102616,2024-09-08,CUST-01261,,East,Mobile App,Office Supplies,Art,7,23.09,0.0,161.63,38.79,First Class,4.0,4.5,False,GBP
ORD-101710,2024-11-21,CUST-00591,Consumer,Central,Web,Office Supplies,Binders,7,39.23,0.0,274.61,69.2,Same Day,2.0,3.7,False,GBP
ORD-102374,2024-12-30,CUST-00431,Consumer,West,Web,Furniture,Bookcases,8,107.4,0.0,859.2,230.27,Standard,,3.5,False,GBP
ORD-100217,2024-04-14,CUST-00117,Consumer,North,Marketplace,Technology,Accessories,8,184.51,0.0,1476.08,503.34,Standard,7.0,,True,GBP
ORD-101555,2024-02-22,CUST-00258,Corporate,West,Web,Furniture,Tables,4,125.33,0.1,451.19,169.2,First Class,3.0,4.3,False,GBP
ORD-100648,2024-03-05,CUST-00237,Consumer,North,Web,Furniture,Tables,4,206.66,0.0,826.64,233.94,Standard,6.0,4.2,False,GBP
ORD-103777,2025-04-27,CUST-00391,Consumer,North,Web,Technology,Phones,3,253.33,0.2,607.99,133.76,Second Class,5.0,2.7,True,GBP
ORD-101415,2024-12-22,CUST-00360,Consumer,North,Web,Office Supplies,Storage,1,56.63,0.4,33.98,3.23,Second Class,6.0,3.1,False,GBP
ORD-104815,2024-04-15,CUST-00876,Consumer,North,Web,Furniture,Tables,2,267.99,0.15,455.58,89.29,Standard,6.0,3.6,False,GBP
ORD-100047,2025-07-10,CUST-01289,Consumer,West,Marketplace,Office Supplies,Storage,4,46.54,0.0,186.16,75.02,Standard,9.0,2.4,True,GBP
ORD-103208,2025-02-03,CUST-00998,Home Office,West,Mobile App,Technology,Copiers,5,287.48,0.0,1437.4,605.15,Standard,8.0,5.0,False,GBP
ORD-104237,2024-12-31,CUST-00311,,Central,Web,Technology,Machines,3,584.21,0.1,1577.37,378.57,First Class,2.0,4.2,False,GBP
ORD-102641,2024-02-02,CUST-00732,Consumer,West,Web,Furniture,Furnishings,8,388.42,0.1,2796.62,1213.73,Standard,6.0,3.1,False,GBP
ORD-102804,2025-08-11,CUST-01067,Home Office,Central,Web,Furniture,Bookcases,7,363.94,0.2,2038.06,705.17,Standard,5.0,3.2,False,GBP
ORD-100145,2025-11-04,CUST-00019,Home Office,South,Web,Technology,Machines,7,636.03,0.0,4452.21,1282.24,Standard,7.0,3.3,False,GBP
ORD-100288,2025-08-22,CUST-00596,Home Office,East,Web,Office Supplies,Paper,7,19.9,0.0,139.3,54.19,Standard,6.0,2.8,False,GBP
ORD-103105,2025-11-01,CUST-00552,Corporate,Central,Web,Office Supplies,Binders,4,19.02,0.2,60.86,8.7,Standard,6.0,3.5,False,GBP
ORD-103862,2025-04-03,CUST-01008,Consumer,South,Web,Furniture,Furnishings,1,255.26,0.2,204.21,20.01,Standard,5.0,2.8,False,GBP
ORD-101348,2025-10-26,CUST-00242,Corporate,South,Web,Furniture,Bookcases,6,393.94,0.3,1654.55,362.35,Standard,6.0,3.8,False,GBP
ORD-100559,2024-09-19,CUST-01265,Home Office,West,Web,Furniture,Chairs,7,159.98,0.3,783.9,43.11,Standard,8.0,2.1,False,GBP
ORD-104807,2024-05-25,CUST-01331,Corporate,North,Web,Office Supplies,Binders,8,94.78,0.0,758.24,263.11,Second Class,6.0,3.6,False,GBP
ORD-100058,2025-06-21,CUST-01018,Home Office,Central,Mobile App,Technology,Machines,1,580.54,0.15,493.46,102.64,Standard,8.0,2.8,False,GBP
ORD-101938,2025-01-05,CUST-00086,Consumer,North,Web,Office Supplies,Paper,2,44.9,0.2,71.84,20.55,Standard,8.0,4.0,False,GBP
ORD-100796,2024-05-12,CUST-00743,,Central,Web,Office Supplies,Paper,6,56.7,0.0,340.2,130.98,Standard,4.0,3.3,False,GBP
ORD-100367,2025-05-26,CUST-00454,Home Office,South,Web,Technology,Phones,5,763.32,0.1,3434.94,882.78,Standard,6.0,,False,GBP
ORD-100220,2025-03-17,CUST-00098,Corporate,West,Mobile App,Technology,Machines,3,759.32,0.3,1594.57,212.08,First Class,5.0,,False,GBP
ORD-101230,2024-02-04,CUST-01184,Corporate,South,Mobile App,Office Supplies,Labels,4,71.37,0.4,171.29,3.43,Standard,6.0,3.9,False,GBP
ORD-102279,2025-10-17,CUST-00431,Consumer,West,Web,Office Supplies,Storage,1,43.33,0.0,43.33,10.49,Same Day,2.0,5.0,True,GBP
ORD-100925,2025-04-18,CUST-01376,Consumer,West,Marketplace,Furniture,Furnishings,1,332.08,0.0,332.08,118.88,First Class,2.0,3.3,True,GBP
ORD-102912,2025-02-22,CUST-00088,Consumer,East,Web,Furniture,Chairs,6,147.18,0.15,750.62,194.41,First Class,3.0,3.2,False,GBP
ORD-100146,2025-05-21,CUST-00997,Consumer,South,Mobile App,Furniture,Bookcases,5,344.43,0.1,1549.94,387.48,Second Class,3.0,3.8,False,GBP
ORD-102623,2024-05-10,CUST-00451,Home Office,East,Web,Furniture,Furnishings,2,132.68,0.0,265.36,84.12,Second Class,2.0,2.6,False,GBP
ORD-101843,2025-08-31,CUST-00365,Consumer,West,Mobile App,Office Supplies,Binders,7,18.03,0.0,126.21,42.41,Standard,7.0,2.7,False,GBP
ORD-104634,2025-04-30,CUST-00759,Consumer,East,Phone,Furniture,Chairs,2,555.02,0.4,666.02,139.86,Standard,5.0,2.8,False,GBP
ORD-104344,2025-06-08,CUST-00236,,North,Web,Office Supplies,Labels,8,15.37,0.0,122.96,48.69,Standard,6.0,2.2,False,GBP
ORD-100083,2024-08-09,CUST-00898,Consumer,Central,Mobile App,Furniture,Chairs,6,215.32,0.0,1291.92,467.68,Standard,7.0,3.7,True,GBP
ORD-100243,2024-04-25,CUST-00258,Consumer,North,Web,Office Supplies,Storage,8,51.87,0.0,414.96,103.33,First Class,4.0,3.2,False,GBP
ORD-104380,2025-05-17,CUST-00661,Consumer,North,Web,Office Supplies,Paper,7,32.14,0.3,157.49,29.14,First Class,2.0,4.7,False,GBP
ORD-102291,2025-06-02,CUST-01042,Corporate,Central,Web,Office Supplies,Labels,5,11.52,0.3,40.32,2.34,Standard,6.0,3.5,False,GBP
ORD-102818,2024-10-07,CUST-01082,Corporate,South,Web,Office Supplies,Art,3,42.72,0.4,76.9,15.38,Second Class,4.0,3.9,False,GBP
ORD-101076,2025-02-21,CUST-00740,Consumer,South,Phone,Office Supplies,Storage,8,60.36,0.4,289.73,9.85,Standard,5.0,4.8,False,GBP
ORD-104002,2024-10-25,CUST-01300,Consumer,North,Web,Office Supplies,Paper,2,20.62,0.0,41.24,13.36,Same Day,1.0,4.1,False,GBP
ORD-104717,2025-04-23,CUST-00643,Corporate,East,Web,Office Supplies,Storage,4,48.84,0.2,156.29,42.98,Standard,7.0,5.0,False,GBP
ORD-104141,2025-12-11,CUST-00301,Consumer,South,Marketplace,Furniture,Chairs,5,310.57,0.0,1552.85,453.43,Same Day,0.0,5.0,False,GBP
ORD-100181,2024-12-15,CUST-00389,Home Office,West,Marketplace,Technology,Phones,4,528.74,0.0,2114.96,767.73,Standard,5.0,4.0,False,GBP
ORD-100794,2025-04-02,CUST-00262,Consumer,West,Mobile App,Furniture,Furnishings,6,391.04,0.3,1642.37,377.75,Standard,3.0,3.3,False,GBP
ORD-104356,2025-09-03,CUST-00938,Consumer,South,Mobile App,Technology,Accessories,2,257.95,0.3,361.13,77.64,Second Class,4.0,5.0,False,GBP
ORD-103897,2024-05-06,CUST-01283,Corporate,Central,Mobile App,Technology,Machines,7,364.23,0.3,1784.73,60.68,First Class,3.0,3.0,False,GBP
ORD-100575,2025-03-03,CUST-00834,Home Office,North,Marketplace,Furniture,Furnishings,7,354.2,0.0,2479.4,1073.58,Standard,6.0,,False,GBP
ORD-104328,2025-09-12,CUST-00594,Corporate,South,Marketplace,Technology,Accessories,6,235.5,0.15,1201.05,445.59,Standard,6.0,3.4,False,GBP
ORD-102938,2025-01-23,CUST-00284,Consumer,East,Web,Office Supplies,Paper,8,27.17,0.0,217.36,86.07,Same Day,3.0,4.6,False,GBP
ORD-101131,2025-09-20,CUST-00705,,Central,Web,Office Supplies,Paper,3,26.36,0.0,79.08,26.18,First Class,4.0,4.7,False,GBP
ORD-100519,2024-08-13,CUST-00893,,South,Mobile App,Office Supplies,Storage,2,19.66,0.0,39.32,11.64,Same Day,0.0,3.4,True,GBP
ORD-104567,2025-01-11,CUST-00341,,East,Mobile App,Office Supplies,Labels,4,10.03,0.3,28.08,1.91,Standard,7.0,4.2,False,GBP
ORD-104114,2025-12-14,CUST-00732,Corporate,South,Web,Furniture,Chairs,4,264.36,0.0,1057.44,493.82,Standard,8.0,2.7,False,GBP
ORD-104284,2025-03-12,CUST-00639,Corporate,East,Web,Technology,Machines,3,510.98,0.1,1379.65,211.09,Standard,6.0,4.4,False,GBP
ORD-100303,2024-11-20,CUST-00617,Consumer,Central,Web,Technology,Accessories,8,232.44,0.15,1580.59,434.66,First Class,3.0,4.3,False,GBP
ORD-104033,2024-06-03,CUST-00113,Corporate,Central,Marketplace,Furniture,Furnishings,4,129.84,0.15,441.46,144.36,Standard,6.0,3.9,False,GBP
ORD-103315,2024-04-01,CUST-01292,Home Office,West,Web,Office Supplies,Labels,7,31.79,0.0,222.53,86.12,Standard,7.0,4.4,False,GBP
ORD-103178,2025-09-05,CUST-00263,Consumer,West,Phone,Furniture,Furnishings,1,198.82,0.4,119.29,13.84,Standard,8.0,2.8,False,GBP
ORD-100898,2024-07-28,CUST-00231,Consumer,Central,Mobile App,Office Supplies,Art,4,33.95,0.1,122.22,30.31,Second Class,5.0,4.2,False,GBP
ORD-100785,2025-11-24,CUST-01122,Consumer,East,Web,Furniture,Chairs,6,174.56,0.15,890.26,270.64,Second Class,3.0,2.7,False,GBP
ORD-102135,2024-09-26,CUST-01331,,East,Marketplace,Office Supplies,Art,8,51.84,0.3,290.3,77.51,First Class,3.0,2.7,False,GBP
ORD-100211,2024-06-17,CUST-00634,,South,Web,Office Supplies,Binders,5,31.93,0.3,111.76,19.33,Standard,7.0,3.0,False,GBP
ORD-103341,2025-08-16,CUST-00058,Corporate,North,Marketplace,Furniture,Tables,2,175.29,0.2,280.46,30.29,Standard,3.0,3.9,False,GBP
ORD-103323,2025-12-27,CUST-00592,Consumer,Central,Mobile App,Furniture,Tables,8,218.21,0.0,1745.68,441.66,Same Day,0.0,4.5,False,GBP
ORD-100666,2024-04-04,CUST-00334,Home Office,South,Mobile App,Office Supplies,Paper,6,35.95,0.0,215.7,83.91,Standard,5.0,4.0,False,GBP
ORD-103966,2024-08-17,CUST-00726,,South,Web,Furniture,Bookcases,4,616.98,0.15,2097.73,698.54,Standard,6.0,3.0,False,GBP
ORD-101821,2025-11-10,CUST-00596,Corporate,South,Web,Furniture,Furnishings,4,151.98,0.2,486.34,121.58,Standard,5.0,4.0,False,GBP
ORD-102735,2024-04-09,CUST-00299,Corporate,East,Mobile App,Office Supplies,Labels,5,146.3,0.0,731.5,321.86,Standard,5.0,3.4,False,GBP
ORD-101481,2025-10-03,CUST-01144,Home Office,North,Web,Office Supplies,Labels,1,22.29,0.3,15.6,2.89,Standard,5.0,3.4,False,GBP
ORD-102053,2024-09-24,CUST-01024,Consumer,Central,Web,Furniture,Chairs,1,275.4,0.3,192.78,44.92,Second Class,4.0,4.5,False,GBP
ORD-102473,2025-10-31,CUST-01189,Corporate,South,Web,Office Supplies,Labels,3,16.94,0.4,30.49,6.98,Same Day,0.0,3.5,False,GBP
ORD-104980,2025-10-12,CUST-01177,Corporate,South,Marketplace,Office Supplies,Art,6,11.02,0.0,66.12,26.12,Standard,7.0,3.7,False,GBP
ORD-102618,2025-05-01,CUST-00272,Home Office,Central,Web,Technology,Machines,2,461.21,0.2,737.94,156.44,Same Day,0.0,2.4,False,GBP
ORD-102512,2024-10-30,CUST-00016,Consumer,South,Mobile App,Technology,Copiers,7,339.28,0.0,2374.96,755.24,Standard,,3.7,False,GBP
ORD-102359,2024-08-19,CUST-00007,Consumer,South,Mobile App,Furniture,Chairs,6,185.82,0.0,1114.92,515.09,First Class,5.0,4.0,False,GBP
ORD-101810,2025-08-28,CUST-00338,Consumer,West,Marketplace,Office Supplies,Storage,1,74.92,0.1,67.43,18.21,First Class,3.0,5.0,False,GBP
ORD-103463,2024-06-02,CUST-01050,Corporate,South,Mobile App,Technology,Phones,3,792.08,0.0,2376.24,853.07,Standard,5.0,4.4,False,GBP
ORD-102314,2024-09-05,CUST-01301,Home Office,North,Mobile App,Technology,Machines,2,277.46,0.2,443.94,108.32,Second Class,0.0,3.8,False,GBP
ORD-104135,2025-06-28,CUST-01048,Corporate,West,Mobile App,Office Supplies,Paper,7,27.98,0.0,195.86,59.35,First Class,3.0,5.0,False,GBP
ORD-104614,2025-02-13,CUST-01264,Corporate,West,Phone,Furniture,Tables,5,204.11,0.2,816.44,161.66,Standard,7.0,3.9,False,GBP
ORD-100116,2025-04-21,CUST-00630,Consumer,East,Mobile App,Technology,Accessories,7,447.43,0.0,3132.01,1187.03,Standard,5.0,5.0,False,GBP
ORD-101867,2025-01-03,CUST-00643,Consumer,West,Mobile App,Technology,Copiers,1,154.4,0.15,131.24,44.62,Second Class,3.0,4.7,False,GBP
ORD-102508,2024-09-15,CUST-00681,Home Office,East,Web,Furniture,Chairs,2,115.57,0.1,208.03,49.93,First Class,0.0,4.6,False,GBP
ORD-101506,2024-10-28,CUST-00220,Corporate,North,Mobile App,Technology,Machines,7,291.92,0.1,1839.1,746.67,Second Class,5.0,4.6,False,GBP
ORD-104744,2025-02-28,CUST-00318,Consumer,North,Mobile App,Technology,Phones,7,378.96,0.4,1591.63,89.13,First Class,3.0,4.8,False,GBP
ORD-100620,2025-09-13,CUST-00473,,South,Mobile App,Furniture,Tables,6,253.91,0.0,1523.46,472.27,Standard,,3.7,False,GBP
ORD-103638,2025-03-26,CUST-00492,Corporate,East,Web,Technology,Accessories,5,648.84,0.0,3244.2,1612.37,Second Class,3.0,4.0,False,GBP
ORD-104965,2024-06-26,CUST-00703,Home Office,North,Web,Office Supplies,Labels,6,16.68,0.0,100.08,27.72,First Class,3.0,3.8,False,GBP
ORD-104178,2024-06-19,CUST-00663,Corporate,South,Web,Furniture,Chairs,8,485.74,0.0,3885.92,1783.64,Standard,5.0,4.5,False,GBP
ORD-103327,2025-02-17,CUST-00441,,Central,Web,Furniture,Furnishings,7,332.26,0.0,2325.82,1009.41,Standard,5.0,3.2,False,GBP
ORD-103025,2024-10-13,CUST-00976,,Central,Mobile App,Office Supplies,Paper,2,13.83,0.2,22.13,2.94,Standard,8.0,3.9,False,GBP
ORD-101547,2025-10-23,CUST-00796,Consumer,West,Mobile App,Technology,Copiers,4,272.19,0.0,1088.76,420.26,Standard,7.0,3.8,False,GBP
ORD-101016,2024-01-08,CUST-01103,Consumer,Central,Web,Office Supplies,Art,3,20.82,0.0,62.46,28.67,Standard,8.0,2.8,False,GBP
ORD-103831,2024-09-10,CUST-01024,Consumer,North,Mobile App,Furniture,Furnishings,3,275.6,0.2,661.44,116.41,Second Class,,5.0,False,GBP
ORD-104517,2025-04-10,CUST-00183,Corporate,South,Marketplace,Office Supplies,Binders,7,31.54,0.0,220.78,73.08,Second Class,1.0,4.7,False,GBP
ORD-104411,2024-04-26,CUST-01316,,West,Web,Office Supplies,Paper,1,22.35,0.0,22.35,5.27,Standard,6.0,4.3,False,GBP
ORD-100711,2025-12-04,CUST-01205,Home Office,Central,Web,Furniture,Chairs,8,369.26,0.0,2954.08,827.14,Standard,5.0,3.0,True,GBP
ORD-101184,2024-05-21,CUST-00554,Corporate,West,Mobile App,Technology,Machines,4,943.34,0.3,2641.35,438.46,Second Class,5.0,2.2,False,GBP
ORD-102452,2024-09-10,CUST-00378,Consumer,South,Web,Office Supplies,Paper,7,32.88,0.4,138.1,29.0,Same Day,1.0,4.1,False,GBP
ORD-100429,2025-07-11,CUST-01383,Corporate,East,Web,Office Supplies,Paper,3,76.88,0.3,161.45,17.6,First Class,2.0,3.6,False,GBP
ORD-101476,2024-02-15,CUST-00285,Corporate,East,Phone,Office Supplies,Labels,3,12.98,0.4,23.36,1.8,Second Class,5.0,4.4,False,GBP
ORD-103444,2024-03-15,CUST-00305,Corporate,Central,Web,Office Supplies,Storage,3,32.94,0.0,98.82,40.12,Standard,7.0,4.5,True,GBP
ORD-104769,2025-04-07,CUST-00344,,West,Phone,Technology,Copiers,4,383.29,0.1,1379.84,416.71,Standard,7.0,3.4,False,GBP
ORD-100517,2025-03-18,CUST-00347,Consumer,South,Mobile App,Office Supplies,Labels,5,18.88,0.0,94.4,29.92,Same Day,2.0,2.7,False,GBP
ORD-104327,2024-12-12,CUST-00636,Consumer,Central,Marketplace,Office Supplies,Binders,7,31.8,0.0,222.6,64.78,Standard,6.0,2.5,False,GBP
ORD-102816,2024-12-01,CUST-01090,Consumer,East,Web,Office Supplies,Labels,1,39.11,0.0,39.11,9.93,Second Class,4.0,3.4,False,GBP
ORD-102920,2024-08-13,CUST-00378,,West,Mobile App,Technology,Copiers,3,737.73,0.0,2213.19,821.09,Standard,6.0,3.8,False,GBP
ORD-102093,2025-04-09,CUST-00511,Consumer,South,Web,Technology,Machines,5,242.64,0.15,1031.22,197.99,Standard,7.0,2.3,False,GBP
ORD-104312,2024-03-04,CUST-01096,Consumer,East,Web,Office Supplies,Paper,8,24.45,0.0,195.6,74.52,Standard,7.0,2.8,False,GBP
ORD-102025,2024-10-28,CUST-01178,Consumer,North,Marketplace,Office Supplies,Labels,5,25.17,0.4,75.51,8.99,Standard,5.0,4.4,False,GBP
ORD-104838,2024-01-30,CUST-00464,Corporate,West,Mobile App,Furniture,Furnishings,7,348.97,0.15,2076.37,651.98,Standard,6.0,5.0,False,GBP
ORD-100583,2025-05-25,CUST-01145,Home Office,North,Web,Office Supplies,Art,6,98.8,0.0,592.8,161.24,Standard,5.0,3.3,False,GBP
ORD-102758,2024-07-18,CUST-00444,Consumer,South,Mobile App,Technology,Phones,4,421.96,0.2,1350.27,342.97,Standard,7.0,3.3,False,GBP
ORD-102492,2025-07-29,CUST-00414,Consumer,West,Web,Furniture,Chairs,5,208.03,0.3,728.1,128.87,Standard,,3.4,False,GBP
ORD-101852,2024-12-31,CUST-00882,,North,Web,Office Supplies,Paper,4,50.2,0.0,200.8,67.67,Second Class,7.0,5.0,False,GBP
ORD-101533,2025-10-09,CUST-00496,Consumer,North,Marketplace,Office Supplies,Paper,3,21.0,0.0,63.0,24.26,Standard,4.0,3.8,False,GBP
ORD-103787,2025-06-23,CUST-00329,,West,Mobile App,Technology,Copiers,5,517.34,0.2,2069.36,521.48,First Class,4.0,4.5,False,GBP
ORD-101944,2024-02-25,CUST-00026,Consumer,North,Web,Technology,Phones,4,343.5,0.4,824.4,158.28,Same Day,0.0,4.6,False,GBP
ORD-102857,2024-09-21,CUST-00725,Home Office,East,Mobile App,Office Supplies,Paper,1,31.98,0.0,31.98,7.93,Standard,7.0,4.6,True,GBP
ORD-102737,2024-12-24,CUST-00069,Consumer,West,Web,Office Supplies,Paper,1,41.61,0.0,41.61,12.07,Standard,8.0,4.8,False,GBP
ORD-100383,2024-02-14,CUST-01058,Home Office,West,Web,Furniture,Chairs,5,427.73,0.15,1817.85,528.99,First Class,1.0,2.9,False,GBP
ORD-100757,2025-02-05,CUST-00743,Consumer,Central,Web,Furniture,Chairs,8,73.59,0.0,588.72,255.5,Standard,6.0,4.4,False,GBP
ORD-100985,2024-11-23,CUST-00948,Consumer,North,Mobile App,Office Supplies,Storage,4,47.13,0.4,113.11,26.81,Second Class,6.0,4.2,False,GBP
ORD-103543,2024-08-23,CUST-01000,,Central,Web,Furniture,Tables,1,264.59,0.0,264.59,83.88,First Class,2.0,3.5,False,GBP
ORD-102800,2025-03-31,CUST-01073,,South,Web,Technology,Phones,4,266.73,0.15,906.88,238.51,First Class,4.0,4.2,False,GBP
ORD-101023,2024-07-30,CUST-01254,Corporate,East,Mobile App,Office Supplies,Binders,1,35.47,0.15,30.15,4.1,Standard,7.0,3.8,False,GBP
ORD-104108,2024-08-01,CUST-00482,Corporate,East,Marketplace,Technology,Phones,4,393.65,0.2,1259.68,355.23,Standard,6.0,3.0,False,GBP
ORD-101804,2025-11-23,CUST-00076,,East,Phone,Office Supplies,Storage,5,34.74,0.1,156.33,33.92,Standard,4.0,3.0,False,GBP
ORD-101551,2025-01-04,CUST-00721,Consumer,Central,Web,Office Supplies,Art,5,36.76,0.1,165.42,57.4,Standard,5.0,3.3,False,GBP
ORD-101653,2025-06-21,CUST-01375,Consumer,Central,Marketplace,Technology,Copiers,1,307.29,0.0,12291.6,121.69,First Class,1.0,5.0,False,GBP
ORD-100306,2024-04-06,CUST-01257,Consumer,North,Web,Office Supplies,Paper,7,20.31,0.0,142.17,36.4,Standard,7.0,4.5,False,GBP
ORD-100481,2024-10-05,CUST-01246,Home Office,South,Web,Furniture,Furnishings,8,219.97,0.1,1583.78,481.47,Standard,5.0,4.5,False,GBP
ORD-102209,2024-03-19,CUST-00372,Consumer,South,Phone,Furniture,Chairs,3,185.39,0.0,556.17,200.22,Same Day,0.0,3.8,False,GBP
ORD-102837,2025-01-14,CUST-00941,Consumer,North,Mobile App,Office Supplies,Storage,3,24.81,0.4,44.66,5.94,Standard,4.0,5.0,False,GBP
ORD-101344,2024-09-28,CUST-00089,Corporate,North,Web,Furniture,Tables,4,166.18,0.0,664.72,129.62,Same Day,0.0,3.7,False,GBP
ORD-104271,2024-12-14,CUST-00681,,South,Web,Furniture,Tables,5,263.05,0.4,789.15,59.98,Standard,7.0,3.5,False,GBP
ORD-104878,2025-02-24,CUST-00516,Corporate,West,Phone,Furniture,Chairs,7,135.77,0.15,807.83,210.84,Second Class,5.0,3.4,False,GBP
ORD-101490,2025-10-07,CUST-00930,Consumer,South,Web,Office Supplies,Paper,6,53.82,0.15,274.48,65.05,Second Class,4.0,5.0,True,GBP
ORD-102899,2024-03-10,CUST-00795,Corporate,North,Mobile App,Office Supplies,Art,4,44.75,0.3,125.3,24.93,Same Day,2.0,4.5,False,GBP
ORD-100448,2025-09-08,CUST-00914,Consumer,East,Web,Office Supplies,Storage,6,12.52,0.4,45.07,4.28,Standard,6.0,4.0,False,GBP
ORD-101043,2024-03-13,CUST-00715,Consumer,South,Marketplace,Office Supplies,Binders,6,31.93,0.0,191.58,61.11,First Class,4.0,,False,GBP
ORD-100651,2024-05-12,CUST-00747,Consumer,West,Phone,Furniture,Tables,5,274.51,0.0,1372.55,242.94,Standard,7.0,3.5,True,GBP
ORD-104589,2025-04-22,CUST-01132,Consumer,South,Marketplace,Office Supplies,Paper,7,41.76,0.3,204.62,45.43,First Class,5.0,2.9,False,GBP
ORD-104788,2025-10-31,CUST-00558,Consumer,East,Web,Furniture,Chairs,4,440.16,0.15,1496.54,227.47,Standard,5.0,4.7,False,GBP
ORD-100812,2024-01-21,CUST-00480,,Central,Marketplace,Technology,Machines,1,554.81,0.4,332.89,56.92,Standard,,2.0,False,GBP
ORD-102918,2024-02-27,CUST-00050,Home Office,West,Mobile App,Furniture,Tables,1,183.23,0.2,146.58,34.89,Second Class,4.0,5.0,False,GBP
ORD-103366,2024-05-23,CUST-00022,Consumer,West,Web,Furniture,Chairs,3,326.42,0.3,685.48,116.53,Standard,6.0,3.3,False,GBP
ORD-101797,2024-04-02,CUST-00196,Consumer,East,Web,Technology,Copiers,5,452.15,0.1,2034.68,549.36,Same Day,2.0,4.1,False,GBP
ORD-101529,2025-04-27,CUST-00297,Home Office,Central,Web,Furniture,Chairs,5,668.57,0.4,2005.71,290.83,Standard,7.0,3.1,False,GBP
ORD-101074,2024-01-13,CUST-00934,Home Office,North,Marketplace,Furniture,Chairs,3,284.31,0.2,682.34,225.17,Second Class,4.0,5.0,False,GBP
ORD-103147,2025-06-30,CUST-01104,,West,Mobile App,Technology,Copiers,4,286.75,0.2,917.6,116.54,Standard,6.0,3.5,False,GBP
ORD-103248,2025-06-24,CUST-01212,,Central,Marketplace,Technology,Copiers,3,452.47,0.0,1357.41,367.86,Standard,4.0,4.0,True,GBP
ORD-100608,2025-05-09,CUST-00172,Consumer,West,Marketplace,Technology,Phones,4,561.93,0.0,2247.72,797.94,Second Class,6.0,,False,GBP
ORD-104685,2025-06-29,CUST-01008,Consumer,South,Mobile App,Technology,Machines,3,735.31,0.0,2205.93,968.4,Standard,6.0,5.0,False,GBP
ORD-104155,2025-09-28,CUST-01336,Home Office,Central,Mobile App,Office Supplies,Labels,3,36.26,0.0,108.78,20.12,Standard,6.0,3.5,True,GBP
ORD-101325,2024-05-30,CUST-00140,Consumer,South,Web,Technology,Machines,1,808.01,0.4,484.81,70.78,Standard,4.0,3.1,False,GBP
ORD-102959,2025-04-22,CUST-00364,Home Office,West,Marketplace,Office Supplies,Labels,5,43.48,0.1,195.66,57.72,Standard,5.0,4.0,False,GBP
ORD-102088,2024-02-13,CUST-00920,Consumer,East,Marketplace,Office Supplies,Art,8,18.58,0.15,126.34,35.0,Second Class,3.0,4.6,False,GBP
ORD-102210,2025-10-15,CUST-00082,Consumer,North,Marketplace,Furniture,Bookcases,2,1320.81,0.1,2377.46,672.82,Second Class,4.0,4.1,False,GBP
ORD-101789,2024-11-25,CUST-00707,Consumer,North,Web,Technology,Phones,6,560.62,0.15,2859.16,634.73,First Class,4.0,3.1,False,GBP
ORD-103102,2024-03-26,CUST-00559,,South,Mobile App,Furniture,Bookcases,8,144.28,0.0,1154.24,372.82,Same Day,1.0,,False,GBP
ORD-101999,2024-01-24,CUST-01027,Corporate,East,Web,Furniture,Chairs,3,727.38,0.2,1745.71,329.94,Standard,7.0,2.8,False,GBP
ORD-100153,2025-01-03,CUST-00304,,South,Web,Office Supplies,Storage,2,66.41,0.2,106.26,23.38,Standard,5.0,,False,GBP
ORD-100039,2025-04-05,CUST-00518,Consumer,North,Web,Furniture,Chairs,5,155.98,0.3,545.93,122.29,Standard,,3.9,False,GBP
ORD-102078,2024-04-21,CUST-00885,,West,Web,Office Supplies,Art,8,73.61,0.0,588.88,162.53,Standard,8.0,2.2,False,GBP
ORD-102798,2024-09-02,CUST-00835,,East,Mobile App,Office Supplies,Binders,8,52.61,0.0,420.88,102.69,Standard,7.0,4.2,False,GBP
ORD-104618,2025-12-26,CUST-00194,Home Office,North,Mobile App,Office Supplies,Storage,1,31.83,0.0,31.83,9.14,Standard,5.0,4.2,False,GBP
ORD-101779,2025-11-10,CUST-00577,Home Office,East,Mobile App,Technology,Accessories,2,513.56,0.15,873.05,325.65,Second Class,2.0,4.8,False,GBP
ORD-101943,2024-04-14,CUST-00355,Home Office,North,Marketplace,Office Supplies,Binders,2,37.8,0.1,68.04,17.89,Standard,7.0,3.8,True,GBP
ORD-103948,2024-03-13,CUST-00764,Consumer,Central,Web,Office Supplies,Labels,8,24.98,0.3,139.89,15.95,Standard,7.0,2.1,False,GBP
ORD-100731,2024-08-28,CUST-00060,,North,Mobile App,Office Supplies,Paper,1,119.44,0.1,107.5,28.06,Standard,9.0,2.4,False,GBP
ORD-104151,2025-05-15,CUST-01068,Consumer,North,Marketplace,Furniture,Bookcases,6,469.01,0.0,2814.06,1347.93,Standard,5.0,3.2,True,GBP
ORD-104674,2025-02-01,CUST-00329,Home Office,Central,Web,Office Supplies,Art,3,19.44,0.3,40.82,8.94,Standard,6.0,2.8,False,GBP
ORD-101626,2025-02-27,CUST-00787,Corporate,West,Web,Office Supplies,Paper,3,22.14,0.4,39.85,5.82,Same Day,0.0,4.5,False,GBP
ORD-103550,2025-03-31,CUST-01069,,Central,Mobile App,Furniture,Bookcases,2,79.04,0.1,142.27,50.08,Standard,5.0,3.2,False,GBP
ORD-102217,2024-05-17,CUST-01365,Home Office,Central,Web,Furniture,Furnishings,8,128.48,0.0,1027.84,450.19,Second Class,4.0,3.9,False,GBP
ORD-101770,2025-09-28,CUST-00925,Home Office,West,Web,Office Supplies,Storage,6,83.13,0.0,498.78,110.73,Standard,6.0,3.8,False,GBP
ORD-102865,2024-05-18,CUST-00243,Consumer,West,Web,Office Supplies,Art,5,37.08,0.15,157.59,41.13,Second Class,3.0,2.5,False,GBP
ORD-102435,2025-12-28,CUST-01313,Consumer,Central,Web,Furniture,Tables,6,277.56,0.0,1665.36,442.99,Second Class,3.0,4.4,False,GBP
ORD-100244,2024-08-08,CUST-01384,Consumer,North,Web,Furniture,Chairs,2,986.61,0.1,1775.9,545.2,Standard,7.0,1.9,False,GBP
ORD-101066,2025-06-24,CUST-01206,Consumer,Central,Mobile App,Technology,Phones,2,866.93,0.15,1473.78,458.35,Second Class,2.0,2.7,False,GBP
ORD-100509,2025-02-14,CUST-00040,Corporate,East,Web,Office Supplies,Labels,5,27.68,0.2,110.72,29.67,Standard,7.0,3.3,False,GBP
ORD-102424,2024-10-03,CUST-01139,Corporate,South,Mobile App,Office Supplies,Art,3,43.64,0.0,130.92,42.55,First Class,3.0,5.0,False,GBP
ORD-102462,2024-09-02,CUST-00586,Consumer,South,Marketplace,Technology,Machines,6,412.79,0.0,2476.74,879.24,Standard,7.0,4.3,True,GBP
ORD-102296,2024-09-25,CUST-01343,Corporate,Central,Web,Technology,Machines,7,411.95,0.0,2883.65,1078.49,Standard,5.0,4.5,False,GBP
ORD-104038,2025-05-23,CUST-01094,Home Office,North,Mobile App,Furniture,Tables,6,242.42,0.0,1454.52,370.9,Standard,5.0,3.0,False,GBP
ORD-104176,2025-10-08,CUST-00024,Consumer,South,Phone,Furniture,Furnishings,2,130.46,0.0,260.92,94.97,First Class,2.0,5.0,False,GBP
ORD-102373,2024-12-28,CUST-00755,Home Office,East,Web,Office Supplies,Art,2,26.39,0.0,52.78,19.58,Same Day,2.0,3.1,False,GBP
ORD-102091,2024-01-01,CUST-00467,Consumer,Central,Mobile App,Furniture,Furnishings,4,502.59,0.2,1608.29,342.57,Standard,5.0,2.9,False,GBP
ORD-103840,2025-11-19,CUST-00102,Consumer,West,Web,Furniture,Bookcases,7,232.04,0.0,1624.28,531.14,Standard,6.0,4.6,False,GBP
ORD-102503,2024-02-01,CUST-00075,Consumer,East,Mobile App,Furniture,Bookcases,8,460.54,0.0,3684.32,1565.84,Standard,5.0,2.9,False,GBP
ORD-102997,2025-11-09,CUST-01328,Corporate,East,Web,Office Supplies,Binders,4,51.84,0.1,186.62,22.95,Same Day,2.0,4.4,False,GBP
ORD-104797,2025-07-26,CUST-00964,Corporate,North,Mobile App,Furniture,Tables,8,201.06,0.4,965.09,105.19,Standard,10.0,3.6,False,GBP
ORD-101570,2025-05-06,CUST-00547,Consumer,South,Web,Office Supplies,Storage,8,22.38,0.0,179.04,30.79,Standard,5.0,4.0,False,GBP
ORD-101477,2025-04-21,CUST-00870,Consumer,South,Web,Office Supplies,Storage,1,48.28,0.1,43.45,15.29,Second Class,2.0,4.9,False,GBP
ORD-100715,2024-12-12,CUST-00144,Corporate,South,Marketplace,Furniture,Bookcases,6,220.9,0.1,1192.86,361.44,Same Day,1.0,2.4,False,GBP
ORD-103211,2024-12-15,CUST-01137,Corporate,East,Web,Office Supplies,Paper,5,31.05,0.0,155.25,69.55,Standard,6.0,4.5,False,GBP
ORD-100414,2024-01-30,CUST-01291,,North,Web,Office Supplies,Storage,8,51.06,0.2,326.78,69.93,Standard,7.0,4.1,False,GBP
ORD-101436,2025-05-05,CUST-01392,,East,Marketplace,Office Supplies,Binders,6,20.82,0.0,124.92,34.35,First Class,3.0,3.4,False,GBP
ORD-102839,2025-10-18,CUST-00262,Consumer,West,Mobile App,Office Supplies,Art,2,44.83,0.0,89.66,25.28,Standard,,2.7,True,GBP
ORD-103747,2025-04-05,CUST-00042,Corporate,East,Web,Furniture,Furnishings,7,333.97,0.1,2104.01,610.16,Second Class,6.0,3.5,False,GBP
ORD-102993,2025-12-29,CUST-00010,Home Office,West,Phone,Office Supplies,Art,1,52.64,0.0,52.64,21.58,Standard,8.0,2.4,False,GBP
ORD-101678,2024-12-30,CUST-01219,Home Office,West,Marketplace,Furniture,Furnishings,6,239.83,0.0,1438.98,513.72,Standard,5.0,3.3,False,GBP
ORD-102162,2025-02-19,CUST-00613,Corporate,North,Marketplace,Technology,Machines,1,1002.7,0.1,902.43,268.02,Standard,3.0,3.0,False,GBP
ORD-103127,2025-03-31,CUST-00444,Corporate,North,Web,Office Supplies,Paper,3,35.57,0.1,96.04,25.35,First Class,3.0,2.3,False,GBP
ORD-101827,2024-07-26,CUST-00374,,Central,Mobile App,Technology,Machines,1,583.14,0.3,408.2,66.13,Standard,4.0,3.9,True,GBP
ORD-100493,2025-05-23,CUST-00474,Home Office,North,Mobile App,Office Supplies,Binders,7,24.3,0.15,144.58,24.58,Standard,8.0,3.7,True,GBP
ORD-104365,2024-07-03,CUST-00420,,Central,Web,Technology,Phones,4,360.63,0.0,1442.52,441.41,Standard,6.0,4.8,False,GBP
ORD-100789,2024-12-09,CUST-00709,Consumer,South,Marketplace,Office Supplies,Labels,2,54.11,0.3,75.75,26.36,Standard,4.0,4.0,True,GBP
ORD-101376,2024-02-12,CUST-00259,Consumer,Central,Web,Office Supplies,Paper,7,20.65,0.15,122.87,34.77,Second Class,2.0,3.8,False,GBP
ORD-103889,2024-03-01,CUST-00356,Consumer,East,Web,Office Supplies,Storage,2,13.33,0.0,26.66,9.38,First Class,5.0,4.1,False,GBP
ORD-103013,2025-01-27,CUST-00454,Home Office,South,Web,Office Supplies,Paper,5,31.29,0.0,156.45,61.8,Standard,8.0,3.0,False,GBP
ORD-103753,2024-11-07,CUST-01063,Home Office,North,Phone,Technology,Machines,2,279.84,0.2,447.74,82.38,First Class,3.0,3.9,False,GBP
ORD-104633,2024-07-16,CUST-00471,Corporate,East,Mobile App,Technology,Accessories,7,930.47,0.1,5861.96,1383.42,First Class,2.0,4.7,False,GBP
ORD-104226,2024-03-23,CUST-00436,Corporate,East,Mobile App,Technology,Phones,6,392.04,0.1,2117.02,834.11,Standard,4.0,3.7,False,GBP
ORD-100890,2024-04-17,CUST-00341,Consumer,Central,Web,Furniture,Chairs,6,119.69,0.4,430.88,1.29,Standard,8.0,4.5,False,GBP
ORD-100169,2025-05-19,CUST-01169,Home Office,Central,Web,Technology,Machines,5,419.37,0.1,1887.16,500.1,Same Day,1.0,,False,GBP
ORD-102796,2024-02-09,CUST-00619,Consumer,Central,Marketplace,Office Supplies,Paper,5,26.93,0.1,121.18,27.02,Second Class,2.0,2.4,False,GBP
ORD-102545,2025-02-23,CUST-00164,Consumer,East,Web,Furniture,Tables,6,211.31,0.3,887.5,148.21,Standard,6.0,4.7,False,GBP
ORD-102531,2024-10-26,CUST-00638,Consumer,North,Mobile App,Office Supplies,Paper,2,23.87,0.1,42.97,10.01,First Class,5.0,3.6,False,GBP
ORD-102570,2025-08-21,CUST-00993,Consumer,North,Marketplace,Furniture,Bookcases,2,357.79,0.0,715.58,261.19,Standard,6.0,2.9,False,GBP
ORD-104361,2025-11-21,CUST-00954,Consumer,East,Marketplace,Office Supplies,Labels,1,29.77,0.1,26.79,9.32,Standard,6.0,3.6,False,GBP
ORD-104548,2024-09-22,CUST-00872,Home Office,North,Web,Furniture,Tables,3,244.46,0.0,733.38,269.15,Standard,6.0,3.9,False,GBP
ORD-103789,2024-01-20,CUST-01398,Consumer,Central,Mobile App,Technology,Machines,1,282.64,0.15,240.24,32.19,Standard,5.0,3.9,False,GBP
ORD-100712,2025-08-19,CUST-00080,,South,Web,Office Supplies,Labels,2,30.92,0.0,61.84,23.99,Second Class,3.0,4.1,False,GBP
ORD-101356,2025-03-04,CUST-00207,Consumer,Central,Marketplace,Furniture,Bookcases,2,116.81,0.0,233.62,89.71,Second Class,5.0,2.8,False,GBP
ORD-101315,2025-01-02,CUST-01273,,Central,Web,Office Supplies,Labels,5,39.29,0.1,176.8,63.12,Standard,7.0,2.5,False,GBP
ORD-101220,2024-01-19,CUST-00347,Corporate,South,Web,Office Supplies,Binders,2,17.48,0.0,34.96,9.4,First Class,2.0,3.9,False,GBP
ORD-100916,2024-12-27,CUST-00331,Corporate,Central,Mobile App,Technology,Machines,7,749.77,0.2,4198.71,722.18,Standard,10.0,2.5,False,GBP
ORD-102851,2024-02-22,CUST-00801,Consumer,North,Web,Office Supplies,Paper,8,20.62,0.0,164.96,68.46,Second Class,3.0,,False,GBP
ORD-103115,2025-07-05,CUST-00254,Corporate,South,Marketplace,Furniture,Furnishings,8,164.06,0.3,918.74,84.52,Standard,4.0,2.3,False,GBP
ORD-102572,2025-03-08,CUST-00724,,East,Marketplace,Technology,Phones,6,279.9,0.4,1007.64,185.41,Standard,6.0,3.9,False,GBP
ORD-101486,2025-11-24,CUST-01208,Home Office,Central,Marketplace,Technology,Machines,7,191.84,0.0,1342.88,508.95,First Class,2.0,4.2,False,GBP
ORD-103087,2025-07-23,CUST-00995,Corporate,North,Web,Office Supplies,Art,6,25.23,0.0,151.38,59.34,Second Class,5.0,4.3,False,GBP
ORD-102769,2025-09-08,CUST-00211,Home Office,North,Web,Technology,Machines,3,407.59,0.0,1222.77,562.47,Same Day,3.0,4.3,False,GBP
ORD-104024,2024-05-02,CUST-00887,Home Office,East,Mobile App,Office Supplies,Labels,7,23.73,0.15,141.19,28.66,Standard,4.0,4.0,False,GBP
ORD-104732,2024-10-13,CUST-00332,Corporate,North,Web,Office Supplies,Labels,7,50.09,0.0,350.63,149.02,First Class,1.0,3.8,False,GBP
ORD-102793,2025-06-03,CUST-01152,Corporate,North,Web,Technology,Phones,7,780.32,0.0,5462.24,1977.33,First Class,4.0,4.2,True,GBP
ORD-102573,2025-11-18,CUST-00114,Home Office,East,Web,Office Supplies,Storage,1,26.71,0.2,21.37,7.01,First Class,3.0,4.9,False,GBP
ORD-102518,2024-01-23,CUST-00039,Home Office,East,Mobile App,Furniture,Chairs,4,352.76,0.0,1411.04,496.69,Standard,7.0,4.7,False,GBP
ORD-101432,2025-08-25,CUST-00648,Consumer,South,Web,Technology,Copiers,5,600.47,0.0,3002.35,1273.0,Standard,5.0,4.9,False,GBP
ORD-102385,2024-04-28,CUST-00828,Consumer,North,Marketplace,Technology,Phones,2,481.16,0.3,673.62,148.87,First Class,3.0,2.8,False,GBP
ORD-100566,2024-08-15,CUST-00579,Consumer,South,Web,Furniture,Furnishings,4,262.28,0.15,891.75,235.42,Second Class,4.0,3.6,False,GBP
ORD-100041,2025-04-13,CUST-00447,Consumer,West,Mobile App,Technology,Copiers,1,841.07,0.3,588.75,67.71,Standard,7.0,4.1,False,GBP
ORD-103905,2025-10-29,CUST-00266,Home Office,North,Mobile App,Office Supplies,Labels,2,43.66,0.0,87.32,28.29,Second Class,5.0,,False,GBP
ORD-100422,2024-09-10,CUST-00839,Corporate,South,Marketplace,Furniture,Furnishings,2,98.4,0.0,196.8,48.81,Second Class,3.0,4.5,False,GBP
ORD-103251,2024-12-14,CUST-00305,Consumer,South,Web,Office Supplies,Binders,8,13.01,0.0,104.08,37.78,Second Class,3.0,3.0,False,GBP
ORD-103221,2025-11-27,CUST-00408,Corporate,Central,Mobile App,Furniture,Bookcases,8,262.14,0.4,1258.27,177.42,Standard,4.0,5.0,False,GBP
ORD-103071,2024-10-02,CUST-01144,Corporate,North,Web,Technology,Copiers,1,658.58,0.3,461.01,-19.36,Standard,3.0,3.9,False,GBP
ORD-104445,2024-06-13,CUST-00542,Consumer,Central,Web,Office Supplies,Labels,8,18.99,0.0,151.92,75.05,Standard,6.0,2.2,False,GBP
ORD-101241,2024-02-28,CUST-00693,Consumer,West,Marketplace,Furniture,Furnishings,2,260.6,0.4,312.72,56.6,Standard,8.0,3.4,False,GBP
ORD-102673,2024-12-24,CUST-00132,Consumer,South,Web,Technology,Copiers,8,102.67,0.1,739.22,231.38,Same Day,0.0,4.6,False,GBP
ORD-100915,2024-08-19,CUST-00216,Consumer,South,Mobile App,Furniture,Furnishings,7,169.93,0.4,713.71,24.27,Second Class,4.0,4.9,False,GBP
ORD-100052,2024-02-22,CUST-00437,Consumer,West,Mobile App,Furniture,Tables,8,164.17,0.0,1313.36,510.9,Standard,7.0,2.9,False,GBP
ORD-102302,2024-04-22,CUST-00179,Consumer,West,Mobile App,Office Supplies,Art,8,11.93,0.0,95.44,34.45,First Class,5.0,5.0,False,GBP
ORD-104198,2025-10-01,CUST-01340,,West,Mobile App,Office Supplies,Labels,7,25.48,0.0,178.36,74.55,Standard,6.0,3.9,False,GBP
ORD-104877,2025-09-19,CUST-01071,Consumer,South,Marketplace,Office Supplies,Art,4,25.34,0.4,60.82,1.89,Standard,8.0,3.1,False,GBP
ORD-100644,2024-05-10,CUST-00476,Consumer,North,Marketplace,Office Supplies,Paper,6,50.16,0.2,240.77,60.19,Standard,7.0,3.7,False,GBP
ORD-102113,2024-06-19,CUST-00968,Consumer,West,Mobile App,Office Supplies,Labels,1,44.69,0.15,37.99,16.26,Second Class,4.0,3.8,True,GBP
ORD-100837,2025-07-26,CUST-00971,Consumer,North,Marketplace,Technology,Accessories,7,1400.96,0.1,8826.05,2506.6,Standard,5.0,4.4,False,GBP
ORD-103766,2025-04-23,CUST-00940,Corporate,North,Web,Office Supplies,Paper,4,21.39,0.2,68.45,7.67,Standard,6.0,4.2,False,GBP
ORD-104073,2024-07-30,CUST-00755,Consumer,Central,Web,Technology,Copiers,2,516.82,0.2,826.91,234.84,First Class,2.0,2.9,False,GBP
ORD-101156,2024-06-04,CUST-00296,,Central,Marketplace,Office Supplies,Labels,1,63.58,0.0,63.58,15.64,Standard,4.0,3.9,False,GBP
ORD-104505,2025-12-07,CUST-00622,,South,Mobile App,Office Supplies,Paper,8,14.44,0.15,98.19,31.03,Second Class,2.0,4.1,False,GBP
ORD-100398,2025-05-14,CUST-00924,Corporate,Central,Marketplace,Technology,Machines,6,214.84,0.15,1095.68,150.11,Standard,5.0,4.5,False,GBP
ORD-102024,2025-11-05,CUST-00099,Consumer,East,Marketplace,Office Supplies,Binders,2,19.51,0.3,27.31,7.67,Standard,6.0,,False,GBP
ORD-100783,2025-06-09,CUST-00110,,North,Mobile App,Technology,Accessories,7,145.06,0.2,812.34,197.4,Standard,5.0,2.9,False,GBP
ORD-104842,2025-06-08,CUST-01378,Consumer,North,Web,Furniture,Tables,3,283.29,0.0,849.87,245.61,First Class,2.0,2.9,False,GBP
ORD-104705,2025-06-11,CUST-01334,Corporate,West,Phone,Office Supplies,Storage,6,35.31,0.15,180.08,38.36,Standard,5.0,3.7,False,GBP
ORD-100283,2024-07-13,CUST-00115,Consumer,North,Mobile App,Office Supplies,Art,8,23.42,0.0,187.36,58.27,First Class,3.0,2.4,False,GBP
ORD-104946,2025-10-03,CUST-01187,,North,Mobile App,Technology,Machines,8,129.04,0.1,929.09,310.32,Second Class,4.0,4.7,False,GBP
ORD-103439,2024-07-23,CUST-00107,Corporate,South,Mobile App,Technology,Copiers,4,625.02,0.0,2500.08,737.52,Standard,4.0,4.0,False,GBP
ORD-101252,2024-09-23,CUST-00022,Consumer,Central,Marketplace,Office Supplies,Binders,8,10.92,0.0,87.36,32.32,Standard,3.0,3.6,False,GBP
ORD-104066,2025-04-30,CUST-00684,Home Office,Central,Mobile App,Office Supplies,Labels,3,46.45,0.15,118.45,29.73,Second Class,3.0,4.0,False,GBP
ORD-101273,2025-03-30,CUST-01091,Corporate,West,Web,Office Supplies,Storage,1,22.8,0.2,18.24,3.5,Standard,7.0,3.9,False,GBP
ORD-103110,2024-05-31,CUST-00101,Consumer,North,Web,Office Supplies,Art,4,11.85,0.1,42.66,15.19,Second Class,5.0,4.3,False,GBP
ORD-101199,2024-09-06,CUST-00024,Consumer,South,Web,Furniture,Chairs,8,212.71,0.1,1531.51,462.52,First Class,0.0,,False,GBP
ORD-101906,2024-04-22,CUST-00555,Corporate,West,Web,Office Supplies,Labels,2,27.15,0.0,54.3,15.2,Second Class,4.0,4.8,False,GBP
ORD-103918,2025-10-12,CUST-01264,Consumer,Central,Web,Furniture,Chairs,7,115.06,0.2,644.34,16.75,Standard,6.0,2.2,True,GBP
ORD-104903,2025-01-30,CUST-00596,,North,Mobile App,Furniture,Furnishings,7,141.08,0.0,987.56,407.86,Standard,3.0,3.2,False,GBP
ORD-103519,2024-09-29,CUST-00577,Consumer,North,Marketplace,Furniture,Bookcases,1,216.83,0.15,184.31,24.33,Standard,7.0,4.4,False,GBP
ORD-103016,2024-06-21,CUST-01223,Consumer,West,Marketplace,Office Supplies,Labels,6,33.82,0.0,202.92,71.02,Standard,7.0,4.2,False,GBP
ORD-104727,2024-11-01,CUST-00558,Consumer,South,Mobile App,Office Supplies,Storage,5,32.3,0.0,161.5,91.41,Standard,6.0,3.5,False,GBP
ORD-102951,2024-01-14,CUST-00620,,North,Web,Furniture,Bookcases,2,492.25,0.0,984.5,350.48,Standard,6.0,3.6,True,GBP
ORD-103396,2024-12-26,CUST-01105,,Central,Web,Furniture,Tables,8,159.67,0.3,894.15,296.86,First Class,2.0,,False,GBP
ORD-101712,2025-08-03,CUST-00674,Consumer,East,Web,Technology,Accessories,2,198.86,0.0,397.72,167.04,Standard,6.0,3.3,False,GBP
ORD-101141,2025-01-19,CUST-01139,Consumer,South,Web,Technology,Accessories,8,323.11,0.1,2326.39,560.66,Same Day,2.0,4.4,False,GBP
ORD-104322,2025-05-10,CUST-00397,Home Office,East,Mobile App,Furniture,Tables,3,339.82,0.1,917.51,151.39,Standard,6.0,3.2,False,GBP
ORD-104869,2024-07-07,CUST-00652,Consumer,Central,Marketplace,Furniture,Chairs,2,145.15,0.3,203.21,34.55,First Class,5.0,3.8,False,GBP
ORD-101714,2025-01-03,CUST-01166,Consumer,South,Mobile App,Office Supplies,Labels,2,15.21,0.3,21.29,2.07,Second Class,3.0,3.1,True,GBP
ORD-103551,2025-09-27,CUST-01345,Corporate,West,Mobile App,Office Supplies,Paper,5,22.48,0.3,78.68,24.08,Standard,5.0,3.7,False,GBP
ORD-103544,2024-03-13,CUST-00699,Consumer,South,Marketplace,Technology,Copiers,8,190.19,0.0,1521.52,553.83,Standard,0.0,3.8,False,GBP
ORD-104456,2024-07-26,CUST-00204,Consumer,West,Mobile App,Technology,Copiers,3,354.28,0.0,1062.84,346.49,First Class,5.0,4.6,False,GBP
ORD-103298,2024-05-17,CUST-00577,Corporate,South,Web,Office Supplies,Storage,5,20.95,0.0,104.75,27.44,Standard,8.0,3.9,False,GBP
ORD-104835,2024-06-13,CUST-00863,Consumer,Central,Mobile App,Furniture,Furnishings,5,435.84,0.0,2179.2,989.36,Same Day,0.0,3.9,False,GBP
ORD-100552,2025-06-18,CUST-01125,Home Office,South,Phone,Furniture,Furnishings,3,304.2,0.3,638.82,56.22,Second Class,7.0,4.2,False,GBP
ORD-104875,2024-01-19,CUST-00027,Home Office,East,Mobile App,Furniture,Bookcases,8,278.28,0.3,1558.37,388.03,Standard,8.0,4.3,False,GBP
ORD-100197,2025-08-05,CUST-00207,Consumer,East,Mobile App,Office Supplies,Labels,7,48.13,0.0,336.91,106.46,Standard,7.0,4.2,False,GBP
ORD-101040,2025-04-18,CUST-00196,Consumer,North,Web,Furniture,Bookcases,7,505.61,0.4,2123.56,314.29,Second Class,5.0,3.0,False,GBP
ORD-104816,2024-08-21,CUST-01031,Home Office,North,Phone,Technology,Phones,8,192.9,0.3,1080.24,189.04,Standard,7.0,1.9,False,GBP
ORD-100844,2024-01-01,CUST-01067,Consumer,North,Web,Office Supplies,Art,5,13.95,0.0,69.75,25.53,First Class,4.0,3.2,False,GBP
ORD-104429,2024-03-23,CUST-00881,Home Office,South,Mobile App,Furniture,Chairs,6,179.42,0.0,1076.52,416.61,Standard,7.0,,False,GBP
ORD-104058,2025-08-31,CUST-00883,Consumer,Central,Mobile App,Technology,Copiers,1,386.22,0.4,231.73,27.34,First Class,5.0,4.4,False,GBP
ORD-102101,2025-03-04,CUST-00811,Corporate,North,Mobile App,Office Supplies,Art,3,34.75,0.3,72.97,11.09,Standard,5.0,3.8,False,GBP
ORD-103679,2024-06-16,CUST-01359,Home Office,North,Mobile App,Technology,Phones,3,274.33,0.4,493.79,44.44,Standard,5.0,4.4,False,GBP
ORD-101143,2024-09-11,CUST-00994,Home Office,North,Phone,Furniture,Chairs,6,201.95,0.4,727.02,15.99,Standard,5.0,,False,GBP
ORD-103583,2025-10-20,CUST-00604,Corporate,South,Web,Technology,Copiers,8,404.06,0.1,2909.23,1067.69,Standard,5.0,4.6,False,GBP
ORD-101618,2025-10-19,CUST-00179,Corporate,West,Marketplace,Office Supplies,Labels,8,54.63,0.0,437.04,130.24,Second Class,6.0,5.0,True,GBP
ORD-104347,2025-07-22,CUST-00264,Corporate,West,Web,Office Supplies,Labels,8,17.76,0.4,85.25,3.41,Second Class,7.0,3.5,False,GBP
ORD-103213,2025-02-20,CUST-00611,Corporate,East,Phone,Furniture,Tables,4,214.18,0.1,771.05,204.33,Standard,,2.9,False,GBP
ORD-101026,2024-08-14,CUST-00776,Consumer,South,Mobile App,Office Supplies,Binders,1,32.18,0.2,25.74,4.53,Standard,4.0,,False,GBP
ORD-103347,2025-02-01,CUST-00532,Consumer,Central,Marketplace,Technology,Copiers,6,427.94,0.0,2567.64,680.42,Standard,7.0,3.7,False,GBP
ORD-104741,2025-02-14,CUST-01277,Consumer,Central,Web,Technology,Accessories,8,328.44,0.0,2627.52,630.6,Same Day,0.0,4.9,False,GBP
ORD-100602,2024-12-29,CUST-00220,Consumer,West,Mobile App,Office Supplies,Storage,2,18.76,0.2,30.02,8.95,Standard,6.0,3.2,False,GBP
ORD-101629,2025-10-15,CUST-00704,Consumer,South,Phone,Furniture,Furnishings,1,163.05,0.4,97.83,20.64,Standard,4.0,4.5,False,GBP
ORD-100386,2025-07-30,CUST-00322,Consumer,North,Mobile App,Technology,Machines,8,375.7,0.0,3005.6,1223.28,Standard,4.0,4.4,False,GBP
ORD-102620,2024-09-08,CUST-00355,Consumer,East,Mobile App,Technology,Copiers,8,662.94,0.2,4242.82,1531.66,Standard,8.0,4.7,False,GBP
ORD-104405,2024-06-26,CUST-01263,Consumer,South,Mobile App,Office Supplies,Paper,8,30.59,0.1,220.25,23.79,Standard,,1.8,False,GBP
ORD-103093,2025-02-24,CUST-01177,Consumer,East,Marketplace,Furniture,Furnishings,4,78.68,0.0,314.72,94.42,Standard,4.0,5.0,False,GBP
ORD-102034,2025-11-17,CUST-00965,,South,Web,Office Supplies,Labels,8,43.38,0.0,347.04,159.99,Standard,5.0,3.0,False,GBP
ORD-101335,2024-12-18,CUST-00581,Home Office,Central,Marketplace,Office Supplies,Storage,5,27.46,0.2,109.84,33.06,Standard,6.0,3.1,False,GBP
ORD-104330,2025-08-23,CUST-00651,Corporate,East,Web,Furniture,Bookcases,2,265.56,0.0,531.12,157.21,Standard,7.0,3.4,False,GBP
ORD-100804,2025-07-12,CUST-00858,Consumer,Central,Mobile App,Technology,Phones,8,472.06,0.0,3776.48,1132.94,Standard,6.0,3.2,False,GBP
ORD-103000,2024-02-17,CUST-01114,Consumer,Central,Phone,Furniture,Bookcases,5,253.33,0.1,1139.99,191.52,Second Class,3.0,,False,GBP
ORD-100492,2024-04-05,CUST-01231,Home Office,North,Web,Technology,Phones,2,318.8,0.4,382.56,36.73,Standard,6.0,4.5,False,GBP
ORD-101417,2025-10-31,CUST-01182,Consumer,North,Web,Office Supplies,Binders,7,29.71,0.15,176.77,41.36,Second Class,3.0,5.0,False,GBP
ORD-102744,2025-07-05,CUST-00300,,South,Mobile App,Furniture,Chairs,3,557.75,0.15,1422.26,315.74,Same Day,0.0,4.0,False,GBP
ORD-100340,2024-07-04,CUST-00622,Consumer,South,Web,Office Supplies,Storage,8,68.2,0.0,545.6,139.67,Standard,6.0,3.5,False,GBP
ORD-101109,2024-02-26,CUST-00308,Consumer,West,Web,Office Supplies,Storage,5,77.32,0.2,309.28,35.57,Standard,7.0,2.3,False,GBP
ORD-102983,2025-09-22,CUST-00314,Corporate,North,Mobile App,Technology,Phones,2,328.52,0.2,525.63,123.52,Standard,5.0,3.8,False,GBP
ORD-100165,2025-03-18,CUST-00381,Corporate,South,Web,Office Supplies,Art,1,59.17,0.0,59.17,17.69,Second Class,6.0,2.7,False,GBP
ORD-104218,2025-08-04,CUST-00574,Consumer,East,Web,Technology,Machines,3,332.9,0.4,599.22,27.56,Standard,6.0,4.2,False,GBP
ORD-102483,2025-02-21,CUST-00866,Corporate,North,Mobile App,Technology,Copiers,3,932.59,0.15,2378.1,718.19,Standard,8.0,3.0,True,GBP
ORD-103914,2024-06-01,CUST-01152,Consumer,East,Web,Furniture,Tables,6,228.81,0.15,1166.93,252.06,Second Class,3.0,5.0,False,GBP
ORD-103695,2025-06-08,CUST-00568,Home Office,Central,Mobile App,Office Supplies,Paper,6,20.72,0.4,74.59,17.9,Standard,10.0,3.7,False,GBP
ORD-100484,2024-04-28,CUST-00021,Consumer,West,Mobile App,Office Supplies,Paper,4,16.61,0.2,53.15,13.98,Standard,3.0,4.5,False,GBP
ORD-103888,2025-10-31,CUST-00794,Consumer,North,Web,Office Supplies,Labels,3,22.49,0.0,67.47,20.31,Standard,6.0,2.0,False,GBP
ORD-104628,2025-11-09,CUST-01278,Consumer,West,Mobile App,Office Supplies,Storage,2,17.4,0.0,34.8,9.74,Standard,6.0,3.7,False,GBP
ORD-100421,2024-11-28,CUST-01358,Consumer,South,Phone,Technology,Copiers,5,418.16,0.0,2090.8,505.97,Standard,5.0,4.1,False,GBP
ORD-100154,2024-02-24,CUST-01342,Consumer,North,Marketplace,Office Supplies,Labels,7,35.78,0.0,250.46,40.57,Standard,4.0,2.5,False,GBP
ORD-103107,2024-12-30,CUST-00503,Corporate,South,Mobile App,Office Supplies,Art,7,20.26,0.0,141.82,61.27,Standard,6.0,4.2,True,GBP
ORD-100591,2024-10-09,CUST-00211,Corporate,South,Web,Office Supplies,Labels,3,27.43,0.0,82.29,14.48,Standard,8.0,3.7,False,GBP
ORD-101571,2024-11-02,CUST-01384,Consumer,South,Mobile App,Office Supplies,Binders,2,16.76,0.0,33.52,11.1,Standard,6.0,2.1,False,GBP
ORD-102390,2025-12-24,CUST-01286,Consumer,North,Web,Furniture,Bookcases,1,140.1,0.3,98.07,13.53,Standard,3.0,3.7,False,GBP
ORD-104635,2025-02-18,CUST-00724,Corporate,West,Web,Office Supplies,Art,4,20.45,0.1,73.62,28.49,Standard,6.0,3.6,False,GBP
ORD-103525,2025-05-31,CUST-00386,Home Office,South,Web,Technology,Machines,1,349.1,0.3,244.37,72.33,Standard,6.0,3.0,False,GBP
ORD-100378,2025-06-21,CUST-01181,Consumer,West,Marketplace,Office Supplies,Binders,4,119.12,0.15,405.01,112.19,Standard,6.0,3.5,False,GBP
ORD-103075,2025-03-31,CUST-00890,Consumer,North,Mobile App,Office Supplies,Storage,1,18.83,0.0,18.83,6.74,Standard,7.0,3.9,True,GBP
ORD-104736,2024-06-18,CUST-00659,Corporate,South,Web,Furniture,Furnishings,5,460.05,0.15,1955.21,424.28,Standard,6.0,3.8,False,GBP
ORD-102172,2025-10-27,CUST-00741,Home Office,South,Phone,Technology,Machines,1,1093.29,0.0,1093.29,358.6,Standard,3.0,4.2,True,GBP
ORD-101051,2024-08-22,CUST-00143,,South,Phone,Office Supplies,Art,4,18.72,0.0,74.88,29.5,Same Day,0.0,4.2,False,GBP
ORD-102114,2025-03-29,CUST-00361,Consumer,North,Web,Technology,Machines,4,313.71,0.0,1254.84,368.92,Standard,5.0,4.1,False,GBP
ORD-104692,2025-09-22,CUST-01061,Corporate,West,Marketplace,Office Supplies,Labels,1,34.61,0.0,34.61,16.99,Standard,8.0,5.0,False,GBP
ORD-102050,2024-02-12,CUST-00304,Consumer,East,Web,Technology,Accessories,1,365.53,0.0,365.53,127.94,Second Class,5.0,,False,GBP
ORD-104029,2025-06-12,CUST-01293,Corporate,Central,Mobile App,Furniture,Chairs,5,233.81,0.2,935.24,271.22,Standard,3.0,3.7,False,GBP
ORD-104287,2025-05-13,CUST-00331,Corporate,West,Mobile App,Furniture,Bookcases,5,142.88,0.15,607.24,159.7,Standard,5.0,3.8,False,GBP
ORD-100179,2025-02-13,CUST-00791,,North,Mobile App,Furniture,Furnishings,7,404.42,0.4,1698.56,203.83,Standard,6.0,2.9,False,GBP
ORD-104532,2025-12-02,CUST-00804,,East,Web,Office Supplies,Paper,6,13.58,0.1,73.33,26.33,Standard,5.0,2.9,False,GBP
ORD-104872,2024-10-24,CUST-00751,Consumer,East,Web,Furniture,Bookcases,4,556.75,0.3,1558.9,497.29,Standard,6.0,3.5,False,GBP
ORD-102459,2025-06-17,CUST-00385,Consumer,West,Web,Office Supplies,Labels,7,19.53,0.1,123.04,25.96,Second Class,4.0,3.3,False,GBP
ORD-101573,2024-03-19,CUST-00074,Home Office,East,Web,Technology,Machines,5,281.05,0.0,1405.25,321.8,Second Class,1.0,4.5,False,GBP
ORD-101596,2024-07-24,CUST-00657,Home Office,North,Web,Office Supplies,Labels,2,24.12,0.4,28.94,1.59,Second Class,2.0,5.0,False,GBP
ORD-102940,2025-10-20,CUST-01285,Consumer,South,Marketplace,Office Supplies,Paper,5,18.03,0.4,54.09,2.49,Standard,4.0,,False,GBP
ORD-103655,2024-10-21,CUST-00986,Consumer,North,Phone,Furniture,Furnishings,2,126.47,0.2,202.35,45.73,Standard,6.0,4.6,False,GBP
ORD-104876,2025-04-14,CUST-00330,Consumer,West,Mobile App,Office Supplies,Binders,3,22.84,0.4,41.11,5.51,Standard,6.0,2.9,False,GBP
ORD-104699,2024-01-20,CUST-00408,Consumer,East,Mobile App,Furniture,Tables,1,316.64,0.0,316.64,113.67,Standard,2.0,3.9,False,GBP
ORD-102885,2024-03-28,CUST-00549,Corporate,Central,Web,Furniture,Furnishings,5,186.09,0.0,930.45,332.17,Standard,7.0,4.8,False,GBP
ORD-100249,2024-04-06,CUST-00290,,North,Web,Office Supplies,Paper,6,30.8,0.2,147.84,40.8,Standard,5.0,3.2,True,GBP
ORD-103457,2024-10-07,CUST-01210,Consumer,North,Mobile App,Furniture,Furnishings,3,378.19,0.3,794.2,146.93,Second Class,3.0,3.3,False,GBP
ORD-100637,2025-09-29,CUST-00780,Corporate,East,Web,Office Supplies,Labels,5,25.89,0.1,116.5,39.03,First Class,3.0,3.8,False,GBP
ORD-102394,2025-04-25,CUST-01390,Consumer,South,Marketplace,Office Supplies,Storage,2,26.68,0.3,37.35,10.42,Standard,6.0,3.1,False,GBP
ORD-102580,2025-09-19,CUST-00756,Consumer,West,Web,Office Supplies,Labels,6,10.96,0.0,65.76,15.39,Standard,8.0,4.3,False,GBP
ORD-103659,2024-01-11,CUST-00040,Home Office,East,Marketplace,Technology,Machines,3,1202.8,0.2,2886.72,643.74,Standard,7.0,4.2,False,GBP
ORD-102319,2024-03-08,CUST-00935,Consumer,West,Mobile App,Furniture,Bookcases,7,188.78,0.0,1321.46,504.8,Second Class,5.0,2.6,False,GBP
ORD-100343,2025-03-14,CUST-01280,Consumer,West,Marketplace,Office Supplies,Paper,5,21.4,0.3,74.9,19.62,Standard,8.0,4.5,False,GBP
ORD-102325,2025-01-07,CUST-00841,Consumer,West,Phone,Office Supplies,Labels,4,19.13,0.4,45.91,2.85,Standard,5.0,3.6,False,GBP
ORD-100465,2025-12-01,CUST-00582,Consumer,North,Marketplace,Office Supplies,Binders,7,36.66,0.0,256.62,91.1,Standard,7.0,3.7,False,GBP
ORD-103377,2024-05-01,CUST-00396,Corporate,North,Web,Technology,Accessories,3,429.86,0.1,1160.62,511.83,Standard,7.0,3.2,False,GBP
ORD-100573,2024-08-16,CUST-00229,Home Office,South,Mobile App,Technology,Phones,5,195.99,0.3,685.96,141.99,Standard,4.0,4.2,False,GBP
ORD-102327,2024-09-07,CUST-00120,,Central,Mobile App,Furniture,Bookcases,2,277.0,0.0,554.0,113.57,Standard,3.0,4.3,False,GBP
ORD-104702,2024-01-20,CUST-00074,Home Office,North,Web,Technology,Machines,6,206.56,0.1,1115.42,323.47,Standard,7.0,,False,GBP
ORD-102415,2025-11-20,CUST-00432,Consumer,West,Mobile App,Office Supplies,Binders,7,30.25,0.0,211.75,63.52,Standard,7.0,5.0,True,GBP
ORD-100022,2024-08-25,CUST-00569,,West,Mobile App,Office Supplies,Labels,1,16.48,0.0,16.48,4.37,Standard,7.0,3.2,False,GBP
ORD-100759,2025-11-05,CUST-00699,Consumer,South,Mobile App,Office Supplies,Storage,2,20.19,0.0,40.38,17.36,Standard,5.0,4.2,False,GBP
ORD-100051,2024-08-16,CUST-00380,Consumer,South,Web,Office Supplies,Labels,6,32.11,0.15,163.76,36.35,First Class,4.0,4.3,False,GBP
ORD-100835,2025-07-04,CUST-00381,Consumer,East,Web,Furniture,Furnishings,2,275.31,0.4,330.37,78.96,Standard,6.0,3.8,False,GBP
ORD-102133,2024-10-15,CUST-00899,Corporate,North,Mobile App,Technology,Copiers,5,542.09,0.0,2710.45,894.45,Same Day,0.0,3.8,False,GBP
ORD-102892,2024-07-31,CUST-00378,Consumer,South,Web,Furniture,Chairs,3,251.96,0.0,755.88,365.85,Standard,5.0,3.7,False,GBP
ORD-104063,2025-07-16,CUST-00645,Consumer,South,Web,Furniture,Bookcases,2,581.6,0.4,697.92,192.63,Standard,6.0,5.0,False,GBP
ORD-104255,2024-07-31,CUST-00939,Consumer,North,Mobile App,Office Supplies,Storage,8,38.49,0.3,215.54,60.57,Second Class,4.0,,False,GBP
ORD-101186,2025-05-09,CUST-00330,Home Office,East,Mobile App,Furniture,Bookcases,6,142.83,0.0,856.98,270.81,Second Class,3.0,4.7,False,GBP
ORD-104113,2025-01-01,CUST-01148,Corporate,South,Web,Office Supplies,Paper,2,32.64,0.2,52.22,12.32,First Class,4.0,3.0,False,GBP
ORD-104495,2025-09-25,CUST-00308,Corporate,East,Web,Furniture,Tables,8,155.21,0.2,993.34,211.58,Standard,,2.5,False,GBP
ORD-102557,2025-01-09,CUST-00659,Home Office,West,Marketplace,Furniture,Furnishings,5,286.93,0.15,1219.45,397.54,Second Class,6.0,5.0,False,GBP
ORD-101140,2024-09-08,CUST-01330,Consumer,East,Web,Office Supplies,Labels,2,28.44,0.0,56.88,21.44,Standard,6.0,4.0,False,GBP
ORD-102617,2025-10-26,CUST-01227,Corporate,East,Web,Office Supplies,Binders,4,34.01,0.0,136.04,59.59,Standard,8.0,3.8,False,GBP
ORD-104103,2024-09-21,CUST-00249,Corporate,South,Web,Office Supplies,Paper,5,51.09,0.0,255.45,65.65,Same Day,1.0,4.7,False,GBP
ORD-100352,2025-03-07,CUST-01149,Corporate,South,Mobile App,Furniture,Tables,3,121.41,0.15,309.6,73.68,Second Class,5.0,2.9,False,GBP
ORD-104486,2024-05-04,CUST-00195,Consumer,South,Marketplace,Office Supplies,Paper,3,67.36,0.3,141.46,13.44,Standard,7.0,3.3,False,GBP
ORD-101696,2025-09-03,CUST-00942,Home Office,East,Mobile App,Office Supplies,Binders,7,21.97,0.0,153.79,63.98,Standard,5.0,4.2,False,GBP
ORD-103819,2025-04-11,CUST-01024,Consumer,East,Web,Furniture,Chairs,3,248.04,0.1,669.71,135.95,Standard,7.0,3.4,True,GBP
ORD-101642,2024-12-10,CUST-01215,Consumer,South,Mobile App,Furniture,Bookcases,4,187.14,0.0,748.56,331.61,Standard,7.0,3.0,True,GBP
ORD-100007,2025-07-12,CUST-00930,Corporate,East,Web,Technology,Accessories,7,129.91,0.4,545.62,9.82,Standard,6.0,4.4,False,GBP
ORD-103705,2025-10-25,CUST-01316,,Central,Web,Office Supplies,Art,2,52.56,0.0,105.12,36.69,Standard,4.0,2.6,False,GBP
ORD-100172,2025-05-13,CUST-01303,Consumer,East,Web,Office Supplies,Storage,7,15.55,0.0,108.85,24.71,Standard,7.0,4.6,True,GBP
ORD-100513,2025-01-08,CUST-00540,Home Office,West,Mobile App,Office Supplies,Labels,6,29.43,0.3,123.61,7.91,Standard,7.0,3.4,False,GBP
ORD-101448,2024-11-29,CUST-00906,Consumer,West,Mobile App,Technology,Machines,1,1414.8,0.2,1131.84,290.88,Same Day,,3.7,False,GBP
ORD-101195,2024-04-12,CUST-00163,Corporate,Central,Web,Office Supplies,Labels,6,14.88,0.0,89.28,24.19,Second Class,6.0,2.8,False,GBP
ORD-103185,2025-10-15,CUST-00365,Consumer,North,Mobile App,Furniture,Bookcases,2,251.96,0.0,503.92,151.18,Same Day,3.0,3.5,False,GBP
ORD-100247,2025-07-20,CUST-00954,Consumer,Central,Web,Office Supplies,Paper,6,36.96,0.15,188.5,48.07,Second Class,,2.6,False,GBP
ORD-102678,2025-06-03,CUST-00835,Corporate,Central,Phone,Technology,Machines,6,406.22,0.0,2437.32,592.27,Standard,7.0,4.5,False,GBP
ORD-100235,2025-12-15,CUST-00623,Home Office,East,Web,Furniture,Furnishings,1,287.27,0.15,244.18,55.67,Standard,5.0,3.9,False,GBP
ORD-101017,2024-09-02,CUST-00586,Home Office,East,Phone,Office Supplies,Art,5,71.5,0.1,321.75,75.29,Second Class,4.0,3.8,False,GBP
ORD-103192,2024-02-06,CUST-00848,Corporate,North,Web,Technology,Phones,2,154.14,0.0,308.28,94.03,Standard,4.0,4.6,False,GBP
ORD-104474,2024-10-09,CUST-01060,Consumer,East,Web,Furniture,Chairs,7,203.67,0.0,1425.69,464.77,Standard,6.0,2.9,False,GBP
ORD-100949,2024-01-27,CUST-00058,Corporate,Central,Web,Office Supplies,Labels,7,74.49,0.1,469.29,145.48,Standard,4.0,3.3,True,GBP
ORD-103764,2024-04-18,CUST-01282,Home Office,South,Marketplace,Office Supplies,Labels,2,23.32,0.0,46.64,15.44,Same Day,2.0,2.5,False,GBP
ORD-103933,2024-05-10,CUST-01393,Consumer,South,Mobile App,Office Supplies,Storage,7,10.11,0.3,49.54,10.65,Second Class,6.0,3.8,False,GBP
ORD-100727,2025-11-20,CUST-01169,Consumer,South,Phone,Technology,Accessories,4,134.35,0.0,537.4,125.75,Standard,6.0,3.9,True,GBP
ORD-102586,2025-01-09,CUST-00039,Corporate,Central,Web,Technology,Phones,1,757.42,0.0,757.42,253.74,Standard,6.0,4.2,False,GBP
ORD-101870,2025-10-02,CUST-01307,,South,Web,Technology,Copiers,1,613.23,0.0,613.23,200.53,First Class,5.0,3.8,False,GBP
ORD-104615,2024-10-06,CUST-00504,,West,Marketplace,Office Supplies,Art,7,66.06,0.3,323.69,41.76,Second Class,5.0,3.6,False,GBP
ORD-101068,2025-07-06,CUST-00546,Home Office,North,Web,Office Supplies,Art,5,21.85,0.4,65.55,7.67,Second Class,2.0,3.3,False,GBP
ORD-103576,2024-02-09,CUST-00578,Consumer,South,Mobile App,Office Supplies,Labels,5,19.86,0.4,59.58,12.99,Standard,5.0,3.5,False,GBP
ORD-103821,2024-10-31,CUST-01308,Consumer,West,Marketplace,Office Supplies,Paper,5,15.03,0.0,75.15,22.77,Standard,7.0,3.6,False,GBP
ORD-103289,2024-08-25,CUST-00223,Consumer,North,Mobile App,Office Supplies,Paper,4,24.7,0.0,98.8,24.4,Second Class,4.0,2.6,False,GBP
ORD-104116,2024-12-03,CUST-00925,Home Office,Central,Web,Technology,Accessories,8,648.17,0.0,5185.36,1742.28,Standard,6.0,3.5,False,GBP
ORD-103386,2024-12-01,CUST-00386,Home Office,Central,Mobile App,Technology,Machines,8,351.05,0.0,2808.4,1027.87,Standard,7.0,2.5,False,GBP
ORD-100708,2024-04-12,CUST-00477,Corporate,North,Mobile App,Furniture,Bookcases,1,387.4,0.0,387.4,145.66,Standard,6.0,2.6,True,GBP
ORD-102453,2024-07-12,CUST-01028,Corporate,West,Mobile App,Office Supplies,Paper,5,14.84,0.3,51.94,6.08,Second Class,4.0,3.8,False,GBP
ORD-104780,2025-03-12,CUST-00419,Consumer,North,Web,Technology,Accessories,5,357.72,0.2,1430.88,264.71,Standard,7.0,3.6,False,GBP
ORD-104627,2025-12-13,CUST-00001,Consumer,West,Mobile App,Technology,Phones,7,504.94,0.4,2120.75,360.53,Standard,6.0,3.1,False,GBP
ORD-102811,2025-10-12,CUST-00930,Corporate,West,Mobile App,Furniture,Furnishings,3,210.27,0.15,536.19,140.48,Standard,,4.8,False,GBP
ORD-101108,2025-09-30,CUST-00684,Home Office,East,Marketplace,Technology,Phones,3,678.13,0.4,1220.63,68.36,First Class,0.0,3.8,False,GBP
ORD-101246,2025-05-25,CUST-00083,Home Office,North,Marketplace,Office Supplies,Labels,4,45.62,0.0,182.48,58.76,First Class,1.0,3.7,False,GBP
ORD-103414,2024-04-04,CUST-00010,Corporate,Central,Mobile App,Furniture,Chairs,4,417.25,0.0,1669.0,590.83,Standard,,4.8,False,GBP
ORD-102249,2024-08-15,CUST-01153,Corporate,Central,Marketplace,Office Supplies,Labels,4,37.86,0.4,90.86,12.54,Standard,8.0,3.5,False,GBP
ORD-102919,2025-02-24,CUST-00614,Corporate,South,Mobile App,Office Supplies,Storage,6,50.67,0.2,243.22,48.64,Standard,5.0,3.7,False,GBP
ORD-104111,2024-06-19,CUST-00722,Home Office,North,Web,Office Supplies,Paper,8,23.66,0.0,189.28,47.32,Standard,7.0,4.1,False,GBP
ORD-102582,2024-01-31,CUST-00612,Consumer,Central,Marketplace,Technology,Accessories,1,690.01,0.0,690.01,198.03,Same Day,0.0,4.3,True,GBP
ORD-104948,2024-08-12,CUST-00342,Home Office,Central,Web,Office Supplies,Labels,1,20.54,0.0,20.54,7.58,Same Day,0.0,4.8,False,GBP
ORD-101542,2025-09-06,CUST-01109,Corporate,North,Web,Furniture,Bookcases,2,132.97,0.0,265.94,117.28,Standard,7.0,3.7,False,GBP
ORD-103269,2024-09-21,CUST-01385,Home Office,Central,Web,Office Supplies,Art,4,41.63,0.0,166.52,58.45,Standard,4.0,3.0,False,GBP
ORD-103023,2024-02-14,CUST-00806,Consumer,East,Web,Furniture,Furnishings,7,278.82,0.0,1951.74,1096.88,First Class,1.0,3.5,False,GBP
ORD-101784,2025-02-20,CUST-00321,,East,Mobile App,Technology,Accessories,6,501.97,0.1,2710.64,889.09,Second Class,3.0,4.3,False,GBP
ORD-100888,2024-08-06,CUST-00576,Consumer,Central,Phone,Office Supplies,Paper,6,57.03,0.0,342.18,130.71,Standard,5.0,5.0,False,GBP
ORD-101890,2024-02-12,CUST-01225,Consumer,West,Mobile App,Office Supplies,Art,7,12.16,0.2,68.1,12.73,Standard,6.0,4.4,False,GBP
ORD-102999,2025-01-04,CUST-01164,Consumer,Central,Mobile App,Technology,Accessories,1,881.61,0.0,881.61,291.81,Standard,6.0,3.9,False,GBP
ORD-101701,2025-04-18,CUST-00465,Consumer,South,Web,Office Supplies,Labels,5,48.28,0.1,217.26,22.81,Second Class,5.0,3.5,False,GBP
ORD-104252,2024-03-16,CUST-01309,Consumer,West,Mobile App,Furniture,Bookcases,6,204.24,0.15,1041.62,214.57,Standard,6.0,3.6,False,GBP
ORD-103200,2025-07-16,CUST-01120,Corporate,Central,Web,Technology,Accessories,4,378.77,0.15,1287.82,576.94,Standard,7.0,3.2,False,GBP
ORD-102454,2025-06-22,CUST-00662,Corporate,East,Marketplace,Technology,Accessories,4,126.06,0.0,504.24,169.93,Standard,7.0,3.7,True,GBP
ORD-101132,2024-12-22,CUST-01349,Consumer,North,Phone,Office Supplies,Paper,2,33.15,0.0,66.3,14.12,Second Class,6.0,3.6,False,GBP
ORD-100632,2025-01-17,CUST-00518,Consumer,North,Web,Furniture,Chairs,3,305.56,0.15,779.18,158.95,Second Class,4.0,4.0,False,GBP
ORD-103223,2025-11-09,CUST-00390,Home Office,Central,Marketplace,Office Supplies,Paper,8,14.37,0.0,114.96,49.66,Standard,7.0,3.6,False,GBP
ORD-104940,2024-05-19,CUST-01320,Consumer,West,Marketplace,Technology,Copiers,4,988.66,0.0,3954.64,1218.03,Second Class,4.0,3.4,False,GBP
ORD-103846,2024-07-26,CUST-00852,Corporate,North,Web,Furniture,Tables,8,267.38,0.1,1925.14,677.65,Standard,4.0,3.0,True,GBP
ORD-102933,2025-03-22,CUST-00741,Corporate,South,Web,Office Supplies,Labels,6,5.62,0.0,33.72,11.16,Standard,4.0,1.3,False,GBP
ORD-101098,2024-01-13,CUST-00916,,East,Mobile App,Technology,Machines,5,488.94,0.0,2444.7,924.1,Second Class,3.0,3.3,False,GBP
ORD-104146,2025-04-29,CUST-01320,Corporate,South,Marketplace,Office Supplies,Labels,4,52.7,0.0,210.8,62.4,Standard,5.0,3.5,False,GBP
ORD-102189,2024-09-02,CUST-00917,Consumer,South,Mobile App,Technology,Accessories,6,177.48,0.2,851.9,243.64,Second Class,3.0,3.8,False,GBP
ORD-103981,2024-04-20,CUST-01314,,East,Mobile App,Technology,Copiers,1,612.91,0.0,612.91,194.91,First Class,4.0,4.0,False,GBP
ORD-101756,2025-06-03,CUST-00008,Corporate,South,Mobile App,Office Supplies,Art,1,23.75,0.15,20.19,4.66,Standard,5.0,3.4,False,GBP
ORD-100815,2025-03-12,CUST-00839,Corporate,West,Web,Technology,Machines,7,1100.05,0.0,7700.35,3264.95,First Class,5.0,3.3,False,GBP
ORD-101090,2024-08-22,CUST-00590,Home Office,South,Web,Office Supplies,Binders,5,71.44,0.0,357.2,124.66,First Class,3.0,3.5,False,GBP
ORD-104964,2024-02-17,CUST-00480,Consumer,Central,Mobile App,Office Supplies,Paper,7,13.86,0.2,77.62,23.6,Standard,8.0,2.9,False,GBP
ORD-102203,2025-05-07,CUST-00920,Corporate,East,Web,Furniture,Furnishings,3,661.42,0.15,1686.62,563.33,Standard,4.0,4.3,False,GBP
ORD-103088,2025-10-11,CUST-00059,Consumer,East,Mobile App,Furniture,Chairs,6,342.57,0.1,1849.88,590.11,First Class,4.0,3.8,True,GBP
ORD-100945,2024-03-22,CUST-00312,Consumer,North,Web,Furniture,Furnishings,8,154.89,0.2,991.3,225.03,First Class,5.0,3.6,False,GBP
ORD-101671,2025-01-09,CUST-00217,Corporate,Central,Web,Office Supplies,Art,4,53.0,0.2,169.6,31.38,Second Class,5.0,3.6,False,GBP
ORD-102720,2025-06-08,CUST-00365,Consumer,North,Web,Office Supplies,Art,3,12.07,0.0,36.21,9.89,Standard,5.0,4.4,False,GBP
ORD-102866,2025-05-17,CUST-00751,Consumer,North,Web,Furniture,Tables,8,462.71,0.0,3701.68,932.82,Standard,,3.5,True,GBP
ORD-104871,2025-05-22,CUST-00551,Home Office,North,Web,Office Supplies,Art,3,31.3,0.3,65.73,7.56,Same Day,4.0,5.0,False,GBP
ORD-102979,2025-09-17,CUST-00224,Corporate,North,Web,Office Supplies,Paper,3,116.85,0.0,350.55,120.59,Standard,4.0,5.0,True,GBP
ORD-101748,2024-03-16,CUST-01074,Home Office,North,Web,Furniture,Furnishings,4,280.53,0.15,953.8,400.6,First Class,2.0,4.6,False,GBP
ORD-104377,2024-06-03,CUST-00127,Corporate,Central,Mobile App,Office Supplies,Labels,6,19.34,0.4,69.62,9.96,Second Class,2.0,4.9,True,GBP
ORD-102231,2025-09-09,CUST-00648,,West,Mobile App,Furniture,Furnishings,3,490.85,0.0,1472.55,425.57,Standard,9.0,3.4,False,GBP
ORD-100610,2024-04-17,CUST-00422,Consumer,East,Marketplace,Technology,Machines,2,191.2,0.4,229.44,43.59,Second Class,2.0,2.5,False,GBP
ORD-104599,2025-10-06,CUST-00908,Consumer,Central,Web,Office Supplies,Art,7,67.73,0.15,402.99,78.18,First Class,4.0,5.0,False,GBP
ORD-101898,2025-10-19,CUST-00175,Corporate,South,Marketplace,Technology,Accessories,4,1401.24,0.0,5604.96,1939.32,Second Class,4.0,3.8,False,GBP
ORD-102928,2024-01-22,CUST-01257,Corporate,South,Web,Office Supplies,Paper,2,36.17,0.0,72.34,23.0,Second Class,,5.0,False,GBP
ORD-103161,2024-08-30,CUST-00703,Corporate,Central,Marketplace,Furniture,Tables,1,357.09,0.1,321.38,91.91,Second Class,4.0,2.6,False,GBP
ORD-103276,2025-08-27,CUST-01022,Consumer,North,Web,Furniture,Chairs,3,239.92,0.2,575.81,106.52,Standard,7.0,4.0,False,GBP
ORD-104057,2024-01-19,CUST-00525,,West,Web,Office Supplies,Art,2,16.62,0.2,26.59,7.5,Standard,4.0,2.8,False,GBP
ORD-102366,2024-08-24,CUST-00250,Consumer,North,Web,Furniture,Bookcases,6,107.73,0.0,646.38,161.6,Second Class,5.0,4.0,False,GBP
ORD-104478,2025-11-30,CUST-00754,Corporate,West,Web,Office Supplies,Labels,7,23.86,0.0,167.02,56.29,Standard,4.0,2.7,True,GBP
ORD-102208,2024-04-15,CUST-00434,Home Office,Central,Web,Office Supplies,Art,4,96.12,0.1,346.03,98.62,First Class,3.0,3.9,False,GBP
ORD-101214,2024-12-26,CUST-01087,,East,Mobile App,Technology,Machines,6,525.21,0.0,3151.26,1024.16,Second Class,5.0,5.0,False,GBP
ORD-102409,2025-04-19,CUST-00478,Consumer,Central,Marketplace,Technology,Machines,8,791.31,0.2,5064.38,1423.09,Standard,7.0,3.7,False,GBP
ORD-101075,2024-10-28,CUST-00031,Consumer,West,Mobile App,Technology,Copiers,7,555.07,0.0,3885.49,889.78,Second Class,,5.0,False,GBP
ORD-104910,2025-11-11,CUST-00960,Consumer,West,Mobile App,Office Supplies,Binders,5,55.49,0.3,194.21,54.96,Same Day,1.0,3.3,False,GBP
ORD-100094,2024-06-09,CUST-00794,Consumer,North,Marketplace,Office Supplies,Storage,7,30.26,0.0,211.82,94.68,Same Day,1.0,4.0,False,GBP
ORD-104762,2024-02-29,CUST-01302,Corporate,West,Web,Office Supplies,Storage,4,42.25,0.1,152.1,41.68,Second Class,5.0,5.0,False,GBP
ORD-104961,2025-03-08,CUST-00692,Home Office,East,Web,Furniture,Chairs,5,346.63,0.4,1039.89,131.03,Standard,7.0,2.0,False,GBP
ORD-101279,2025-11-13,CUST-01223,Consumer,South,Web,Furniture,Furnishings,1,232.2,0.2,185.76,16.72,First Class,4.0,2.5,False,GBP
ORD-100333,2025-10-02,CUST-00225,Home Office,South,Mobile App,Furniture,Furnishings,5,366.69,0.0,1833.45,731.55,Standard,7.0,3.6,True,GBP
ORD-104672,2025-01-04,CUST-00867,Consumer,South,Mobile App,Furniture,Tables,1,364.21,0.1,327.79,102.27,Same Day,1.0,2.3,False,GBP
ORD-102506,2024-03-17,CUST-00720,Consumer,West,Mobile App,Technology,Phones,7,369.43,0.2,2068.81,359.97,Standard,5.0,4.3,False,GBP
ORD-100640,2024-12-20,CUST-00066,,South,Web,Furniture,Bookcases,6,103.59,0.0,621.54,208.22,Second Class,2.0,5.0,False,GBP
ORD-104587,2025-09-08,CUST-00466,Corporate,Central,Marketplace,Furniture,Bookcases,1,668.81,0.15,568.49,158.04,Standard,5.0,2.6,False,GBP
ORD-102716,2025-10-17,CUST-00218,,North,Web,Technology,Phones,3,280.0,0.0,840.0,326.76,Standard,7.0,4.2,False,GBP
ORD-101320,2024-09-19,CUST-01398,Consumer,South,Marketplace,Office Supplies,Art,7,22.54,0.0,157.78,57.12,Standard,6.0,2.4,False,GBP
ORD-100508,2024-10-16,CUST-00543,Home Office,East,Marketplace,Furniture,Chairs,4,690.84,0.1,2487.02,693.88,Standard,6.0,3.9,False,GBP
ORD-100331,2024-08-09,CUST-00157,Consumer,Central,Web,Office Supplies,Binders,1,22.23,0.1,20.01,6.6,Standard,8.0,1.4,False,GBP
ORD-100447,2025-12-10,CUST-00836,Consumer,Central,Web,Office Supplies,Storage,3,35.97,0.4,64.75,4.66,First Class,3.0,2.6,False,GBP
ORD-104976,2025-08-03,CUST-00359,Consumer,East,Web,Technology,Accessories,8,448.95,0.1,3232.44,875.99,First Class,6.0,3.9,True,GBP
ORD-100974,2024-03-14,CUST-00478,Corporate,East,Web,Office Supplies,Labels,1,25.1,0.2,20.08,4.88,First Class,2.0,4.0,False,GBP
ORD-100778,2024-01-31,CUST-00919,Corporate,South,Web,Technology,Phones,2,1344.45,0.2,2151.12,449.58,Standard,4.0,2.7,False,GBP
ORD-101565,2025-10-16,CUST-00204,Consumer,West,Marketplace,Technology,Phones,4,336.52,0.4,807.65,63.8,Standard,,2.2,False,GBP
ORD-101044,2025-04-25,CUST-00558,Corporate,North,Mobile App,Office Supplies,Art,2,23.06,0.0,46.12,10.33,Standard,7.0,2.1,False,GBP
ORD-103868,2025-09-01,CUST-00618,Consumer,North,Web,Office Supplies,Art,3,20.77,0.15,52.96,10.96,Second Class,5.0,3.7,False,GBP
ORD-102292,2025-05-17,CUST-00111,Corporate,South,Web,Furniture,Bookcases,3,328.67,0.3,690.21,127.0,Second Class,3.0,3.4,False,GBP
ORD-100653,2025-02-28,CUST-00551,Consumer,East,Mobile App,Furniture,Tables,3,131.51,0.15,335.35,95.24,Standard,6.0,3.3,False,GBP
ORD-100346,2024-01-09,CUST-00758,Consumer,West,Marketplace,Technology,Copiers,8,634.23,0.4,3044.3,228.32,Second Class,5.0,4.8,False,GBP
ORD-100126,2024-07-09,CUST-01026,Consumer,East,Marketplace,Furniture,Furnishings,4,502.8,0.0,2011.2,770.29,Standard,5.0,4.0,False,GBP
ORD-102974,2025-01-28,CUST-00970,Consumer,North,Mobile App,Furniture,Chairs,8,332.26,0.15,2259.37,492.54,First Class,2.0,4.9,False,GBP
ORD-102387,2025-07-21,CUST-00036,Corporate,West,Marketplace,Technology,Accessories,7,697.69,0.0,4883.83,1260.03,Standard,5.0,4.5,True,GBP
ORD-102895,2024-07-13,CUST-00758,Consumer,South,Web,Technology,Accessories,3,377.93,0.4,680.27,93.2,Standard,8.0,2.4,False,GBP
ORD-104576,2025-12-05,CUST-00477,Consumer,Central,Mobile App,Office Supplies,Binders,8,52.33,0.0,418.64,132.29,Second Class,4.0,3.7,False,GBP
ORD-103512,2025-12-16,CUST-00215,Consumer,Central,Web,Furniture,Bookcases,4,233.07,0.2,745.82,134.99,Standard,6.0,3.5,False,GBP
ORD-101018,2025-11-05,CUST-00873,Corporate,Central,Marketplace,Office Supplies,Paper,1,45.89,0.2,36.71,10.83,Standard,4.0,4.9,False,GBP
ORD-101469,2025-04-16,CUST-00872,Consumer,West,Web,Office Supplies,Binders,2,31.3,0.3,1752.8,2.32,Second Class,5.0,3.3,False,GBP
ORD-101800,2025-07-08,CUST-00839,Home Office,North,Mobile App,Office Supplies,Paper,4,19.16,0.0,76.64,11.11,Standard,8.0,2.6,False,GBP
ORD-101725,2025-04-24,CUST-00882,Consumer,North,Web,Office Supplies,Paper,1,38.33,0.15,32.58,8.5,Standard,7.0,,False,GBP
ORD-100973,2025-03-17,CUST-01238,Corporate,South,Web,Office Supplies,Paper,4,29.9,0.4,71.76,-5.53,Second Class,3.0,3.5,False,GBP
ORD-104697,2024-12-22,CUST-00184,Corporate,East,Mobile App,Furniture,Furnishings,2,260.78,0.1,469.4,102.33,Standard,6.0,4.1,False,GBP
ORD-104928,2024-04-09,CUST-00816,,East,Marketplace,Technology,Phones,3,709.94,0.0,2129.82,707.1,Standard,7.0,4.8,False,GBP
ORD-101358,2024-05-17,CUST-00411,Consumer,West,Mobile App,Office Supplies,Art,3,32.78,0.0,98.34,40.81,Second Class,6.0,4.5,False,GBP
ORD-101520,2024-09-06,CUST-00287,Corporate,South,Marketplace,Furniture,Bookcases,7,252.92,0.3,1239.31,197.05,Standard,3.0,,False,GBP
ORD-102598,2025-03-05,CUST-01204,,East,Web,Furniture,Bookcases,6,217.98,0.0,1307.88,580.7,Second Class,2.0,3.8,True,GBP
ORD-103099,2024-05-16,CUST-00684,,North,Mobile App,Technology,Copiers,2,819.3,0.0,1638.6,680.02,Standard,5.0,4.0,False,GBP
ORD-104164,2024-10-30,CUST-01394,,South,Mobile App,Furniture,Tables,6,213.83,0.1,1154.68,383.35,Second Class,3.0,3.8,False,GBP
ORD-104004,2025-06-02,CUST-00770,Consumer,Central,Web,Office Supplies,Paper,2,24.95,0.3,34.93,4.61,Same Day,3.0,3.9,False,GBP
ORD-104126,2024-07-19,CUST-00887,Corporate,South,Web,Technology,Accessories,1,1106.5,0.4,663.9,81.66,Second Class,1.0,3.6,False,GBP
ORD-100483,2024-10-15,CUST-00834,Consumer,North,Marketplace,Technology,Copiers,7,387.61,0.0,2713.27,908.95,Second Class,3.0,3.4,False,GBP
ORD-102935,2024-08-02,CUST-00478,,East,Phone,Technology,Machines,8,515.41,0.15,3504.79,322.44,First Class,1.0,3.2,False,GBP
ORD-102448,2025-11-20,CUST-00997,Consumer,East,Mobile App,Technology,Accessories,7,598.06,0.0,4186.42,1724.81,Same Day,2.0,2.6,False,GBP
ORD-100262,2024-11-04,CUST-00481,Corporate,South,Mobile App,Furniture,Bookcases,2,345.09,0.1,621.16,150.94,Standard,6.0,4.9,True,GBP
ORD-102362,2025-04-30,CUST-00415,Consumer,North,Web,Furniture,Furnishings,3,356.91,0.15,910.12,177.47,Standard,5.0,3.7,False,GBP
ORD-100518,2024-02-23,CUST-00639,Consumer,North,Web,Furniture,Bookcases,3,492.05,0.0,1476.15,628.84,Standard,3.0,3.0,False,GBP
ORD-100991,2024-01-08,CUST-00589,Home Office,East,Web,Furniture,Bookcases,8,112.57,0.1,810.5,235.04,Standard,4.0,3.5,False,GBP
ORD-103922,2025-09-05,CUST-01135,Corporate,North,Web,Technology,Accessories,1,158.0,0.2,126.4,18.96,Standard,9.0,4.0,False,GBP
ORD-102868,2024-11-03,CUST-00636,Consumer,North,Web,Office Supplies,Storage,2,78.36,0.0,156.72,54.38,Standard,5.0,4.7,False,GBP
ORD-102519,2024-05-31,CUST-00767,Consumer,East,Mobile App,Office Supplies,Binders,5,87.31,0.1,392.9,64.83,Standard,5.0,3.3,False,GBP
ORD-103292,2024-05-01,CUST-00395,,East,Mobile App,Office Supplies,Art,3,25.78,0.0,77.34,19.8,Second Class,3.0,3.5,False,GBP
ORD-100943,2025-08-31,CUST-00357,Home Office,South,Web,Technology,Accessories,4,168.77,0.0,675.08,206.57,Standard,7.0,3.4,False,GBP
ORD-101591,2025-10-02,CUST-01335,Corporate,Central,Mobile App,Office Supplies,Paper,4,32.52,0.3,91.06,20.22,Second Class,2.0,4.9,False,GBP
ORD-100450,2025-03-29,CUST-00411,Consumer,North,Web,Office Supplies,Storage,7,15.73,0.4,66.07,7.6,Standard,6.0,2.4,False,GBP
ORD-103771,2024-09-09,CUST-01061,Corporate,South,Web,Office Supplies,Binders,8,38.26,0.0,306.08,122.13,Second Class,5.0,3.2,True,GBP
ORD-103049,2024-03-29,CUST-00634,Home Office,South,Marketplace,Office Supplies,Art,1,21.2,0.1,19.08,5.93,Standard,7.0,4.7,False,GBP
ORD-104295,2025-06-08,CUST-00285,Corporate,Central,Mobile App,Office Supplies,Paper,1,22.38,0.4,13.43,1.54,Standard,,5.0,False,GBP
ORD-104035,2024-01-10,CUST-00942,Corporate,West,Marketplace,Furniture,Tables,8,277.63,0.15,1887.88,417.22,Standard,5.0,4.2,False,GBP
ORD-101355,2024-06-06,CUST-00591,Home Office,Central,Marketplace,Technology,Accessories,6,362.64,0.15,1849.46,630.67,Standard,5.0,3.4,False,GBP
ORD-101924,2024-07-09,CUST-00897,Consumer,East,Marketplace,Technology,Machines,7,428.06,0.0,2996.42,713.15,Standard,6.0,4.0,False,GBP
ORD-101311,2025-11-28,CUST-00103,Consumer,South,Mobile App,Office Supplies,Binders,6,10.18,0.3,42.76,5.13,Same Day,1.0,2.8,False,GBP
ORD-103578,2024-05-31,CUST-00670,,North,Mobile App,Office Supplies,Paper,8,15.08,0.4,72.38,9.05,Same Day,0.0,4.0,True,GBP
ORD-103486,2025-08-28,CUST-01194,Consumer,North,Web,Office Supplies,Art,1,23.66,0.0,23.66,9.09,Standard,7.0,5.0,False,GBP
ORD-104245,2024-05-19,CUST-00702,Corporate,West,Marketplace,Office Supplies,Art,7,15.88,0.0,111.16,34.68,Second Class,4.0,,False,GBP
ORD-100393,2024-01-29,CUST-01287,Consumer,South,Mobile App,Office Supplies,Paper,3,16.23,0.1,43.82,15.29,Same Day,2.0,3.8,False,GBP
ORD-103554,2024-06-24,CUST-00374,Consumer,Central,Mobile App,Technology,Copiers,2,317.92,0.0,635.84,168.5,Standard,6.0,,False,GBP
ORD-104931,2024-07-07,CUST-00018,,Central,Web,Technology,Machines,7,257.44,0.2,1441.66,429.61,First Class,3.0,,False,GBP
ORD-103915,2024-05-17,CUST-01123,Corporate,West,Web,Furniture,Bookcases,2,483.08,0.15,821.24,218.45,First Class,2.0,4.4,False,GBP
ORD-100675,2025-10-17,CUST-01148,Consumer,North,Mobile App,Technology,Machines,6,1005.29,0.4,3619.04,271.43,Same Day,0.0,5.0,False,GBP
ORD-100823,2025-05-28,CUST-00440,Home Office,South,Web,Office Supplies,Labels,4,39.9,0.0,159.6,47.4,Standard,7.0,4.3,False,GBP
ORD-101613,2024-08-14,CUST-01008,Home Office,East,Mobile App,Office Supplies,Paper,1,35.9,0.2,28.72,9.05,Standard,5.0,4.8,False,GBP
ORD-102923,2025-03-11,CUST-01198,Corporate,West,Web,Office Supplies,Storage,5,27.48,0.4,82.44,14.18,Standard,7.0,3.5,False,GBP
ORD-103560,2024-10-30,CUST-00405,Home Office,Central,Web,Technology,Copiers,4,772.8,0.1,2782.08,581.45,Standard,3.0,5.0,False,GBP
ORD-101443,2025-08-20,CUST-01331,Consumer,South,Marketplace,Office Supplies,Binders,3,30.8,0.4,55.44,7.65,Second Class,3.0,4.6,False,GBP
ORD-103555,2024-02-01,CUST-00087,Home Office,North,Web,Office Supplies,Labels,6,25.27,0.3,106.13,27.17,First Class,4.0,2.4,False,GBP
ORD-103841,2025-03-01,CUST-01096,Consumer,South,Marketplace,Office Supplies,Paper,2,48.21,0.0,96.42,22.47,First Class,1.0,4.1,False,GBP
ORD-102349,2024-04-07,CUST-00137,,West,Web,Office Supplies,Art,6,28.27,0.1,152.66,32.52,Standard,5.0,4.8,False,GBP
ORD-103198,2025-07-29,CUST-01102,Consumer,North,Marketplace,Technology,Accessories,8,159.98,0.1,1151.86,327.13,Standard,5.0,4.1,False,GBP
ORD-103454,2025-12-05,CUST-00236,Corporate,East,Web,Office Supplies,Storage,7,43.37,0.1,273.23,55.19,Standard,4.0,3.5,False,GBP
ORD-103754,2024-03-27,CUST-00879,Home Office,South,Web,Office Supplies,Binders,2,30.92,0.2,49.47,11.72,Standard,5.0,3.4,True,GBP
ORD-104389,2025-03-26,CUST-00942,Consumer,South,Web,Furniture,Tables,4,611.43,0.0,2445.72,826.65,Standard,6.0,3.6,False,GBP
ORD-103614,2025-05-18,CUST-00544,Home Office,East,Marketplace,Office Supplies,Art,8,45.22,0.3,253.23,22.28,First Class,4.0,3.4,False,GBP
ORD-100479,2024-10-07,CUST-00024,Consumer,West,Web,Furniture,Chairs,5,287.14,0.0,1435.7,450.81,Second Class,5.0,2.5,False,GBP
ORD-103732,2024-05-31,CUST-01237,Consumer,North,Mobile App,Furniture,Chairs,8,282.12,0.15,1918.42,604.3,Standard,8.0,4.2,False,GBP
ORD-100560,2024-06-24,CUST-00667,Consumer,North,Web,Office Supplies,Binders,7,24.57,0.1,154.79,52.63,Same Day,0.0,3.8,False,GBP
ORD-102911,2024-08-22,CUST-01358,Home Office,West,Web,Office Supplies,Art,4,27.33,0.0,109.32,38.15,Standard,8.0,2.8,False,GBP
ORD-103090,2024-01-26,CUST-00096,Consumer,South,Phone,Technology,Phones,7,572.18,0.4,2403.16,218.69,Standard,8.0,3.5,False,GBP
ORD-101876,2024-05-18,CUST-00835,Consumer,East,Mobile App,Office Supplies,Art,3,7.55,0.15,19.25,3.93,Second Class,4.0,3.2,False,GBP
ORD-102622,2025-05-10,CUST-01310,Consumer,East,Web,Furniture,Tables,1,180.74,0.15,153.63,47.93,Standard,6.0,4.0,False,GBP
ORD-102820,2024-05-06,CUST-00121,,West,Mobile App,Office Supplies,Binders,2,27.47,0.2,43.95,11.38,Same Day,0.0,,False,GBP
ORD-102023,2025-02-20,CUST-00923,Consumer,East,Web,Furniture,Bookcases,2,550.87,0.0,1101.74,532.14,Standard,8.0,3.3,False,GBP
ORD-101212,2024-05-19,CUST-01008,,Central,Marketplace,Office Supplies,Art,5,22.12,0.0,110.6,37.05,Same Day,1.0,3.7,False,GBP
ORD-103153,2025-01-18,CUST-00505,,North,Mobile App,Furniture,Tables,6,81.32,0.0,487.92,184.43,Standard,8.0,2.9,False,GBP
ORD-101342,2024-10-20,CUST-01047,Corporate,Central,Web,Office Supplies,Binders,3,24.99,0.3,52.48,8.92,First Class,2.0,4.6,False,GBP
ORD-101168,2025-03-03,CUST-00826,Home Office,East,Mobile App,Office Supplies,Binders,7,15.62,0.0,109.34,42.75,Standard,6.0,4.2,False,GBP
ORD-102230,2024-07-05,CUST-01262,Consumer,North,Web,Office Supplies,Paper,4,61.33,0.2,196.26,49.06,Second Class,4.0,3.3,True,GBP
ORD-100841,2025-09-08,CUST-00841,Consumer,West,Phone,Office Supplies,Paper,4,24.18,0.0,96.72,43.04,Second Class,8.0,2.2,False,GBP
ORD-101569,2025-03-18,CUST-00589,Home Office,South,Mobile App,Furniture,Tables,8,452.27,0.2,2894.53,688.9,Standard,6.0,3.3,True,GBP
ORD-102671,2024-06-16,CUST-00921,Consumer,South,Web,Furniture,Furnishings,3,148.83,0.3,312.54,54.07,Standard,8.0,4.2,False,GBP
ORD-101730,2025-02-08,CUST-00059,Consumer,South,Marketplace,Office Supplies,Storage,2,14.68,0.0,29.36,8.13,Second Class,5.0,4.8,False,GBP
ORD-103344,2025-07-24,CUST-01370,,West,Web,Office Supplies,Labels,2,19.35,0.2,30.96,9.44,Second Class,4.0,3.0,False,GBP
ORD-102036,2025-07-14,CUST-00894,Home Office,West,Web,Furniture,Bookcases,3,167.89,0.15,428.12,83.91,Second Class,4.0,3.6,False,GBP
ORD-103257,2025-10-08,CUST-00869,Consumer,West,Web,Office Supplies,Art,4,38.85,0.1,139.86,50.77,First Class,3.0,4.0,False,GBP
ORD-101210,2025-01-29,CUST-00161,Home Office,West,Web,Technology,Accessories,6,355.78,0.1,1921.21,724.3,First Class,1.0,3.4,False,GBP
ORD-100245,2024-09-27,CUST-00755,Home Office,Central,Web,Office Supplies,Binders,1,25.07,0.1,22.56,6.41,Second Class,3.0,3.2,False,GBP
ORD-102947,2024-01-09,CUST-01232,Consumer,South,Mobile App,Office Supplies,Art,4,13.53,0.3,37.88,1.74,Same Day,0.0,4.6,False,GBP
ORD-104422,2024-02-12,CUST-00937,Consumer,Central,Web,Furniture,Tables,4,207.02,0.15,703.87,264.66,Standard,7.0,3.3,False,GBP
ORD-102765,2025-08-25,CUST-00092,Corporate,West,Web,Office Supplies,Labels,6,20.42,0.15,104.14,30.1,Standard,6.0,4.7,False,GBP
ORD-100040,2025-06-22,CUST-01051,Corporate,Central,Marketplace,Furniture,Chairs,7,241.71,0.15,1438.17,514.86,Standard,8.0,4.4,False,GBP
ORD-104926,2024-05-14,CUST-00229,,Central,Marketplace,Furniture,Bookcases,5,780.45,0.0,3902.25,1361.89,Standard,6.0,3.1,False,GBP
ORD-102343,2024-01-15,CUST-00273,Corporate,South,Marketplace,Office Supplies,Labels,8,14.02,0.0,112.16,47.89,Standard,7.0,3.8,False,GBP
ORD-104265,2025-07-05,CUST-00101,Consumer,Central,Web,Technology,Phones,6,704.06,0.4,2534.62,511.99,Standard,,4.2,False,GBP
ORD-100662,2024-04-17,CUST-01092,Consumer,Central,Mobile App,Furniture,Tables,2,116.37,0.0,232.74,76.57,Same Day,2.0,5.0,False,GBP
ORD-103632,2025-12-19,CUST-00804,,North,Web,Technology,Copiers,7,335.81,0.2,1880.54,406.2,Standard,8.0,5.0,False,GBP
ORD-101014,2024-06-17,CUST-01326,Consumer,South,Web,Furniture,Tables,1,275.88,0.15,234.5,48.54,Standard,7.0,3.8,False,GBP
ORD-103351,2025-08-21,CUST-00925,Consumer,West,Mobile App,Technology,Machines,3,394.51,0.0,1183.53,392.93,Standard,4.0,3.9,True,GBP
ORD-104709,2025-12-12,CUST-00857,Consumer,North,Mobile App,Technology,Phones,2,630.64,0.0,1261.28,478.03,Standard,7.0,4.1,False,GBP
ORD-103702,2025-09-19,CUST-00325,Corporate,South,Web,Office Supplies,Labels,4,118.57,0.0,474.28,239.99,Second Class,3.0,2.8,False,GBP
ORD-103580,2024-01-17,CUST-00541,Consumer,North,Web,Furniture,Bookcases,3,278.35,0.0,835.05,288.93,Second Class,5.0,4.3,False,GBP
ORD-100285,2024-08-28,CUST-00401,Corporate,East,Web,Furniture,Furnishings,3,391.25,0.2,939.0,152.12,Standard,8.0,4.3,False,GBP
ORD-103169,2024-04-10,CUST-01359,Corporate,North,Web,Technology,Machines,3,270.06,0.1,729.16,97.71,Second Class,2.0,4.3,False,GBP
ORD-104297,2024-10-18,CUST-00926,Consumer,West,Marketplace,Office Supplies,Storage,7,109.66,0.15,652.48,101.13,Same Day,1.0,3.9,False,GBP
ORD-103264,2024-10-10,CUST-01077,,South,Mobile App,Furniture,Chairs,7,247.89,0.1,1561.71,537.23,Standard,7.0,3.2,False,GBP
ORD-102406,2024-01-03,CUST-00890,,Central,Marketplace,Office Supplies,Binders,5,115.7,0.3,404.95,84.23,First Class,3.0,5.0,False,GBP
ORD-101989,2024-10-06,CUST-00258,Consumer,South,Mobile App,Technology,Phones,5,450.33,0.15,1913.9,325.36,First Class,4.0,3.7,False,GBP
ORD-101407,2025-05-02,CUST-01042,Consumer,East,Marketplace,Furniture,Bookcases,6,324.82,0.1,1754.03,356.07,Standard,6.0,3.3,False,GBP
ORD-104028,2024-02-15,CUST-00269,Home Office,South,Mobile App,Technology,Phones,8,419.93,0.1,3023.5,565.39,Standard,4.0,4.5,False,GBP
ORD-102900,2025-05-17,CUST-00294,Consumer,South,Marketplace,Office Supplies,Paper,2,45.95,0.15,78.12,16.25,Standard,6.0,2.6,False,GBP
ORD-100104,2024-09-13,CUST-00359,Consumer,Central,Web,Technology,Phones,5,217.27,0.4,651.81,132.97,Second Class,7.0,3.9,False,GBP
ORD-100234,2025-03-09,CUST-00067,Corporate,West,Web,Furniture,Tables,6,698.61,0.0,4191.66,591.02,Standard,3.0,3.0,False,GBP
ORD-102742,2025-09-21,CUST-01101,Consumer,East,Mobile App,Furniture,Tables,7,316.71,0.0,2216.97,855.75,First Class,4.0,5.0,False,GBP
ORD-102241,2024-10-02,CUST-00216,Corporate,South,Mobile App,Furniture,Bookcases,1,291.57,0.0,291.57,107.88,Standard,4.0,5.0,False,GBP
ORD-103608,2024-07-05,CUST-00730,Corporate,East,Web,Technology,Machines,2,968.05,0.0,1936.1,540.17,Same Day,0.0,4.3,False,GBP
ORD-101855,2024-04-27,CUST-01390,,North,Marketplace,Office Supplies,Labels,1,14.5,0.0,14.5,4.5,Second Class,3.0,4.2,True,GBP
ORD-100616,2025-04-06,CUST-01392,Home Office,Central,Web,Furniture,Chairs,6,214.1,0.15,1091.91,253.32,First Class,3.0,,False,GBP
ORD-104037,2024-03-08,CUST-01382,Consumer,North,Mobile App,Office Supplies,Storage,8,12.7,0.0,101.6,33.73,Standard,7.0,2.7,False,GBP
ORD-101048,2025-03-04,CUST-00207,Corporate,West,Web,Technology,Copiers,3,314.94,0.2,755.86,186.7,First Class,4.0,4.3,False,GBP
ORD-101055,2025-02-12,CUST-00904,Corporate,Central,Web,Office Supplies,Art,6,10.91,0.2,52.37,13.14,Standard,4.0,3.3,False,GBP
ORD-100453,2025-08-02,CUST-00643,Consumer,South,Phone,Office Supplies,Binders,7,38.09,0.0,266.63,110.65,Standard,7.0,4.0,False,GBP
ORD-103204,2024-03-27,CUST-00858,Consumer,South,Marketplace,Furniture,Chairs,4,278.92,0.0,1115.68,594.66,Standard,5.0,4.3,False,GBP
ORD-104387,2024-06-11,CUST-00827,Consumer,North,Mobile App,Furniture,Bookcases,7,773.25,0.0,5412.75,1710.43,Standard,5.0,3.3,False,GBP
ORD-104529,2025-09-16,CUST-00971,Consumer,South,Web,Technology,Accessories,6,344.62,0.2,1654.18,395.35,First Class,2.0,4.0,False,GBP
ORD-101940,2025-09-26,CUST-01108,Corporate,West,Marketplace,Office Supplies,Labels,5,46.55,0.0,232.75,108.23,Second Class,,4.2,False,GBP
ORD-102681,2025-11-24,CUST-00844,Consumer,South,Marketplace,Office Supplies,Art,5,24.75,0.3,86.62,7.45,Standard,5.0,3.2,False,GBP
ORD-102432,2024-11-30,CUST-01029,Home Office,West,Web,Furniture,Tables,5,283.92,0.0,1419.6,529.51,Standard,5.0,2.6,False,GBP
ORD-104538,2025-09-12,CUST-00327,Corporate,East,Mobile App,Office Supplies,Art,6,59.29,0.3,249.02,35.61,First Class,3.0,5.0,False,GBP
ORD-101213,2025-02-28,CUST-00056,Consumer,North,Marketplace,Technology,Accessories,7,293.77,0.1,1850.75,616.3,Standard,8.0,,False,GBP
ORD-102897,2025-11-16,CUST-00925,Consumer,West,Mobile App,Office Supplies,Labels,3,33.37,0.0,100.11,43.05,Standard,4.0,4.7,False,GBP
ORD-104403,2025-06-20,CUST-00882,Corporate,West,Marketplace,Furniture,Chairs,6,183.16,0.15,934.12,248.48,Standard,5.0,3.1,False,GBP
ORD-102761,2025-07-05,CUST-01380,Consumer,North,Mobile App,Furniture,Tables,2,344.62,0.15,585.85,111.9,Same Day,0.0,,False,GBP
ORD-101541,2024-02-23,CUST-00079,Consumer,West,Web,Furniture,Chairs,8,208.29,0.3,1166.42,227.45,Standard,4.0,4.1,False,GBP
ORD-100950,2025-08-27,CUST-01131,Home Office,South,Web,Office Supplies,Binders,5,23.45,0.4,70.35,8.86,First Class,1.0,3.4,False,GBP
ORD-103458,2025-05-12,CUST-00371,Consumer,North,Mobile App,Office Supplies,Labels,6,61.63,0.15,314.31,78.58,Standard,6.0,2.6,False,GBP
ORD-101582,2025-01-10,CUST-01250,Consumer,East,Marketplace,Office Supplies,Art,7,19.95,0.3,97.76,13.49,Standard,7.0,3.0,False,GBP
ORD-100089,2024-04-06,CUST-00181,Corporate,North,Web,Furniture,Bookcases,5,406.77,0.0,2033.85,705.75,First Class,3.0,4.2,False,GBP
ORD-103692,2025-03-26,CUST-00289,,Central,Web,Office Supplies,Binders,8,34.27,0.15,233.04,77.14,Standard,6.0,3.7,False,GBP
ORD-103230,2024-07-01,CUST-01399,Corporate,West,Web,Furniture,Furnishings,1,367.92,0.3,257.54,28.07,First Class,3.0,3.6,False,GBP
ORD-103991,2025-08-17,CUST-00184,Corporate,Central,Mobile App,Technology,Accessories,2,675.21,0.3,945.29,136.12,Second Class,4.0,5.0,False,GBP
ORD-102355,2025-07-06,CUST-01290,Corporate,South,Web,Furniture,Bookcases,4,326.52,0.15,1110.17,347.48,Standard,6.0,3.4,False,GBP
ORD-101310,2025-01-12,CUST-00520,Corporate,Central,Web,Office Supplies,Binders,4,18.21,0.3,50.99,8.26,Same Day,0.0,5.0,False,GBP
ORD-101371,2025-07-06,CUST-01222,Consumer,North,Phone,Office Supplies,Paper,2,38.04,0.3,53.26,3.57,Second Class,4.0,4.9,False,GBP
ORD-103851,2024-09-26,CUST-00606,Consumer,East,Web,Furniture,Chairs,6,205.11,0.4,738.4,53.16,Standard,8.0,,False,GBP
ORD-101170,2025-10-14,CUST-00212,Corporate,Central,Web,Furniture,Furnishings,2,139.23,0.2,222.77,65.72,Standard,7.0,3.1,False,GBP
ORD-103410,2024-02-22,CUST-01367,Consumer,West,Web,Furniture,Tables,7,257.68,0.0,1803.76,589.83,Standard,7.0,3.5,False,GBP
ORD-104752,2024-02-29,CUST-01087,,North,Web,Technology,Machines,3,323.07,0.0,969.21,270.41,Standard,7.0,3.3,False,GBP
ORD-103637,2025-10-13,CUST-00259,Corporate,South,Marketplace,Technology,Accessories,2,528.66,0.4,634.39,143.37,Standard,6.0,3.4,False,GBP
ORD-102969,2025-06-10,CUST-01057,,East,Marketplace,Furniture,Tables,1,176.93,0.3,123.85,30.1,First Class,3.0,3.9,False,GBP
ORD-104515,2025-10-29,CUST-00852,Consumer,West,Web,Furniture,Bookcases,6,377.04,0.2,1809.79,249.75,Second Class,3.0,3.0,False,GBP
ORD-103262,2025-11-26,CUST-01022,Corporate,West,Marketplace,Furniture,Bookcases,8,212.57,0.2,1360.45,308.82,Second Class,7.0,3.3,False,GBP
ORD-102431,2024-10-30,CUST-01263,Consumer,East,Mobile App,Technology,Machines,8,956.0,0.2,6118.4,1321.57,Standard,8.0,3.1,False,GBP
ORD-100690,2025-02-19,CUST-00738,Home Office,East,Web,Office Supplies,Art,4,31.58,0.15,107.37,28.56,Standard,4.0,3.7,False,GBP
ORD-102756,2025-11-15,CUST-00989,Consumer,East,Web,Office Supplies,Paper,2,34.09,0.4,40.91,7.85,Standard,5.0,2.7,False,GBP
ORD-104134,2025-03-29,CUST-01226,Home Office,West,Web,Office Supplies,Binders,4,24.34,0.0,97.36,27.46,Standard,4.0,5.0,False,GBP
ORD-100402,2024-03-27,CUST-00658,Consumer,North,Web,Furniture,Tables,3,533.61,0.0,1600.83,405.01,Standard,4.0,4.5,False,GBP
ORD-102026,2024-02-04,CUST-01018,Consumer,North,Web,Furniture,Tables,5,643.69,0.0,3218.45,1129.68,Standard,8.0,2.7,False,GBP
ORD-104822,2024-02-22,CUST-00450,Corporate,East,Mobile App,Office Supplies,Binders,2,33.33,0.4,40.0,5.56,Standard,8.0,4.9,False,GBP
ORD-100701,2024-01-18,CUST-00977,Consumer,West,Phone,Technology,Phones,7,313.12,0.0,2191.84,723.31,First Class,4.0,4.1,False,GBP
ORD-104837,2024-03-31,CUST-00295,Corporate,West,Web,Office Supplies,Art,2,28.87,0.4,34.64,6.55,Same Day,2.0,4.4,False,GBP
ORD-104241,2024-01-10,CUST-00323,Corporate,Central,Web,Furniture,Furnishings,7,495.84,0.3,2429.62,544.23,Second Class,6.0,4.5,False,GBP
ORD-103046,2024-05-13,CUST-01279,Consumer,West,Mobile App,Office Supplies,Binders,8,23.56,0.0,188.48,41.47,Standard,5.0,3.4,False,GBP
ORD-102849,2024-05-08,CUST-00965,Consumer,South,Web,Technology,Machines,2,387.74,0.4,465.29,97.71,Second Class,4.0,4.4,False,GBP
ORD-101735,2025-05-07,CUST-00357,Consumer,South,Marketplace,Office Supplies,Storage,1,40.73,0.0,40.73,7.45,Standard,6.0,2.3,True,GBP
ORD-100543,2024-03-07,CUST-00910,Consumer,Central,Marketplace,Technology,Copiers,3,391.24,0.4,704.23,58.45,Second Class,3.0,3.9,False,GBP
ORD-103751,2025-01-12,CUST-00522,Corporate,East,Mobile App,Furniture,Furnishings,5,652.34,0.15,2772.44,435.27,Standard,4.0,,True,GBP
ORD-103255,2025-04-27,CUST-00193,Home Office,East,Web,Furniture,Chairs,6,475.72,0.3,1998.02,187.81,Standard,7.0,2.9,False,GBP
ORD-103795,2025-02-20,CUST-00313,Home Office,North,Web,Furniture,Bookcases,7,405.14,0.0,2835.98,768.55,Standard,8.0,2.3,False,GBP
ORD-100403,2024-06-28,CUST-01132,Consumer,North,Web,Office Supplies,Art,4,39.04,0.4,93.7,15.18,Second Class,5.0,4.4,False,GBP
ORD-102244,2024-07-18,CUST-01279,Consumer,North,Marketplace,Office Supplies,Art,3,46.19,0.2,110.86,27.83,Standard,6.0,5.0,False,GBP
ORD-103130,2025-02-28,CUST-00170,Consumer,East,Web,Furniture,Furnishings,6,96.02,0.4,345.67,4.15,Standard,7.0,4.6,False,GBP
ORD-104332,2024-02-28,CUST-01305,Home Office,East,Web,Office Supplies,Art,3,33.77,0.2,81.05,19.13,Standard,7.0,5.0,True,GBP
ORD-104099,2025-12-16,CUST-00496,Consumer,East,Web,Technology,Phones,6,269.78,0.15,1375.88,448.54,First Class,3.0,3.2,True,GBP
ORD-101929,2024-10-10,CUST-00343,Consumer,Central,Web,Furniture,Chairs,7,223.22,0.2,1250.03,287.51,Second Class,4.0,2.8,False,GBP
ORD-102489,2025-04-26,CUST-01026,Consumer,Central,Mobile App,Office Supplies,Binders,3,20.57,0.2,49.37,9.78,Standard,7.0,3.5,False,GBP
ORD-101523,2024-10-07,CUST-01070,Home Office,Central,Phone,Office Supplies,Art,8,10.92,0.0,87.36,27.26,Second Class,2.0,4.1,False,GBP
ORD-103613,2025-01-25,CUST-01196,Home Office,South,Web,Furniture,Bookcases,2,124.43,0.0,248.86,73.41,Standard,9.0,4.1,False,GBP
ORD-102715,2025-10-01,CUST-00839,Consumer,South,Web,Furniture,Tables,5,133.78,0.0,668.9,212.04,Second Class,5.0,3.6,False,GBP
ORD-104415,2025-12-05,CUST-00462,Consumer,North,Web,Office Supplies,Binders,5,46.47,0.15,197.5,37.52,Standard,7.0,3.0,True,GBP
ORD-103177,2025-11-30,CUST-00487,Consumer,South,Web,Furniture,Bookcases,7,132.58,0.1,835.25,288.16,Standard,4.0,,False,GBP
ORD-101532,2024-03-27,CUST-01365,Consumer,East,Mobile App,Office Supplies,Labels,5,26.32,0.3,92.12,15.48,Standard,5.0,4.0,False,GBP
ORD-102606,2024-09-04,CUST-01329,Home Office,North,Web,Technology,Copiers,3,882.46,0.15,2250.27,508.56,Second Class,7.0,2.9,False,GBP
ORD-100860,2025-11-27,CUST-00784,Consumer,North,Mobile App,Office Supplies,Storage,2,13.79,0.0,27.58,12.44,First Class,3.0,,False,GBP
ORD-103181,2025-06-28,CUST-00032,Consumer,East,Mobile App,Office Supplies,Paper,1,22.46,0.4,13.48,2.64,Standard,6.0,3.8,False,GBP
ORD-101501,2024-11-05,CUST-00225,Home Office,North,Web,Office Supplies,Binders,5,33.43,0.15,142.08,37.79,Second Class,6.0,3.2,False,GBP
ORD-101895,2025-05-21,CUST-00055,Consumer,North,Web,Office Supplies,Paper,5,17.68,0.0,88.4,31.29,First Class,3.0,2.8,False,GBP
ORD-102946,2025-07-13,CUST-01161,Corporate,East,Web,Office Supplies,Labels,8,48.68,0.0,389.44,112.55,Standard,7.0,3.3,True,GBP
ORD-101753,2024-06-27,CUST-01205,Corporate,South,Web,Technology,Accessories,3,797.77,0.2,1914.65,476.75,Second Class,5.0,2.6,False,GBP
ORD-100067,2024-04-28,CUST-00249,Home Office,North,Marketplace,Furniture,Bookcases,4,390.32,0.4,936.77,63.7,Standard,3.0,4.0,False,GBP
ORD-103798,2025-10-21,CUST-01036,Consumer,South,Mobile App,Office Supplies,Storage,8,17.65,0.1,127.08,45.11,Same Day,0.0,2.0,False,GBP
ORD-102134,2025-12-22,CUST-00456,Consumer,West,Mobile App,Office Supplies,Art,4,14.29,0.2,45.73,10.11,Standard,5.0,2.9,False,GBP
ORD-100545,2024-10-20,CUST-00335,Consumer,Central,Web,Office Supplies,Art,2,27.37,0.0,54.74,23.76,Standard,4.0,4.4,False,GBP
ORD-104565,2024-05-09,CUST-01287,Consumer,West,Marketplace,Technology,Copiers,6,403.6,0.0,2421.6,1000.12,Standard,6.0,,True,GBP
ORD-100462,2024-04-08,CUST-00888,Consumer,South,Mobile App,Office Supplies,Storage,4,58.35,0.3,163.38,29.74,Standard,9.0,4.6,False,GBP
ORD-104083,2025-10-28,CUST-00756,Corporate,South,Web,Technology,Phones,6,267.55,0.2,1284.24,448.2,First Class,2.0,4.3,False,GBP
ORD-100814,2025-06-27,CUST-00690,,Central,Mobile App,Office Supplies,Storage,6,14.73,0.0,88.38,46.93,First Class,3.0,3.4,False,GBP
ORD-102901,2025-09-22,CUST-00877,Home Office,Central,Mobile App,Technology,Phones,8,320.58,0.0,2564.64,795.04,First Class,3.0,4.2,False,GBP
ORD-104459,2024-08-25,CUST-01372,Consumer,North,Web,Office Supplies,Storage,1,40.94,0.0,40.94,11.59,First Class,4.0,4.5,False,GBP
ORD-104259,2024-01-08,CUST-00229,Consumer,East,Mobile App,Furniture,Bookcases,8,722.43,0.3,4045.61,825.3,Same Day,1.0,4.8,True,GBP
ORD-103712,2024-08-19,CUST-01361,Corporate,South,Web,Office Supplies,Labels,5,19.86,0.0,99.3,35.85,Standard,5.0,3.0,False,GBP
ORD-104790,2025-05-04,CUST-00037,Home Office,North,Web,Office Supplies,Binders,6,15.09,0.0,90.54,24.63,Standard,5.0,3.4,False,GBP
ORD-100233,2025-02-27,CUST-00676,Consumer,West,Web,Technology,Phones,1,536.48,0.2,429.18,37.77,Standard,6.0,4.1,False,GBP
ORD-100394,2024-11-21,CUST-00815,Home Office,East,Web,Office Supplies,Art,3,17.83,0.0,53.49,17.38,Standard,5.0,3.7,False,GBP
ORD-103650,2025-08-19,CUST-00754,Consumer,East,Marketplace,Office Supplies,Storage,4,13.46,0.0,53.84,17.77,Standard,7.0,2.7,False,GBP
ORD-102236,2025-04-20,CUST-00525,Consumer,East,Mobile App,Furniture,Furnishings,3,360.01,0.3,756.02,96.01,Standard,6.0,3.0,False,GBP
ORD-104537,2025-07-20,CUST-00396,Consumer,West,Web,Furniture,Bookcases,7,129.75,0.0,908.25,342.41,Standard,5.0,1.9,False,GBP
ORD-104712,2025-01-23,CUST-00028,Consumer,East,Web,Furniture,Chairs,8,174.79,0.0,1398.32,255.89,Standard,6.0,2.9,True,GBP
ORD-102661,2024-06-20,CUST-01290,Home Office,North,Marketplace,Furniture,Bookcases,6,437.52,0.0,2625.12,637.9,Standard,6.0,,False,GBP
ORD-100436,2025-07-09,CUST-01283,Home Office,North,Web,Office Supplies,Storage,3,39.04,0.0,117.12,30.1,First Class,4.0,3.0,False,GBP
ORD-100163,2025-09-16,CUST-00319,Corporate,Central,Web,Furniture,Chairs,2,149.2,0.4,179.04,29.18,Second Class,5.0,3.4,False,GBP
ORD-103931,2024-07-18,CUST-00745,Corporate,South,Mobile App,Office Supplies,Paper,2,26.6,0.0,53.2,8.19,Second Class,4.0,3.9,False,GBP
ORD-103266,2025-06-19,CUST-01210,Corporate,North,Web,Technology,Copiers,7,1107.42,0.0,7751.94,2054.26,Standard,7.0,3.1,False,GBP
ORD-101807,2025-11-18,CUST-00057,Consumer,South,Web,Furniture,Bookcases,6,121.1,0.2,581.28,188.33,Standard,5.0,5.0,False,GBP
ORD-103247,2024-03-01,CUST-01036,Corporate,North,Marketplace,Office Supplies,Binders,8,19.96,0.4,95.81,19.93,Standard,7.0,,False,GBP
ORD-102867,2024-07-16,CUST-00968,Consumer,East,Marketplace,Furniture,Furnishings,1,324.12,0.0,324.12,100.48,Standard,,3.0,False,GBP
ORD-101546,2025-04-12,CUST-00569,Consumer,North,Web,Office Supplies,Art,1,17.44,0.2,13.95,0.06,Standard,6.0,3.9,False,GBP
ORD-102562,2024-08-28,CUST-00980,Consumer,North,Mobile App,Technology,Accessories,5,250.38,0.0,1251.9,338.01,Standard,6.0,3.4,False,GBP
ORD-100775,2024-08-24,CUST-01175,Consumer,Central,Marketplace,Furniture,Chairs,1,238.53,0.0,238.53,77.05,Same Day,2.0,4.1,False,GBP
ORD-101468,2025-12-08,CUST-00346,Home Office,South,Web,Office Supplies,Paper,5,12.79,0.3,44.76,1.61,Standard,6.0,3.6,False,GBP
ORD-100252,2024-02-23,CUST-00804,Consumer,East,Marketplace,Furniture,Tables,6,274.23,0.1,1480.84,490.16,Standard,6.0,3.5,False,GBP
ORD-100424,2025-10-18,CUST-01048,Home Office,East,Web,Furniture,Bookcases,1,227.34,0.0,227.34,62.75,Second Class,2.0,3.6,False,GBP
ORD-102534,2025-01-17,CUST-01067,Corporate,South,Web,Technology,Machines,4,614.57,0.4,1474.97,290.57,Standard,5.0,,False,GBP
ORD-102379,2025-09-06,CUST-00572,Consumer,West,Marketplace,Technology,Phones,8,268.21,0.15,1823.83,631.05,Second Class,5.0,4.9,False,GBP
ORD-100792,2025-03-02,CUST-00953,Consumer,North,Web,Technology,Accessories,4,503.14,0.4,1207.54,102.64,Standard,7.0,4.7,False,GBP
ORD-100913,2025-08-03,CUST-00208,Home Office,East,Mobile App,Office Supplies,Binders,7,21.96,0.3,107.6,15.92,Second Class,4.0,4.2,False,GBP
ORD-102630,2025-08-27,CUST-00772,,West,Mobile App,Office Supplies,Labels,3,9.06,0.3,19.03,3.52,Second Class,4.0,3.5,False,GBP
ORD-100577,2024-05-02,CUST-00622,Home Office,North,Web,Office Supplies,Storage,2,78.03,0.0,156.06,75.53,Second Class,4.0,,True,GBP
ORD-103459,2025-11-16,CUST-01048,Consumer,Central,Marketplace,Office Supplies,Labels,1,18.52,0.1,16.67,4.8,Standard,6.0,2.7,False,GBP
ORD-103797,2025-11-10,CUST-00631,Consumer,Central,Web,Office Supplies,Labels,2,28.02,0.1,50.44,9.43,Standard,6.0,3.1,False,GBP
ORD-100747,2024-02-26,CUST-00285,,Central,Mobile App,Furniture,Tables,6,453.4,0.1,2448.36,575.36,First Class,1.0,4.5,False,GBP
ORD-104005,2025-05-01,CUST-01177,Home Office,East,Web,Technology,Machines,1,183.77,0.0,183.77,56.78,Second Class,1.0,3.6,False,GBP
ORD-104307,2024-06-16,CUST-00760,Corporate,Central,Mobile App,Office Supplies,Paper,1,28.73,0.2,22.98,6.39,Second Class,4.0,4.5,False,GBP
ORD-103936,2024-06-26,CUST-00504,Consumer,Central,Mobile App,Furniture,Bookcases,3,229.21,0.0,687.63,236.54,Standard,7.0,4.9,False,GBP
ORD-104522,2024-01-13,CUST-00583,Consumer,North,Web,Office Supplies,Storage,7,11.98,0.0,83.86,25.91,Standard,5.0,4.0,False,GBP
ORD-103935,2024-03-05,CUST-00688,Consumer,South,Web,Technology,Copiers,8,228.5,0.0,1828.0,519.15,First Class,3.0,3.8,False,GBP
ORD-103992,2024-07-27,CUST-01243,Consumer,Central,Marketplace,Furniture,Furnishings,8,85.23,0.3,477.29,76.37,Standard,5.0,3.9,False,GBP
ORD-103954,2025-11-27,CUST-01063,Consumer,West,Mobile App,Office Supplies,Art,3,70.18,0.15,178.96,33.11,Second Class,6.0,3.0,False,GBP
ORD-100579,2025-10-31,CUST-00675,Consumer,Central,Marketplace,Furniture,Tables,8,392.54,0.3,2198.22,402.27,Standard,4.0,4.5,False,GBP
ORD-100670,2025-12-12,CUST-00184,Home Office,East,Mobile App,Office Supplies,Labels,5,24.27,0.2,97.08,19.03,Standard,5.0,4.4,False,GBP
ORD-101289,2024-02-14,CUST-00117,Home Office,Central,Web,Office Supplies,Art,3,61.94,0.0,185.82,79.16,Standard,4.0,3.5,False,GBP
ORD-103640,2024-03-05,CUST-00696,Home Office,West,Marketplace,Furniture,Tables,6,371.27,0.2,1782.1,522.16,Standard,7.0,1.7,False,GBP
ORD-102850,2025-04-07,CUST-01117,Consumer,East,Mobile App,Furniture,Tables,7,263.84,0.0,1846.88,600.24,First Class,4.0,3.3,False,GBP
ORD-102306,2025-01-23,CUST-01334,Corporate,West,Mobile App,Furniture,Chairs,3,277.24,0.2,665.38,37.93,Standard,6.0,4.0,False,GBP
ORD-102505,2025-01-21,CUST-01387,,West,Marketplace,Technology,Copiers,3,715.96,0.4,1288.73,158.51,Standard,5.0,3.8,False,GBP
ORD-102772,2025-12-04,CUST-01271,Consumer,North,Web,Office Supplies,Paper,2,27.23,0.1,49.01,11.66,Standard,5.0,4.6,False,GBP
ORD-100115,2025-07-25,CUST-00603,Consumer,South,Mobile App,Technology,Phones,6,447.21,0.4,1609.96,161.0,Standard,6.0,2.6,False,GBP
ORD-104081,2025-09-25,CUST-00915,Consumer,East,Mobile App,Office Supplies,Art,6,38.35,0.2,184.08,68.11,Second Class,2.0,5.0,True,GBP
ORD-101103,2025-01-03,CUST-00411,Consumer,South,Marketplace,Technology,Phones,7,460.48,0.4,1934.02,83.16,Standard,5.0,2.7,False,GBP
ORD-101841,2024-08-25,CUST-00334,Corporate,North,Web,Office Supplies,Art,2,17.62,0.1,31.72,6.15,Second Class,6.0,4.7,False,GBP
ORD-104840,2024-06-01,CUST-00948,Consumer,West,Mobile App,Furniture,Furnishings,2,169.32,0.0,338.64,158.14,First Class,1.0,3.7,False,GBP
ORD-104362,2025-01-23,CUST-00531,Consumer,North,Marketplace,Furniture,Bookcases,5,414.76,0.1,1866.42,565.53,Second Class,4.0,4.5,False,GBP
ORD-101297,2025-11-24,CUST-01246,,West,Web,Technology,Accessories,7,297.2,0.15,1768.34,567.64,First Class,2.0,3.4,False,GBP
ORD-104448,2025-05-18,CUST-00937,Home Office,East,Web,Office Supplies,Paper,6,12.43,0.2,59.66,14.92,Standard,6.0,2.1,False,GBP
ORD-101899,2024-09-07,CUST-00731,Corporate,Central,Mobile App,Office Supplies,Paper,4,23.01,0.4,55.22,6.3,Second Class,7.0,2.2,False,GBP
ORD-100546,2025-09-20,CUST-00967,Corporate,North,Web,Furniture,Bookcases,2,127.07,0.3,177.9,7.65,Second Class,4.0,3.9,False,GBP
ORD-103900,2025-06-20,CUST-00341,Consumer,West,Web,Office Supplies,Art,2,24.69,0.4,29.63,2.04,Standard,6.0,3.3,False,GBP
ORD-101007,2025-08-31,CUST-00804,,North,Mobile App,Furniture,Bookcases,7,566.81,0.4,2380.6,252.34,First Class,1.0,4.9,False,GBP
ORD-102007,2025-10-19,CUST-01351,Home Office,Central,Web,Office Supplies,Storage,1,19.39,0.3,13.57,3.16,Standard,4.0,4.2,False,GBP
ORD-101964,2024-09-03,CUST-01258,Consumer,East,Web,Furniture,Furnishings,3,512.07,0.0,1536.21,526.92,Same Day,5.0,3.7,False,GBP
ORD-102465,2025-02-19,CUST-00157,Consumer,South,Marketplace,Office Supplies,Art,8,30.34,0.0,242.72,82.77,Standard,6.0,3.9,False,GBP
ORD-100046,2024-05-24,CUST-00124,Consumer,South,Marketplace,Furniture,Bookcases,5,137.64,0.3,481.74,97.79,Standard,8.0,3.3,False,GBP
ORD-100309,2025-05-29,CUST-00617,Consumer,North,Mobile App,Technology,Phones,1,318.35,0.0,318.35,112.06,Second Class,0.0,3.6,False,GBP
ORD-100877,2025-03-05,CUST-00585,Home Office,South,Web,Furniture,Tables,5,230.24,0.0,1151.2,237.15,First Class,5.0,4.3,False,GBP
ORD-100720,2024-03-20,CUST-00407,Consumer,South,Marketplace,Furniture,Chairs,2,147.05,0.0,294.1,79.41,First Class,4.0,2.8,False,GBP
ORD-101282,2025-06-30,CUST-00351,Consumer,East,Mobile App,Office Supplies,Storage,3,19.18,0.2,46.03,8.24,Standard,5.0,3.7,False,GBP
ORD-101524,2024-05-23,CUST-00265,Home Office,West,Mobile App,Technology,Accessories,2,170.74,0.0,341.48,79.91,Standard,6.0,2.9,False,GBP
ORD-103043,2025-11-20,CUST-00709,Home Office,West,Marketplace,Technology,Accessories,2,1276.59,0.4,1531.91,376.85,Standard,4.0,,False,GBP
ORD-103775,2024-04-08,CUST-00748,Home Office,Central,Mobile App,Office Supplies,Binders,8,23.32,0.2,149.25,24.03,Standard,6.0,4.2,False,GBP
ORD-100946,2025-10-21,CUST-00363,Corporate,West,Web,Office Supplies,Art,3,61.22,0.4,110.2,34.49,Standard,5.0,4.2,False,GBP
ORD-103964,2025-11-05,CUST-00662,,West,Web,Office Supplies,Binders,6,24.89,0.4,89.6,12.63,Standard,7.0,4.0,False,GBP
ORD-103398,2025-07-16,CUST-01268,Corporate,North,Mobile App,Office Supplies,Paper,8,19.74,0.0,157.92,66.64,Standard,6.0,4.3,True,GBP
ORD-104612,2024-11-19,CUST-00642,Consumer,East,Marketplace,Technology,Phones,5,461.6,0.1,2077.2,336.51,First Class,6.0,3.4,True,GBP
ORD-100149,2024-06-09,CUST-00312,Home Office,West,Marketplace,Technology,Copiers,5,288.81,0.1,1299.64,324.91,First Class,5.0,3.7,True,GBP
ORD-103260,2025-05-27,CUST-00186,,Central,Marketplace,Furniture,Chairs,5,305.79,0.0,1528.95,496.91,Standard,7.0,2.7,False,GBP
ORD-100407,2025-03-20,CUST-00760,Corporate,East,Web,Technology,Machines,3,136.91,0.0,410.73,115.42,First Class,1.0,4.1,False,GBP
ORD-103810,2024-10-26,CUST-00200,Home Office,East,Mobile App,Office Supplies,Storage,5,23.74,0.0,118.7,31.46,Standard,9.0,3.4,False,GBP
ORD-101747,2024-09-27,CUST-01331,Consumer,North,Marketplace,Technology,Machines,3,705.25,0.15,1798.39,413.63,Second Class,3.0,4.4,False,GBP
ORD-101339,2024-04-02,CUST-00530,Corporate,Central,Web,Office Supplies,Labels,4,57.71,0.0,230.84,101.34,First Class,3.0,3.4,False,GBP
ORD-104512,2024-09-13,CUST-00825,,South,Web,Technology,Phones,2,845.94,0.0,1691.88,402.67,Standard,,4.2,False,GBP
ORD-101955,2024-07-07,CUST-00250,Home Office,East,Web,Furniture,Furnishings,8,254.34,0.0,2034.72,482.23,Second Class,2.0,4.5,False,GBP
ORD-104698,2025-03-23,CUST-00268,Corporate,West,Web,Technology,Phones,8,1029.74,0.1,7414.13,2001.82,Standard,4.0,4.4,False,GBP
ORD-100805,2024-02-02,CUST-01280,Consumer,Central,Web,Technology,Copiers,8,389.3,0.15,2647.24,886.83,Standard,5.0,3.5,False,GBP
ORD-103501,2025-04-20,CUST-00378,Consumer,East,Marketplace,Technology,Phones,1,315.38,0.0,315.38,87.36,Standard,7.0,4.3,False,GBP
ORD-104454,2024-06-11,CUST-00646,Consumer,North,Marketplace,Office Supplies,Paper,1,16.48,0.3,11.54,4.34,Standard,7.0,3.4,False,GBP
ORD-100624,2025-04-17,CUST-00150,Corporate,Central,Web,Office Supplies,Binders,7,35.77,0.0,250.39,95.15,Standard,8.0,,False,GBP
ORD-104920,2025-08-07,CUST-00903,Consumer,East,Mobile App,Technology,Machines,6,364.15,0.4,1310.94,226.79,Standard,5.0,3.2,False,GBP
ORD-100174,2024-12-02,CUST-00037,Corporate,East,Mobile App,Furniture,Chairs,4,79.69,0.15,270.95,43.08,Standard,6.0,,False,GBP
ORD-101032,2024-11-26,CUST-01082,Consumer,Central,Phone,Office Supplies,Binders,4,14.13,0.1,50.87,10.89,Standard,9.0,3.8,False,GBP
ORD-102240,2024-04-03,CUST-00945,Consumer,North,Web,Office Supplies,Art,8,41.4,0.3,231.84,13.91,Standard,5.0,,False,GBP
ORD-100330,2025-06-11,CUST-00023,Consumer,Central,Mobile App,Office Supplies,Paper,3,19.14,0.0,57.42,18.95,Standard,4.0,4.0,False,GBP
ORD-102169,2024-08-26,CUST-00208,Home Office,East,Mobile App,Technology,Accessories,8,858.88,0.0,6871.04,2700.32,Standard,6.0,3.6,False,GBP
ORD-104363,2025-06-22,CUST-00287,Consumer,West,Mobile App,Furniture,Chairs,1,99.83,0.0,99.83,39.53,Standard,6.0,3.1,False,GBP
ORD-101429,2025-08-01,CUST-00991,Corporate,Central,Web,Office Supplies,Art,3,28.84,0.0,86.52,21.02,First Class,3.0,3.1,False,GBP
ORD-103431,2025-12-12,CUST-00512,Consumer,South,Phone,Technology,Accessories,4,183.41,0.2,586.91,125.01,Second Class,3.0,3.4,False,GBP
ORD-100311,2025-04-23,CUST-00822,Consumer,West,Web,Office Supplies,Art,5,37.99,0.3,132.96,20.74,Standard,,2.6,False,GBP
ORD-103129,2024-03-21,CUST-00089,Home Office,South,Phone,Furniture,Bookcases,7,478.4,0.15,2846.48,1001.96,Second Class,3.0,3.2,False,GBP
ORD-104051,2024-07-03,CUST-00681,Consumer,West,Web,Furniture,Bookcases,1,171.7,0.3,120.19,24.16,Standard,7.0,3.5,False,GBP
ORD-101042,2024-09-22,CUST-01126,Consumer,South,Web,Furniture,Bookcases,2,178.03,0.3,249.24,61.81,First Class,4.0,2.7,False,GBP
ORD-101936,2025-09-05,CUST-01379,Corporate,Central,Web,Technology,Accessories,1,230.17,0.3,161.12,-1.29,Same Day,4.0,4.8,True,GBP
ORD-100740,2025-11-07,CUST-00404,Consumer,Central,Web,Office Supplies,Storage,4,69.29,0.3,194.01,-3.69,Same Day,3.0,3.0,False,GBP
ORD-101762,2025-01-12,CUST-01099,Home Office,East,Web,Furniture,Bookcases,2,96.06,0.0,192.12,72.62,Second Class,3.0,3.9,False,GBP
ORD-102930,2024-07-22,CUST-00076,Corporate,East,Mobile App,Furniture,Tables,6,497.66,0.0,2985.96,1176.47,Second Class,4.0,3.7,False,GBP
ORD-104694,2024-01-26,CUST-01285,Corporate,Central,Marketplace,Office Supplies,Art,4,22.92,0.0,91.68,33.19,Second Class,3.0,3.8,False,GBP
ORD-104811,2025-01-17,CUST-00295,Consumer,South,Web,Technology,Accessories,3,239.36,0.0,718.08,255.64,Second Class,5.0,3.5,False,GBP
ORD-103451,2025-04-25,CUST-00262,Home Office,West,Mobile App,Furniture,Tables,4,335.16,0.4,804.38,176.16,Second Class,3.0,3.4,False,GBP
ORD-104014,2025-10-10,CUST-00470,Corporate,South,Web,Office Supplies,Labels,5,26.33,0.0,131.65,48.32,Second Class,5.0,4.0,False,GBP
ORD-101984,2025-09-06,CUST-01022,,West,Phone,Technology,Copiers,4,359.77,0.2,1151.26,330.41,Second Class,3.0,5.0,False,GBP
ORD-104979,2025-07-26,CUST-00228,Home Office,Central,Mobile App,Office Supplies,Art,5,35.21,0.2,140.84,40.42,First Class,0.0,,False,GBP
ORD-103199,2024-05-13,CUST-00479,Corporate,South,Mobile App,Office Supplies,Paper,5,14.09,0.0,70.45,20.15,Second Class,6.0,3.7,False,GBP
ORD-100017,2024-08-19,CUST-00890,Corporate,Central,Web,Technology,Machines,4,842.62,0.2,2696.38,323.57,Standard,7.0,1.9,True,GBP
ORD-100353,2024-05-15,CUST-00592,Home Office,South,Web,Office Supplies,Labels,7,11.44,0.15,68.07,16.06,Standard,7.0,3.8,False,GBP
ORD-100257,2024-09-12,CUST-01209,Consumer,East,Marketplace,Technology,Phones,3,305.7,0.3,641.97,55.21,Standard,4.0,5.0,True,GBP
ORD-104995,2025-10-01,CUST-00668,Consumer,North,Web,Technology,Copiers,1,282.06,0.0,282.06,89.13,Standard,6.0,2.5,False,GBP
ORD-102910,2024-01-05,CUST-00039,Corporate,Central,Mobile App,Office Supplies,Storage,5,42.18,0.1,189.81,62.26,Same Day,1.0,3.7,False,GBP
ORD-104716,2025-10-13,CUST-00097,Home Office,Central,Mobile App,Office Supplies,Storage,3,32.5,0.0,97.5,40.27,Standard,8.0,4.9,False,GBP
ORD-104957,2024-09-11,CUST-00727,Corporate,South,Mobile App,Furniture,Bookcases,5,249.45,0.2,997.8,195.57,Standard,6.0,4.2,False,GBP
ORD-101528,2024-06-28,CUST-01373,,West,Mobile App,Office Supplies,Art,2,99.88,0.2,159.81,44.91,Second Class,5.0,3.8,False,GBP
ORD-100059,2024-08-19,CUST-00564,Consumer,Central,Web,Office Supplies,Binders,6,11.52,0.15,58.75,20.15,Second Class,6.0,4.0,False,GBP
ORD-101611,2025-11-23,CUST-01304,Consumer,Central,Marketplace,Office Supplies,Art,7,21.23,0.1,133.75,50.42,Second Class,5.0,3.7,False,GBP
ORD-104125,2024-03-14,CUST-00169,,North,Web,Office Supplies,Paper,8,74.18,0.3,415.41,88.48,First Class,2.0,4.6,False,GBP
ORD-104319,2025-01-15,CUST-00889,Corporate,Central,Marketplace,Furniture,Bookcases,5,259.86,0.3,909.51,224.65,First Class,2.0,3.6,False,GBP
ORD-101094,2025-04-03,CUST-00094,Consumer,West,Marketplace,Office Supplies,Labels,6,13.77,0.4,49.57,3.77,Standard,4.0,2.8,False,GBP
ORD-104315,2024-12-06,CUST-00358,Corporate,West,Mobile App,Technology,Machines,2,395.97,0.15,673.15,240.31,Standard,5.0,3.6,False,GBP
ORD-102469,2024-11-30,CUST-01370,Home Office,South,Mobile App,Office Supplies,Binders,6,24.59,0.0,147.54,38.07,Standard,5.0,2.0,False,GBP
ORD-103617,2025-07-18,CUST-01290,Consumer,North,Web,Technology,Copiers,2,224.45,0.2,359.12,27.29,Second Class,4.0,3.7,True,GBP
ORD-100859,2025-05-03,CUST-00406,Consumer,East,Mobile App,Furniture,Furnishings,1,187.75,0.1,168.98,49.0,Standard,4.0,4.4,False,GBP
ORD-100012,2024-04-25,CUST-00268,Corporate,North,Mobile App,Furniture,Chairs,7,378.57,0.0,2649.99,765.85,First Class,2.0,3.9,False,GBP
ORD-104323,2025-06-18,CUST-01069,Home Office,North,Marketplace,Office Supplies,Storage,1,45.14,0.0,45.14,13.54,Standard,7.0,4.0,False,GBP
ORD-104060,2025-06-16,CUST-00628,Corporate,North,Web,Furniture,Tables,5,263.14,0.0,1315.7,556.54,Standard,5.0,4.8,False,GBP
ORD-102419,2024-09-15,CUST-00106,Consumer,West,Mobile App,Technology,Machines,6,495.42,0.0,2972.52,1352.5,Same Day,3.0,4.8,False,GBP
ORD-100388,2024-01-02,CUST-01005,Consumer,Central,Mobile App,Technology,Phones,4,457.95,0.2,1465.44,285.76,First Class,3.0,,False,GBP
ORD-102199,2025-01-28,CUST-00522,Home Office,Central,Mobile App,Furniture,Chairs,6,563.26,0.2,2703.65,838.13,Standard,6.0,2.8,False,GBP
ORD-100419,2025-01-20,CUST-00658,Consumer,North,Mobile App,Furniture,Bookcases,5,322.67,0.0,1613.35,490.46,First Class,5.0,3.8,False,GBP
ORD-104457,2024-01-08,CUST-01073,Consumer,East,Mobile App,Office Supplies,Art,4,19.38,0.3,54.26,11.72,Standard,5.0,1.7,True,GBP
ORD-103759,2024-09-14,CUST-00502,Consumer,South,Mobile App,Technology,Phones,7,1203.8,0.4,5055.96,980.86,Standard,5.0,5.0,False,GBP
ORD-103950,2025-08-26,CUST-00952,Consumer,West,Mobile App,Furniture,Tables,5,294.98,0.0,1474.9,561.94,Second Class,3.0,,False,GBP
ORD-104996,2025-12-21,CUST-00375,Consumer,East,Mobile App,Technology,Machines,5,237.45,0.2,949.8,304.89,Second Class,5.0,2.8,False,GBP
ORD-101566,2024-11-15,CUST-00261,Home Office,South,Mobile App,Office Supplies,Binders,2,15.1,0.0,30.2,11.48,Standard,7.0,4.4,False,GBP
ORD-104280,2024-09-12,CUST-01294,Corporate,North,Marketplace,Office Supplies,Storage,8,29.61,0.4,142.13,19.9,Standard,5.0,4.6,False,GBP
ORD-101731,2024-10-06,CUST-00931,Consumer,South,Phone,Technology,Accessories,1,365.63,0.2,292.5,61.13,Same Day,0.0,4.2,False,GBP
ORD-100937,2024-10-29,CUST-00350,Consumer,South,Marketplace,Office Supplies,Binders,2,14.99,0.0,29.98,6.81,Standard,9.0,4.5,False,GBP
ORD-102009,2025-10-21,CUST-00274,Consumer,North,Mobile App,Furniture,Tables,5,501.97,0.1,2258.87,456.29,Second Class,2.0,5.0,False,GBP
ORD-102541,2025-09-23,CUST-01066,Home Office,East,Web,Office Supplies,Binders,7,36.41,0.3,178.41,27.65,Standard,6.0,5.0,False,GBP
ORD-104500,2024-09-09,CUST-00979,Corporate,North,Web,Office Supplies,Art,2,10.64,0.15,18.09,5.92,First Class,3.0,3.9,False,GBP
ORD-102067,2025-07-05,CUST-00029,,North,Web,Office Supplies,Storage,4,22.78,0.15,77.45,15.49,Standard,7.0,3.3,False,GBP
ORD-102685,2024-09-23,CUST-01106,Home Office,East,Mobile App,Technology,Accessories,8,658.98,0.0,5271.84,600.99,Second Class,3.0,5.0,False,GBP
ORD-100427,2024-01-13,CUST-00076,Corporate,East,Web,Office Supplies,Art,1,63.21,0.1,56.89,16.73,Second Class,7.0,3.7,False,GBP
ORD-104823,2024-01-15,CUST-00516,Consumer,North,Mobile App,Technology,Accessories,6,683.89,0.0,4103.34,1329.48,Standard,4.0,4.2,False,GBP
ORD-101307,2024-05-08,CUST-00559,Home Office,East,Mobile App,Technology,Machines,1,306.37,0.15,260.41,58.59,Standard,7.0,2.8,False,GBP
ORD-101373,2024-06-30,CUST-00251,Corporate,South,Web,Furniture,Furnishings,6,178.14,0.0,1068.84,316.38,Second Class,5.0,4.8,False,GBP
ORD-100304,2025-05-06,CUST-01220,Corporate,Central,Marketplace,Office Supplies,Storage,6,30.38,0.15,154.94,35.02,Standard,2.0,4.9,False,GBP
ORD-101377,2024-06-26,CUST-00086,Consumer,East,Marketplace,Technology,Copiers,8,337.72,0.15,2296.5,679.76,Second Class,3.0,,False,GBP
ORD-100908,2024-02-14,CUST-00617,Corporate,East,Mobile App,Furniture,Tables,6,233.93,0.3,982.51,75.65,Standard,6.0,5.0,False,GBP
ORD-100408,2024-02-07,CUST-00770,Corporate,North,Mobile App,Furniture,Bookcases,5,245.88,0.1,1106.46,450.33,Same Day,2.0,4.7,False,GBP
ORD-104718,2024-10-27,CUST-00607,Consumer,East,Web,Furniture,Chairs,3,146.92,0.0,440.76,119.01,Standard,8.0,4.0,False,GBP
ORD-102763,2024-02-26,CUST-01349,,West,Marketplace,Office Supplies,Binders,6,22.91,0.1,123.71,28.45,Same Day,0.0,3.5,True,GBP
ORD-100980,2025-12-16,CUST-01212,Consumer,East,Mobile App,Office Supplies,Storage,6,37.24,0.0,223.44,91.16,First Class,2.0,5.0,False,GBP
ORD-101441,2025-09-01,CUST-01119,Consumer,South,Web,Office Supplies,Labels,5,15.52,0.2,62.08,15.95,Standard,3.0,4.3,False,GBP
ORD-102967,2025-09-16,CUST-00932,Consumer,North,Web,Office Supplies,Art,5,43.96,0.0,219.8,65.06,First Class,3.0,3.2,False,GBP
ORD-103354,2025-11-29,CUST-00505,Corporate,East,Web,Furniture,Furnishings,1,116.69,0.0,4667.6,29.17,Standard,5.0,4.2,False,GBP
ORD-100087,2025-05-14,CUST-00428,Consumer,North,Marketplace,Office Supplies,Binders,2,25.77,0.3,36.08,6.93,Standard,6.0,4.0,False,GBP
ORD-104621,2024-05-29,CUST-00067,Consumer,West,Web,Furniture,Furnishings,4,297.25,0.3,832.3,192.26,Standard,8.0,4.6,False,GBP
ORD-101648,2024-03-26,CUST-00129,,East,Mobile App,Furniture,Chairs,4,351.45,0.3,984.06,252.9,Standard,8.0,3.7,False,GBP
ORD-100512,2025-03-24,CUST-00311,Consumer,Central,Marketplace,Furniture,Tables,2,247.84,0.0,495.68,124.91,Second Class,2.0,3.5,False,GBP
ORD-102157,2025-05-18,CUST-00150,Corporate,North,Web,Office Supplies,Binders,6,28.42,0.1,153.47,48.8,Second Class,4.0,3.3,False,GBP
ORD-100679,2025-12-19,CUST-01075,Consumer,Central,Mobile App,Technology,Copiers,6,589.57,0.15,3006.81,568.29,Second Class,5.0,3.5,False,GBP
ORD-104477,2024-02-11,CUST-01067,Consumer,North,Marketplace,Furniture,Bookcases,3,160.22,0.0,480.66,153.33,First Class,1.0,3.0,False,GBP
ORD-101724,2025-04-25,CUST-00164,Consumer,East,Web,Furniture,Bookcases,3,205.39,0.0,616.17,210.73,Standard,4.0,3.8,False,GBP
ORD-103648,2025-03-09,CUST-00477,,West,Mobile App,Furniture,Bookcases,5,567.76,0.15,2412.98,678.05,Standard,6.0,4.3,False,GBP
ORD-103085,2025-06-23,CUST-00083,Consumer,West,Web,Technology,Copiers,4,584.68,0.0,2338.72,1080.49,Standard,6.0,4.2,False,GBP
ORD-102005,2025-01-19,CUST-01017,Consumer,North,Mobile App,Office Supplies,Art,4,49.22,0.2,157.5,44.42,Same Day,1.0,4.2,False,GBP
ORD-103874,2025-08-04,CUST-00473,Home Office,North,Web,Technology,Machines,7,158.16,0.15,941.05,126.1,Standard,6.0,2.7,False,GBP
ORD-102445,2024-10-10,CUST-00265,,East,Phone,Furniture,Chairs,2,465.72,0.0,931.44,312.96,Standard,5.0,3.7,False,GBP
ORD-103321,2025-11-24,CUST-01087,Consumer,South,Web,Office Supplies,Labels,3,27.44,0.0,82.32,27.99,Second Class,1.0,4.2,False,GBP
ORD-104999,2025-06-19,CUST-00005,Consumer,South,Phone,Office Supplies,Paper,2,13.56,0.2,21.7,6.79,First Class,2.0,5.0,False,GBP
ORD-101891,2025-06-20,CUST-00300,Consumer,West,Mobile App,Office Supplies,Binders,7,23.65,0.15,140.72,31.24,Second Class,6.0,,False,GBP
ORD-102148,2025-11-13,CUST-01252,Consumer,North,Marketplace,Office Supplies,Art,4,10.7,0.4,25.68,2.9,First Class,3.0,4.7,False,GBP
ORD-100932,2024-10-10,CUST-01209,,North,Mobile App,Technology,Accessories,4,264.67,0.3,741.08,157.85,First Class,3.0,3.7,False,GBP
ORD-100661,2025-12-11,CUST-00967,Home Office,South,Web,Furniture,Tables,7,235.97,0.0,1651.79,536.83,First Class,0.0,5.0,False,GBP
ORD-103232,2025-05-01,CUST-01179,Consumer,North,Mobile App,Office Supplies,Art,8,30.87,0.15,209.92,61.09,Standard,7.0,,False,GBP
ORD-103602,2024-05-16,CUST-00032,Corporate,North,Web,Technology,Machines,3,1019.47,0.15,2599.65,532.93,Standard,4.0,2.9,False,GBP
ORD-104171,2025-03-09,CUST-01394,,South,Phone,Technology,Accessories,7,340.25,0.15,2024.49,579.0,Second Class,4.0,,False,GBP
ORD-104233,2024-08-12,CUST-00216,Consumer,North,Mobile App,Technology,Accessories,5,282.04,0.1,1269.18,426.44,Standard,7.0,4.3,False,GBP
ORD-104927,2024-10-02,CUST-01219,Consumer,West,Mobile App,Office Supplies,Labels,7,5.5,0.4,23.1,-0.74,First Class,4.0,2.2,False,GBP
ORD-103742,2025-09-09,CUST-00771,Consumer,South,Web,Furniture,Chairs,2,211.89,0.0,423.78,141.12,Second Class,4.0,4.1,False,GBP
ORD-102785,2025-11-26,CUST-00031,Consumer,West,Web,Office Supplies,Labels,1,34.34,0.15,29.19,10.39,Second Class,4.0,3.7,False,GBP
ORD-102122,2024-01-25,CUST-00359,Consumer,North,Web,Office Supplies,Paper,7,45.92,0.0,321.44,112.83,Same Day,0.0,4.8,True,GBP
ORD-100009,2025-06-15,CUST-01208,Corporate,Central,Web,Office Supplies,Art,1,17.09,0.4,10.25,1.77,Standard,8.0,2.8,False,GBP
ORD-101781,2025-05-08,CUST-00138,Consumer,South,Marketplace,Furniture,Bookcases,6,238.15,0.0,1428.9,495.83,Standard,8.0,4.4,False,GBP
ORD-101461,2024-09-24,CUST-00900,Consumer,East,Mobile App,Office Supplies,Binders,8,72.36,0.3,405.22,40.93,Standard,6.0,5.0,False,GBP
ORD-103382,2025-02-16,CUST-00104,Corporate,West,Marketplace,Technology,Copiers,3,261.11,0.1,705.0,220.66,First Class,5.0,2.9,True,GBP
ORD-103500,2025-08-22,CUST-00259,,East,Web,Office Supplies,Labels,2,31.21,0.1,56.18,18.82,Second Class,3.0,4.7,False,GBP
ORD-100965,2024-06-22,CUST-01233,Consumer,North,Marketplace,Office Supplies,Storage,3,21.68,0.3,45.53,9.79,Standard,7.0,4.1,False,GBP
ORD-104087,2024-11-08,CUST-00168,Consumer,North,Marketplace,Office Supplies,Paper,5,55.46,0.0,277.3,82.08,First Class,4.0,4.9,False,GBP
ORD-101856,2024-11-09,CUST-00527,Home Office,South,Web,Office Supplies,Storage,5,54.25,0.3,189.88,31.9,Second Class,6.0,3.1,False,GBP
ORD-100678,2024-11-13,CUST-00427,Consumer,South,Web,Technology,Copiers,1,446.01,0.15,379.11,100.84,Standard,6.0,4.0,False,GBP
ORD-104070,2025-12-10,CUST-00498,,West,Phone,Technology,Phones,3,657.47,0.0,1972.41,644.98,Second Class,7.0,,False,GBP
ORD-101557,2025-05-29,CUST-00033,Consumer,North,Mobile App,Technology,Copiers,4,472.95,0.0,1891.8,586.46,Standard,7.0,4.1,False,GBP
ORD-100821,2024-10-25,CUST-00320,Consumer,East,Phone,Furniture,Furnishings,2,235.68,0.0,471.36,155.55,Standard,4.0,4.8,False,GBP
ORD-104013,2024-10-27,CUST-00664,Corporate,South,Mobile App,Office Supplies,Art,8,15.0,0.3,84.0,10.08,Standard,3.0,5.0,False,GBP
ORD-102089,2025-11-11,CUST-00544,Corporate,West,Web,Technology,Machines,2,385.49,0.4,462.59,63.84,Second Class,,4.5,False,GBP
ORD-102008,2025-06-20,CUST-00793,Corporate,North,Web,Office Supplies,Art,5,6.62,0.0,33.1,11.75,Standard,6.0,2.7,False,GBP
ORD-103328,2025-07-11,CUST-00444,Corporate,East,Web,Office Supplies,Binders,3,15.06,0.3,31.63,0.38,Standard,7.0,3.5,False,GBP
ORD-102260,2024-12-18,CUST-00016,Corporate,West,Web,Technology,Accessories,5,409.72,0.15,1741.31,296.02,Standard,6.0,5.0,False,GBP
ORD-102819,2025-05-17,CUST-00494,Consumer,West,Marketplace,Technology,Machines,6,690.18,0.3,2898.76,695.7,Standard,4.0,3.8,False,GBP
ORD-102370,2024-04-28,CUST-00717,,North,Marketplace,Furniture,Tables,8,388.75,0.2,2488.0,470.23,Standard,8.0,,False,GBP
ORD-104256,2025-05-13,CUST-00447,Consumer,West,Marketplace,Office Supplies,Art,7,28.37,0.15,168.8,28.02,First Class,4.0,4.2,False,GBP
ORD-102814,2024-09-27,CUST-00841,Consumer,Central,Web,Furniture,Furnishings,6,167.11,0.4,601.6,111.9,Second Class,5.0,3.3,False,GBP
ORD-102978,2025-08-11,CUST-00945,Consumer,East,Marketplace,Furniture,Chairs,3,481.17,0.4,866.11,140.31,Standard,4.0,,False,GBP
ORD-100978,2024-10-14,CUST-00606,Corporate,North,Web,Furniture,Chairs,7,598.47,0.1,3770.36,919.97,Standard,5.0,4.2,False,GBP
ORD-100302,2024-04-27,CUST-00764,Home Office,East,Marketplace,Technology,Phones,6,368.29,0.3,1546.82,326.38,Standard,,4.0,True,GBP
ORD-103144,2025-06-30,CUST-00502,Corporate,North,Web,Furniture,Bookcases,8,350.48,0.3,1962.69,241.41,Second Class,6.0,,False,GBP
ORD-104023,2025-08-02,CUST-00395,Home Office,South,Mobile App,Furniture,Furnishings,7,154.46,0.2,864.98,301.01,Standard,6.0,4.1,False,GBP
ORD-101869,2024-04-05,CUST-01170,,South,Mobile App,Furniture,Chairs,3,551.66,0.4,992.99,104.26,Standard,4.0,3.7,False,GBP
ORD-103307,2024-12-28,CUST-01090,Consumer,North,Web,Office Supplies,Storage,4,27.46,0.15,93.36,23.43,Standard,7.0,2.4,False,GBP
ORD-102139,2024-02-23,CUST-00700,Consumer,Central,Web,Office Supplies,Art,6,38.31,0.4,137.92,34.07,Same Day,2.0,2.3,False,GBP
ORD-103091,2025-12-10,CUST-01382,Consumer,East,Mobile App,Technology,Phones,6,863.73,0.0,5182.38,2114.41,Standard,4.0,3.0,False,GBP
ORD-103412,2024-05-25,CUST-00722,Consumer,North,Web,Office Supplies,Art,6,18.79,0.15,95.83,32.68,Second Class,5.0,4.7,False,GBP
ORD-103254,2025-12-08,CUST-00364,Consumer,West,Marketplace,Furniture,Tables,2,264.8,0.3,370.72,43.0,Standard,5.0,4.8,False,GBP
ORD-101621,2024-09-20,CUST-01254,,Central,Mobile App,Technology,Machines,1,235.56,0.1,212.0,58.72,Standard,7.0,3.7,False,GBP
ORD-100021,2025-04-20,CUST-00939,Corporate,West,Web,Furniture,Bookcases,5,427.84,0.0,2139.2,847.12,Second Class,5.0,5.0,False,GBP
ORD-102490,2024-10-31,CUST-00949,Consumer,West,Web,Office Supplies,Art,3,37.82,0.0,113.46,24.73,Same Day,2.0,4.4,False,GBP
ORD-102996,2024-11-17,CUST-01197,Consumer,West,Phone,Office Supplies,Labels,1,30.58,0.0,30.58,9.24,First Class,1.0,4.7,True,GBP
ORD-101105,2024-05-12,CUST-00703,Corporate,East,Mobile App,Technology,Machines,2,534.83,0.1,962.69,294.58,Standard,5.0,2.6,False,GBP
ORD-103299,2025-09-10,CUST-00196,Consumer,East,Marketplace,Office Supplies,Labels,6,29.46,0.0,176.76,56.03,First Class,3.0,3.7,True,GBP
ORD-101534,2024-10-17,CUST-00185,Corporate,South,Mobile App,Furniture,Bookcases,5,929.64,0.0,4648.2,1887.17,Second Class,6.0,2.9,False,GBP
ORD-102470,2024-03-09,CUST-00358,Consumer,East,Marketplace,Furniture,Chairs,1,190.48,0.0,190.48,54.29,Standard,5.0,4.7,False,GBP
ORD-102963,2025-07-15,CUST-00904,Consumer,Central,Web,Technology,Copiers,2,424.46,0.3,594.24,21.39,Standard,6.0,2.1,False,GBP
ORD-102222,2024-04-01,CUST-00801,Consumer,South,Web,Furniture,Tables,5,339.28,0.15,1441.94,310.02,Standard,7.0,4.6,True,GBP
ORD-104645,2025-02-09,CUST-00142,,Central,Marketplace,Furniture,Bookcases,8,121.56,0.3,680.74,113.68,Standard,5.0,2.3,False,GBP
ORD-104803,2025-03-06,CUST-00816,Corporate,Central,Marketplace,Technology,Copiers,5,810.39,0.3,2836.36,144.65,Standard,5.0,4.6,False,GBP
ORD-100498,2024-02-27,CUST-00393,Consumer,North,Mobile App,Office Supplies,Labels,6,42.65,0.0,255.9,96.22,Same Day,3.0,,False,GBP
ORD-104691,2024-08-09,CUST-00104,Consumer,East,Web,Office Supplies,Labels,7,17.78,0.4,74.68,6.05,Standard,4.0,3.4,False,GBP
ORD-102118,2024-06-23,CUST-00339,Corporate,East,Web,Office Supplies,Art,7,43.42,0.1,273.55,88.9,Standard,5.0,3.1,False,GBP
ORD-101391,2025-08-31,CUST-01261,Consumer,East,Mobile App,Furniture,Chairs,4,762.99,0.0,3051.96,1452.73,Second Class,6.0,2.8,False,GBP
ORD-100634,2025-07-18,CUST-01262,Consumer,South,Marketplace,Technology,Machines,7,494.21,0.1,3113.52,594.68,First Class,4.0,4.5,False,GBP
ORD-101958,2024-12-04,CUST-01088,Consumer,South,Mobile App,Technology,Machines,2,578.93,0.1,1042.07,147.97,Standard,6.0,3.4,False,GBP
ORD-103837,2024-02-26,CUST-00589,Consumer,South,Web,Office Supplies,Binders,8,65.14,0.2,416.9,101.31,Second Class,5.0,4.8,False,GBP
ORD-102145,2024-01-18,CUST-00002,Corporate,East,Web,Furniture,Bookcases,4,311.37,0.2,996.38,183.33,Second Class,3.0,4.7,False,GBP
ORD-104850,2024-04-22,CUST-01284,Home Office,South,Mobile App,Office Supplies,Storage,5,24.11,0.0,120.55,27.36,Standard,6.0,,False,GBP
ORD-102068,2024-08-12,CUST-00596,Consumer,South,Web,Office Supplies,Storage,3,17.76,0.0,53.28,19.02,Second Class,3.0,2.7,True,GBP
ORD-101684,2024-11-29,CUST-00671,Consumer,South,Mobile App,Furniture,Furnishings,8,206.61,0.15,1404.95,313.3,First Class,2.0,3.9,False,GBP
ORD-100924,2025-02-12,CUST-01028,Consumer,West,Web,Office Supplies,Art,4,30.69,0.2,98.21,13.26,Standard,6.0,4.8,False,GBP
ORD-101037,2024-05-04,CUST-00489,Home Office,South,Web,Office Supplies,Binders,1,13.97,0.2,11.18,2.26,Standard,5.0,2.7,False,GBP
ORD-100612,2025-03-08,CUST-00989,Consumer,North,Web,Technology,Copiers,5,163.86,0.15,696.41,177.58,Second Class,4.0,4.7,False,GBP
ORD-103357,2025-01-16,CUST-00802,Consumer,Central,Web,Office Supplies,Art,1,20.88,0.2,16.7,3.87,Standard,8.0,3.5,False,GBP
ORD-103403,2024-08-17,CUST-00456,Corporate,East,Mobile App,Furniture,Bookcases,6,437.58,0.0,2625.48,842.78,First Class,4.0,5.0,False,GBP
ORD-104873,2025-05-05,CUST-00765,Consumer,South,Web,Technology,Machines,3,798.17,0.3,1676.16,303.38,Standard,8.0,4.5,False,GBP
ORD-101515,2024-08-14,CUST-00624,Corporate,North,Web,Office Supplies,Paper,8,28.47,0.2,182.21,64.32,Standard,5.0,5.0,False,GBP
ORD-104942,2025-12-19,CUST-01274,Corporate,East,Marketplace,Furniture,Bookcases,4,152.99,0.4,367.18,5.87,Same Day,3.0,4.4,True,GBP
ORD-101983,2024-07-28,CUST-01036,Consumer,South,Marketplace,Office Supplies,Storage,7,22.56,0.2,126.34,27.79,Standard,7.0,3.5,False,GBP
ORD-104475,2025-10-16,CUST-00447,Consumer,West,Mobile App,Office Supplies,Paper,1,28.45,0.0,28.45,12.18,Standard,7.0,3.7,False,GBP
ORD-100293,2025-01-08,CUST-01191,Consumer,West,Mobile App,Office Supplies,Art,2,57.62,0.4,69.14,10.92,Standard,4.0,3.5,False,GBP
ORD-102891,2024-08-18,CUST-00557,Consumer,North,Mobile App,Technology,Copiers,5,615.48,0.4,1846.44,356.36,Second Class,4.0,5.0,False,GBP
ORD-100128,2025-04-09,CUST-00942,Corporate,North,Phone,Furniture,Tables,7,335.84,0.0,2350.88,714.67,Standard,4.0,,False,GBP
ORD-102073,2025-10-31,CUST-01091,Consumer,South,Mobile App,Office Supplies,Labels,1,37.64,0.2,30.11,6.8,Same Day,1.0,5.0,True,GBP
ORD-103474,2025-05-07,CUST-00202,,North,Web,Furniture,Bookcases,7,298.7,0.2,1672.72,322.83,Standard,10.0,2.6,False,GBP
ORD-104376,2025-01-29,CUST-00988,Home Office,North,Web,Office Supplies,Storage,1,24.11,0.15,20.49,5.33,Standard,3.0,,False,GBP
ORD-104765,2025-11-13,CUST-00745,Corporate,Central,Marketplace,Office Supplies,Storage,4,13.03,0.0,52.12,21.11,Same Day,2.0,3.7,False,GBP
ORD-104197,2025-07-23,CUST-00579,Consumer,East,Mobile App,Office Supplies,Labels,2,28.28,0.2,45.25,7.96,Second Class,4.0,,False,GBP
ORD-104437,2024-03-13,CUST-00526,Corporate,South,Mobile App,Office Supplies,Art,6,17.31,0.3,72.7,13.59,Same Day,2.0,4.1,False,GBP
ORD-101603,2025-12-05,CUST-01049,Corporate,East,Web,Furniture,Chairs,6,443.93,0.3,1864.51,264.76,Standard,6.0,4.6,False,GBP
ORD-104077,2024-01-16,CUST-00153,Corporate,South,Mobile App,Office Supplies,Art,7,47.89,0.0,335.23,91.52,Standard,4.0,3.9,False,GBP
ORD-101742,2025-08-29,CUST-00779,Corporate,West,Mobile App,Furniture,Furnishings,4,326.9,0.0,1307.6,334.75,Same Day,2.0,4.7,False,GBP
ORD-101096,2024-02-14,CUST-01051,Home Office,North,Web,Furniture,Bookcases,8,285.56,0.1,2056.03,688.77,Standard,4.0,4.2,False,GBP
ORD-102712,2025-09-30,CUST-01239,Consumer,East,Marketplace,Technology,Phones,5,367.47,0.0,1837.35,474.04,Second Class,2.0,,False,GBP
ORD-102501,2025-07-19,CUST-00066,Consumer,South,Mobile App,Office Supplies,Paper,3,23.8,0.0,71.4,29.13,Second Class,4.0,4.0,False,GBP
ORD-104463,2024-03-07,CUST-00541,Corporate,West,Mobile App,Office Supplies,Paper,7,76.85,0.0,537.95,185.59,Same Day,0.0,3.8,False,GBP
ORD-100881,2024-06-08,CUST-00228,Corporate,South,Marketplace,Office Supplies,Art,6,28.31,0.0,169.86,69.81,First Class,5.0,3.4,False,GBP
ORD-104804,2024-09-27,CUST-00333,Corporate,Central,Marketplace,Office Supplies,Paper,6,11.16,0.1,60.26,15.31,Standard,5.0,3.2,False,GBP
ORD-101019,2024-12-02,CUST-00201,Consumer,West,Web,Furniture,Furnishings,8,333.16,0.15,2265.49,428.18,First Class,2.0,3.7,False,GBP
ORD-104590,2024-06-26,CUST-00972,Corporate,South,Mobile App,Technology,Accessories,8,490.28,0.15,3333.9,746.79,First Class,3.0,4.3,False,GBP
ORD-101845,2025-12-04,CUST-00575,Home Office,North,Mobile App,Office Supplies,Art,1,13.81,0.15,11.74,2.41,Standard,8.0,4.4,False,GBP
ORD-103563,2025-11-09,CUST-00161,Corporate,East,Mobile App,Furniture,Bookcases,3,156.63,0.1,422.9,180.58,Standard,3.0,4.2,False,GBP
ORD-104110,2025-05-01,CUST-00631,Consumer,North,Marketplace,Furniture,Furnishings,1,314.31,0.1,282.88,84.02,Standard,4.0,4.0,False,GBP
ORD-102567,2025-06-01,CUST-00548,Consumer,North,Web,Office Supplies,Binders,1,34.37,0.3,24.06,3.8,Standard,7.0,5.0,False,GBP
ORD-103809,2025-06-06,CUST-00787,Consumer,South,Mobile App,Furniture,Tables,1,322.91,0.0,322.91,112.05,Standard,7.0,3.7,False,GBP
ORD-100177,2024-10-17,CUST-00238,Home Office,South,Marketplace,Technology,Phones,8,300.89,0.3,1684.98,404.4,Standard,4.0,3.4,True,GBP
ORD-101917,2025-04-01,CUST-01363,Home Office,South,Phone,Technology,Copiers,7,290.17,0.0,2031.19,560.61,Same Day,1.0,4.7,True,GBP
ORD-101249,2025-11-23,CUST-01090,Consumer,West,Mobile App,Furniture,Bookcases,6,142.28,0.3,597.58,93.22,Standard,7.0,4.9,False,GBP
ORD-100203,2024-09-26,CUST-00579,Home Office,South,Marketplace,Furniture,Furnishings,3,293.23,0.4,527.81,44.86,Second Class,3.0,4.8,False,GBP
ORD-101655,2024-10-01,CUST-00627,Consumer,North,Marketplace,Furniture,Tables,3,264.18,0.1,713.29,213.27,Second Class,4.0,5.0,False,GBP
ORD-104388,2025-04-09,CUST-00216,Consumer,Central,Marketplace,Furniture,Bookcases,6,898.61,0.1,4852.49,888.01,Same Day,0.0,4.3,False,GBP
ORD-101365,2025-12-16,CUST-01129,Consumer,East,Marketplace,Technology,Accessories,6,212.65,0.0,1275.9,472.08,Standard,6.0,4.7,False,GBP
ORD-101126,2025-06-10,CUST-01037,Home Office,Central,Web,Technology,Copiers,6,745.41,0.3,3130.72,510.31,Standard,6.0,5.0,False,GBP
ORD-101129,2025-06-03,CUST-00128,Corporate,South,Web,Furniture,Tables,7,261.73,0.0,1832.11,560.63,First Class,2.0,4.6,True,GBP
ORD-103760,2024-05-12,CUST-00693,Consumer,North,Mobile App,Furniture,Tables,4,370.04,0.3,1036.11,126.41,First Class,1.0,4.2,False,GBP
ORD-104809,2025-09-10,CUST-01036,Corporate,North,Web,Technology,Copiers,2,390.56,0.3,546.78,136.15,Second Class,3.0,3.2,False,GBP
ORD-103243,2024-01-24,CUST-00375,,South,Mobile App,Technology,Copiers,2,271.09,0.3,379.53,73.63,Standard,5.0,3.8,False,GBP
ORD-103065,2024-07-29,CUST-01380,,East,Web,Office Supplies,Binders,7,14.05,0.3,68.84,6.2,Second Class,4.0,4.4,False,GBP
ORD-102115,2024-01-05,CUST-00679,Consumer,Central,Mobile App,Office Supplies,Labels,6,30.4,0.0,182.4,59.46,Standard,3.0,2.7,False,GBP
ORD-103521,2024-12-29,CUST-00272,Consumer,West,Web,Furniture,Bookcases,8,272.31,0.0,2178.48,670.97,Standard,8.0,4.5,True,GBP
ORD-101997,2025-02-14,CUST-00793,Corporate,East,Mobile App,Technology,Machines,2,741.08,0.4,889.3,156.52,Second Class,1.0,,False,GBP
ORD-104473,2024-12-22,CUST-00508,Consumer,East,Marketplace,Furniture,Furnishings,2,270.11,0.1,486.2,168.71,Standard,7.0,3.9,False,GBP
ORD-103861,2024-12-25,CUST-00743,,North,Phone,Office Supplies,Binders,7,17.18,0.15,102.22,20.55,First Class,1.0,3.9,False,GBP
ORD-103645,2024-03-06,CUST-01183,Corporate,South,Mobile App,Furniture,Chairs,8,180.97,0.3,1013.43,240.18,Standard,4.0,4.0,False,GBP
ORD-101414,2025-06-15,CUST-00594,Corporate,North,Mobile App,Office Supplies,Binders,5,20.29,0.4,60.87,5.97,Standard,7.0,3.4,False,GBP
ORD-100800,2024-09-14,CUST-00710,Consumer,South,Web,Technology,Machines,8,838.99,0.0,6711.92,2349.17,Standard,7.0,5.0,False,GBP
ORD-102021,2025-01-08,CUST-01033,,South,Mobile App,Office Supplies,Paper,8,24.72,0.2,158.21,33.7,Standard,6.0,4.0,False,GBP
ORD-100706,2025-07-12,CUST-00533,Corporate,East,Mobile App,Office Supplies,Labels,3,78.03,0.2,187.27,53.93,Second Class,4.0,3.4,False,GBP
ORD-102014,2025-06-23,CUST-00678,Corporate,North,Web,Furniture,Bookcases,2,470.36,0.4,564.43,79.58,Second Class,5.0,5.0,False,GBP
ORD-103744,2025-03-31,CUST-01281,Corporate,North,Web,Office Supplies,Binders,7,45.04,0.4,189.17,22.51,Standard,6.0,3.6,False,GBP
ORD-101039,2025-05-30,CUST-00609,Home Office,South,Web,Furniture,Chairs,7,516.04,0.15,3070.44,743.05,Standard,7.0,3.8,False,GBP
ORD-103646,2025-04-09,CUST-00596,Consumer,Central,Web,Technology,Machines,2,411.82,0.2,658.91,156.16,Standard,6.0,4.3,False,GBP
ORD-103385,2024-09-06,CUST-00494,Consumer,East,Web,Office Supplies,Paper,4,27.35,0.4,65.64,9.12,Standard,6.0,2.4,False,GBP
ORD-100251,2025-04-29,CUST-01029,Consumer,Central,Web,Office Supplies,Binders,6,39.03,0.0,234.18,73.3,Second Class,5.0,,False,GBP
ORD-101545,2025-09-10,CUST-00383,Consumer,West,Mobile App,Office Supplies,Binders,7,14.86,0.0,104.02,25.59,Second Class,5.0,2.4,False,GBP
ORD-104286,2024-12-12,CUST-01196,Corporate,East,Mobile App,Office Supplies,Art,4,46.45,0.0,185.8,60.94,Standard,7.0,3.5,False,GBP
ORD-102651,2025-11-29,CUST-00924,Home Office,North,Marketplace,Technology,Copiers,3,312.78,0.0,938.34,316.22,First Class,3.0,,False,GBP
ORD-100905,2025-03-07,CUST-01076,Consumer,West,Mobile App,Office Supplies,Labels,6,45.68,0.15,232.97,52.19,Standard,6.0,4.3,True,GBP
ORD-101897,2025-09-06,CUST-00907,Consumer,North,Marketplace,Furniture,Tables,7,240.15,0.3,1176.73,192.98,Second Class,4.0,4.0,False,GBP
ORD-103703,2025-01-27,CUST-01396,Home Office,West,Web,Technology,Accessories,7,514.75,0.2,2882.6,804.25,Standard,5.0,3.4,False,GBP
ORD-100544,2024-11-01,CUST-00677,Consumer,South,Mobile App,Technology,Accessories,3,737.09,0.1,1990.14,471.66,First Class,1.0,4.6,False,GBP
ORD-101913,2024-08-14,CUST-01167,Consumer,North,Mobile App,Office Supplies,Paper,2,20.07,0.0,40.14,14.13,Standard,8.0,4.3,False,GBP
ORD-100506,2024-01-28,CUST-01158,,East,Mobile App,Office Supplies,Binders,7,34.29,0.4,144.02,19.87,Standard,7.0,3.0,False,GBP
ORD-104874,2025-03-03,CUST-01123,Consumer,Central,Mobile App,Furniture,Chairs,8,220.51,0.3,1234.86,223.51,Standard,8.0,4.2,False,GBP
ORD-103881,2025-12-28,CUST-00125,Consumer,West,Mobile App,Office Supplies,Labels,3,70.62,0.0,211.86,86.23,Standard,6.0,3.1,False,GBP
ORD-104383,2025-06-21,CUST-01156,Corporate,North,Mobile App,Technology,Machines,3,294.6,0.0,883.8,243.93,Second Class,6.0,4.2,False,GBP
ORD-101907,2024-07-17,CUST-00648,Corporate,East,Web,Office Supplies,Labels,6,13.5,0.0,81.0,27.54,Standard,6.0,3.4,False,GBP
ORD-101652,2025-07-17,CUST-00308,Corporate,East,Mobile App,Furniture,Bookcases,5,452.92,0.3,1585.22,315.46,Second Class,2.0,3.4,False,GBP
ORD-102105,2025-02-28,CUST-00654,Consumer,West,Marketplace,Office Supplies,Paper,2,29.61,0.3,41.45,4.93,First Class,3.0,3.2,False,GBP
ORD-100672,2025-03-30,CUST-01094,Corporate,South,Mobile App,Furniture,Chairs,3,273.84,0.0,821.52,250.56,Second Class,,3.7,False,GBP
ORD-103037,2025-08-16,CUST-00043,Consumer,West,Web,Office Supplies,Storage,5,35.38,0.0,176.9,70.23,Second Class,3.0,3.5,False,GBP
ORD-101682,2024-03-05,CUST-00147,Corporate,North,Mobile App,Office Supplies,Art,8,18.35,0.2,117.44,20.9,Standard,5.0,5.0,False,GBP
ORD-101860,2025-03-21,CUST-00184,Consumer,East,Web,Furniture,Tables,8,261.49,0.15,1778.13,197.37,Standard,6.0,3.1,False,GBP
ORD-102701,2025-02-28,CUST-00808,Corporate,Central,Marketplace,Office Supplies,Labels,5,35.34,0.0,176.7,54.78,Second Class,6.0,3.7,True,GBP
ORD-102704,2024-05-21,CUST-01033,Consumer,East,Web,Office Supplies,Paper,8,63.77,0.3,357.11,84.99,First Class,4.0,3.3,False,GBP
ORD-100867,2025-10-17,CUST-01337,Consumer,Central,Mobile App,Office Supplies,Binders,5,16.78,0.15,71.32,11.55,Standard,6.0,1.9,False,GBP
ORD-100348,2024-11-18,CUST-01075,Home Office,South,Web,Furniture,Chairs,8,129.5,0.0,1036.0,278.68,Same Day,1.0,3.6,False,GBP
ORD-100847,2025-09-03,CUST-00332,Consumer,Central,Marketplace,Furniture,Chairs,8,248.13,0.0,1985.04,772.18,Standard,5.0,5.0,False,GBP
ORD-100138,2024-06-28,CUST-01215,Corporate,South,Web,Office Supplies,Binders,8,5.99,0.0,47.92,13.56,First Class,3.0,5.0,False,GBP
ORD-100325,2025-03-08,CUST-00098,Home Office,West,Web,Furniture,Chairs,2,534.72,0.1,962.5,341.69,Standard,6.0,2.7,True,GBP
ORD-100053,2025-04-23,CUST-01258,Home Office,East,Mobile App,Office Supplies,Storage,6,99.9,0.0,599.4,233.17,Second Class,5.0,3.0,False,GBP
ORD-104504,2024-12-23,CUST-01244,Consumer,West,Mobile App,Technology,Accessories,7,177.57,0.1,1118.69,365.81,Same Day,0.0,3.9,False,GBP
ORD-102686,2025-05-19,CUST-01324,Consumer,West,Marketplace,Office Supplies,Art,8,34.93,0.15,237.52,52.73,Second Class,5.0,3.1,False,GBP
ORD-102375,2025-06-26,CUST-01261,Consumer,East,Web,Furniture,Bookcases,7,148.7,0.2,832.72,203.18,Standard,4.0,4.3,False,GBP
ORD-101433,2024-10-05,CUST-01024,Consumer,West,Web,Technology,Machines,6,320.47,0.2,1538.26,439.94,Second Class,4.0,3.6,False,GBP
ORD-102147,2025-10-08,CUST-00014,Home Office,South,Mobile App,Office Supplies,Paper,1,20.31,0.0,20.31,5.79,Standard,8.0,2.6,False,GBP
ORD-102376,2025-06-24,CUST-00045,Consumer,North,Mobile App,Furniture,Furnishings,3,82.42,0.0,247.26,65.77,Standard,7.0,3.4,False,GBP
ORD-102393,2024-04-06,CUST-00325,Corporate,East,Mobile App,Office Supplies,Labels,5,28.08,0.4,84.24,9.35,Second Class,2.0,4.5,False,GBP
ORD-101538,2024-03-07,CUST-00442,Consumer,East,Mobile App,Office Supplies,Storage,2,62.6,0.15,106.42,24.05,Standard,7.0,5.0,False,GBP
ORD-100999,2025-03-22,CUST-00302,Home Office,North,Mobile App,Furniture,Furnishings,7,322.58,0.15,1919.35,642.98,Second Class,4.0,4.8,True,GBP
ORD-100314,2024-08-11,CUST-00850,Consumer,Central,Marketplace,Office Supplies,Art,8,38.25,0.4,183.6,18.36,Standard,7.0,3.3,True,GBP
ORD-101163,2024-11-13,CUST-00934,Consumer,East,Web,Furniture,Bookcases,3,223.2,0.0,669.6,289.94,Second Class,1.0,5.0,False,GBP
ORD-101852,2024-12-31,CUST-00882,,North,Web,Office Supplies,Paper,4,50.2,0.0,200.8,67.67,Second Class,7.0,5.0,False,GBP
ORD-103332,2024-03-28,CUST-00157,Corporate,West,Web,Furniture,Tables,2,859.55,0.2,1375.28,382.33,First Class,2.0,4.3,False,GBP
ORD-103447,2024-08-12,CUST-00839,Corporate,West,Mobile App,Technology,Machines,1,193.42,0.15,164.41,40.44,Standard,4.0,3.5,False,GBP
ORD-104690,2025-03-24,CUST-01381,Consumer,Central,Mobile App,Furniture,Furnishings,2,197.56,0.15,335.85,61.46,Standard,7.0,4.0,False,GBP
ORD-104444,2024-08-18,CUST-00248,Consumer,Central,Web,Technology,Machines,1,191.05,0.3,133.74,20.6,Second Class,4.0,2.4,True,GBP
ORD-102980,2025-07-10,CUST-00227,Consumer,North,Web,Office Supplies,Storage,8,29.23,0.15,198.76,57.04,Standard,,2.9,False,GBP
ORD-101579,2025-02-28,CUST-01003,,West,Mobile App,Technology,Machines,3,904.38,0.15,2306.17,860.2,Standard,5.0,3.9,False,GBP
ORD-104631,2024-03-21,CUST-00802,Home Office,East,Marketplace,Technology,Phones,7,403.46,0.2,2259.38,499.32,Same Day,3.0,5.0,False,GBP
ORD-102886,2025-03-29,CUST-01381,Consumer,Central,Web,Technology,Copiers,1,1080.84,0.0,1080.84,404.23,Second Class,4.0,4.2,False,GBP
ORD-100182,2025-06-08,CUST-00127,Consumer,West,Mobile App,Technology,Copiers,6,587.14,0.0,3522.84,1208.33,First Class,3.0,4.2,False,GBP
ORD-102422,2024-07-25,CUST-00890,,South,Web,Office Supplies,Binders,8,79.58,0.4,381.98,41.25,First Class,3.0,4.0,False,GBP
ORD-104167,2025-03-20,CUST-00254,Consumer,North,Mobile App,Technology,Copiers,7,944.56,0.0,6611.92,2605.1,Standard,4.0,4.5,False,GBP
ORD-104397,2025-01-05,CUST-00435,Corporate,East,Mobile App,Office Supplies,Paper,1,27.94,0.1,25.15,5.16,Second Class,6.0,3.9,False,GBP
ORD-100941,2025-01-02,CUST-00628,Corporate,West,Mobile App,Office Supplies,Binders,6,37.87,0.1,204.5,31.7,First Class,2.0,5.0,False,GBP
ORD-102421,2024-09-29,CUST-00956,Corporate,West,Mobile App,Technology,Copiers,2,291.1,0.3,407.54,116.15,Standard,5.0,4.1,True,GBP
ORD-103641,2025-08-14,CUST-00223,,West,Web,Office Supplies,Paper,4,35.74,0.0,142.96,44.32,First Class,2.0,3.8,False,GBP
ORD-102535,2024-02-22,CUST-00223,,East,Mobile App,Technology,Accessories,1,724.97,0.0,724.97,325.51,Standard,7.0,4.6,False,GBP
ORD-102844,2025-02-24,CUST-01068,Corporate,Central,Web,Office Supplies,Binders,8,17.47,0.4,83.86,10.65,Standard,5.0,3.2,False,GBP
ORD-102276,2024-09-30,CUST-00870,Consumer,North,Mobile App,Furniture,Tables,2,77.94,0.4,93.53,1.5,Standard,7.0,4.0,False,GBP
ORD-103417,2025-03-13,CUST-00692,Consumer,South,Web,Furniture,Bookcases,4,322.81,0.0,1291.24,409.32,Standard,3.0,3.7,False,GBP
ORD-100593,2024-02-17,CUST-01164,Corporate,Central,Mobile App,Office Supplies,Binders,2,58.48,0.4,70.18,12.84,Standard,,4.2,False,GBP
ORD-100469,2025-09-19,CUST-00082,,East,Web,Office Supplies,Storage,6,28.79,0.2,138.19,21.14,Standard,6.0,4.2,True,GBP
ORD-104897,2025-09-18,CUST-00697,Corporate,South,Web,Furniture,Tables,1,326.83,0.4,196.1,26.28,Same Day,0.0,3.1,False,GBP
ORD-102369,2025-10-20,CUST-00589,Corporate,North,Mobile App,Technology,Accessories,7,791.45,0.1,4986.14,1221.6,Standard,7.0,4.4,False,GBP
ORD-102396,2025-03-26,CUST-00066,Corporate,North,Mobile App,Furniture,Furnishings,1,245.32,0.3,171.72,29.19,First Class,3.0,3.9,False,GBP
ORD-103739,2025-08-30,CUST-01291,Corporate,East,Web,Office Supplies,Storage,7,10.35,0.0,72.45,23.4,Standard,7.0,5.0,False,GBP
ORD-103468,2025-03-15,CUST-00711,,East,Web,Office Supplies,Labels,8,10.3,0.4,49.44,4.75,Second Class,0.0,3.8,False,GBP
ORD-102273,2024-02-17,CUST-00649,Corporate,North,Web,Office Supplies,Storage,2,29.11,0.0,58.22,26.9,First Class,1.0,3.5,False,GBP
ORD-102955,2024-07-16,CUST-00303,Consumer,West,Mobile App,Office Supplies,Binders,6,39.78,0.15,202.88,34.49,Standard,,5.0,False,GBP
ORD-104238,2025-02-01,CUST-00949,Corporate,West,Web,Technology,Phones,8,479.38,0.0,3835.04,832.2,Standard,9.0,5.0,False,GBP
ORD-100164,2025-04-12,CUST-00081,Corporate,South,Mobile App,Office Supplies,Labels,8,62.39,0.0,499.12,123.28,Standard,4.0,5.0,False,GBP
ORD-101484,2025-12-17,CUST-00883,Home Office,Central,Mobile App,Furniture,Bookcases,3,507.23,0.4,913.01,218.21,Standard,5.0,3.8,True,GBP
ORD-101968,2025-06-01,CUST-00963,Home Office,North,Web,Office Supplies,Binders,5,47.72,0.1,214.74,74.73,Standard,5.0,4.0,True,GBP
ORD-104124,2024-05-31,CUST-00916,Consumer,East,Mobile App,Office Supplies,Labels,3,23.71,0.15,60.46,15.48,Second Class,2.0,5.0,False,GBP
ORD-103293,2024-06-27,CUST-01223,Consumer,East,Web,Office Supplies,Paper,3,26.76,0.0,80.28,27.05,Standard,7.0,3.8,False,GBP
ORD-104545,2024-07-11,CUST-00871,Consumer,East,Web,Technology,Machines,8,1016.95,0.0,8135.6,2766.1,Same Day,0.0,3.8,False,GBP
ORD-101060,2024-09-06,CUST-00322,,South,Web,Office Supplies,Art,7,57.11,0.4,239.86,53.25,Standard,7.0,2.9,False,GBP
ORD-102427,2025-08-01,CUST-00134,Consumer,South,Mobile App,Furniture,Bookcases,1,378.96,0.0,378.96,177.35,First Class,1.0,4.3,True,GBP
ORD-102762,2024-12-24,CUST-00164,Home Office,South,Web,Office Supplies,Storage,3,84.47,0.0,253.41,66.39,Standard,5.0,5.0,False,GBP
ORD-102174,2025-03-31,CUST-00928,Consumer,South,Phone,Office Supplies,Binders,1,93.72,0.0,93.72,33.08,Second Class,2.0,3.8,False,GBP
ORD-102226,2025-11-18,CUST-00945,Consumer,North,Marketplace,Furniture,Tables,6,72.81,0.0,436.86,205.76,Second Class,2.0,4.0,False,GBP
ORD-103419,2024-04-04,CUST-00321,Consumer,South,Web,Furniture,Chairs,8,188.98,0.3,1058.29,146.04,First Class,4.0,,False,GBP
ORD-101931,2024-11-05,CUST-00752,Consumer,North,Phone,Furniture,Bookcases,4,514.73,0.4,1235.35,69.18,Standard,7.0,3.3,False,GBP
ORD-101824,2025-10-04,CUST-01184,Corporate,North,Marketplace,Technology,Copiers,1,627.14,0.4,376.28,74.88,Standard,4.0,4.7,False,GBP
ORD-103663,2024-09-16,CUST-00100,Consumer,North,Marketplace,Furniture,Bookcases,1,374.3,0.0,374.3,109.3,Standard,5.0,3.5,False,GBP
ORD-104847,2025-11-05,CUST-01249,,Central,Marketplace,Technology,Machines,1,457.23,0.3,320.06,79.05,Standard,7.0,3.9,False,GBP
ORD-103329,2024-02-13,CUST-01276,Corporate,East,Web,Office Supplies,Storage,1,38.21,0.4,22.93,-0.09,Second Class,4.0,4.5,False,GBP
ORD-101761,2025-10-07,CUST-00013,Consumer,North,Marketplace,Furniture,Chairs,4,185.38,0.15,630.29,215.56,Standard,7.0,3.7,False,GBP
ORD-101574,2025-06-11,CUST-01305,Corporate,Central,Mobile App,Furniture,Bookcases,7,163.78,0.15,974.49,405.39,Standard,5.0,3.3,False,GBP
ORD-104267,2025-07-11,CUST-00831,Corporate,Central,Web,Furniture,Furnishings,1,443.48,0.4,266.09,16.5,First Class,3.0,4.7,False,GBP
ORD-101115,2024-09-08,CUST-00960,Corporate,East,Marketplace,Technology,Machines,7,415.32,0.3,2035.07,632.91,Standard,8.0,,False,GBP
ORD-104449,2025-04-25,CUST-01001,Corporate,West,Mobile App,Office Supplies,Storage,1,17.96,0.15,15.27,3.44,Standard,6.0,1.7,False,GBP
ORD-103070,2024-03-20,CUST-00755,Consumer,Central,Marketplace,Furniture,Bookcases,3,732.96,0.2,1759.1,360.62,Standard,6.0,4.4,False,GBP
ORD-103662,2024-11-29,CUST-00823,,East,Mobile App,Technology,Copiers,6,1068.25,0.1,5768.55,1395.99,First Class,3.0,4.7,False,GBP
ORD-101227,2025-03-19,CUST-00678,Consumer,East,Mobile App,Furniture,Bookcases,5,74.61,0.4,223.83,31.56,Same Day,0.0,5.0,True,GBP
ORD-104186,2024-03-01,CUST-00239,Corporate,West,Web,Furniture,Chairs,6,665.15,0.1,3591.81,599.83,First Class,4.0,2.7,False,GBP
ORD-103206,2025-08-07,CUST-00887,Corporate,North,Marketplace,Technology,Machines,7,382.47,0.0,2677.29,837.99,Second Class,3.0,3.7,False,GBP
ORD-102571,2025-10-26,CUST-00406,Consumer,West,Web,Technology,Phones,5,579.34,0.0,2896.7,1222.41,Standard,6.0,5.0,False,GBP
ORD-100000,2024-01-12,CUST-01385,Consumer,North,Web,Office Supplies,Storage,6,35.0,0.1,189.0,53.86,Standard,3.0,3.5,False,GBP
ORD-101645,2025-05-10,CUST-00570,Corporate,West,Web,Office Supplies,Binders,4,20.37,0.0,81.48,22.65,First Class,5.0,2.6,False,GBP
ORD-103497,2025-04-11,CUST-00512,Consumer,South,Web,Furniture,Tables,2,219.58,0.3,307.41,64.86,Standard,6.0,3.9,False,GBP
ORD-100682,2024-09-30,CUST-00489,Corporate,North,Marketplace,Office Supplies,Paper,2,46.56,0.2,74.5,19.44,Second Class,3.0,5.0,False,GBP
ORD-104774,2024-12-29,CUST-01174,Corporate,West,Web,Office Supplies,Binders,1,36.96,0.0,36.96,15.04,Second Class,1.0,5.0,False,GBP
ORD-100381,2025-07-01,CUST-01162,Consumer,North,Mobile App,Office Supplies,Art,6,20.14,0.1,108.76,36.98,Second Class,2.0,5.0,False,GBP
ORD-101491,2024-02-26,CUST-01058,Home Office,West,Mobile App,Office Supplies,Art,7,24.55,0.4,103.11,6.91,Standard,8.0,4.2,False,GBP
ORD-104041,2024-02-11,CUST-01160,Consumer,West,Mobile App,Office Supplies,Storage,4,56.89,0.1,204.8,85.2,First Class,5.0,2.6,False,GBP
ORD-100704,2024-07-05,CUST-00561,Consumer,East,Web,Office Supplies,Binders,1,114.45,0.1,103.01,35.44,Standard,4.0,1.5,True,GBP
ORD-104425,2024-03-20,CUST-01365,Consumer,West,Web,Furniture,Bookcases,3,375.35,0.3,788.24,200.21,Same Day,0.0,3.0,False,GBP
ORD-100618,2024-03-11,CUST-00811,Consumer,Central,Mobile App,Technology,Accessories,4,212.68,0.2,680.58,145.64,First Class,1.0,5.0,False,GBP
ORD-104303,2025-11-05,CUST-01178,Home Office,East,Web,Office Supplies,Labels,7,18.3,0.0,128.1,45.86,Standard,,2.6,False,GBP
ORD-101644,2025-10-25,CUST-00196,Home Office,East,Mobile App,Office Supplies,Art,4,16.01,0.1,57.64,18.39,Standard,,3.4,False,GBP
ORD-101509,2025-11-02,CUST-00556,Consumer,East,Web,Furniture,Furnishings,6,374.67,0.0,2248.02,813.78,Second Class,5.0,2.0,False,GBP
ORD-100223,2024-07-18,CUST-01343,Consumer,East,Web,Office Supplies,Storage,8,20.3,0.15,138.04,24.16,Standard,4.0,3.5,False,GBP
ORD-104647,2025-12-12,CUST-01153,Consumer,North,Mobile App,Furniture,Chairs,3,101.51,0.0,304.53,120.29,Standard,4.0,4.4,False,GBP
ORD-100572,2025-08-15,CUST-00742,Consumer,Central,Mobile App,Technology,Phones,3,736.08,0.0,2208.24,980.46,Standard,5.0,4.0,False,GBP
ORD-103592,2024-08-24,CUST-00058,,Central,Mobile App,Technology,Phones,3,460.18,0.1,1242.49,305.65,Standard,4.0,5.0,True,GBP
ORD-100077,2025-07-16,CUST-00998,Corporate,West,Web,Technology,Accessories,6,361.87,0.0,2171.22,575.37,Standard,6.0,3.8,False,GBP
ORD-104430,2024-02-17,CUST-00498,Corporate,North,Marketplace,Technology,Phones,7,1212.61,0.0,8488.27,2784.15,Standard,6.0,5.0,True,GBP
ORD-101024,2024-04-28,CUST-00189,Corporate,South,Marketplace,Technology,Copiers,8,709.73,0.0,5677.84,1919.11,First Class,6.0,,False,GBP
ORD-100439,2025-06-03,CUST-00059,Home Office,North,Web,Furniture,Chairs,7,164.3,0.15,977.58,134.91,Standard,6.0,4.2,False,GBP
ORD-104321,2024-05-01,CUST-00594,Consumer,South,Marketplace,Furniture,Tables,8,239.88,0.15,1631.18,482.83,First Class,1.0,4.5,False,GBP
ORD-102684,2024-10-02,CUST-01106,Home Office,North,Web,Technology,Phones,5,418.52,0.3,1464.82,241.7,Standard,6.0,4.4,False,GBP
ORD-103505,2024-09-01,CUST-00300,Home Office,North,Mobile App,Office Supplies,Art,3,29.91,0.4,53.84,11.25,Second Class,1.0,4.2,False,GBP
ORD-100342,2024-03-21,CUST-01052,Corporate,East,Marketplace,Office Supplies,Storage,8,19.26,0.4,92.45,6.84,Standard,7.0,4.8,False,GBP
ORD-100474,2025-04-22,CUST-00139,,East,Mobile App,Office Supplies,Art,5,61.94,0.0,309.7,119.54,Standard,9.0,2.8,False,GBP
ORD-103623,2024-10-21,CUST-00312,Corporate,East,Mobile App,Furniture,Furnishings,3,129.48,0.0,388.44,147.22,First Class,1.0,4.4,False,GBP
ORD-102345,2024-05-23,CUST-01334,Corporate,South,Web,Technology,Machines,8,397.12,0.0,3176.96,1051.57,Standard,5.0,4.5,False,GBP
ORD-102593,2024-07-23,CUST-00133,Consumer,North,Mobile App,Office Supplies,Labels,4,36.66,0.4,87.98,8.53,Standard,4.0,4.2,False,GBP
ORD-102591,2025-01-03,CUST-01139,,West,Web,Furniture,Bookcases,3,692.89,0.15,1766.87,448.78,Same Day,2.0,4.0,False,GBP
ORD-103886,2024-05-20,CUST-01264,Consumer,West,Marketplace,Office Supplies,Art,3,19.55,0.2,46.92,12.57,First Class,4.0,2.7,False,GBP
ORD-102642,2024-07-29,CUST-00946,Consumer,East,Phone,Furniture,Furnishings,3,259.56,0.3,545.08,129.18,Second Class,3.0,4.5,False,GBP
ORD-101858,2025-06-12,CUST-00899,Home Office,East,Web,Technology,Accessories,5,321.14,0.1,1445.13,339.61,Standard,6.0,3.7,False,GBP
ORD-102860,2024-02-29,CUST-00909,Consumer,East,Mobile App,Furniture,Furnishings,8,227.69,0.0,1821.52,714.04,Standard,7.0,,False,GBP
ORD-100490,2025-12-13,CUST-01038,Consumer,North,Web,Office Supplies,Binders,2,21.78,0.0,43.56,13.72,Second Class,3.0,4.2,True,GBP
ORD-103680,2025-05-16,CUST-00326,Corporate,North,Web,Office Supplies,Binders,4,31.0,0.0,124.0,45.88,Second Class,5.0,4.3,False,GBP
ORD-104440,2024-01-02,CUST-00312,Corporate,Central,Marketplace,Furniture,Chairs,8,121.84,0.3,682.3,72.32,Second Class,5.0,4.0,False,GBP
ORD-100373,2024-03-01,CUST-01102,Consumer,Central,Mobile App,Technology,Accessories,8,265.3,0.3,1485.68,282.28,Same Day,4.0,4.8,False,GBP
ORD-102442,2024-08-28,CUST-00391,Home Office,Central,Web,Technology,Phones,7,499.65,0.4,2098.53,256.02,Standard,6.0,4.4,False,GBP
ORD-100685,2024-01-16,CUST-00644,Corporate,North,Marketplace,Furniture,Bookcases,8,2215.52,0.3,12406.91,1327.54,Standard,7.0,4.8,False,GBP
ORD-104802,2024-12-09,CUST-01001,Consumer,East,Web,Technology,Copiers,6,592.25,0.1,3198.15,978.63,Standard,5.0,3.6,False,GBP
ORD-100254,2025-10-27,CUST-00221,,South,Mobile App,Office Supplies,Paper,4,24.78,0.1,89.21,31.13,Second Class,5.0,2.8,False,GBP
ORD-104390,2024-03-19,CUST-00968,,North,Web,Furniture,Chairs,1,160.78,0.4,96.47,11.29,Standard,5.0,3.7,False,GBP
ORD-100001,2024-09-08,CUST-01370,Consumer,North,Marketplace,Technology,Machines,5,471.84,0.4,1415.52,90.59,Standard,3.0,5.0,False,GBP
ORD-104936,2025-10-26,CUST-00480,Consumer,Central,Web,Furniture,Chairs,7,418.17,0.1,2634.47,487.38,Standard,6.0,3.6,False,GBP
ORD-101874,2024-02-15,CUST-00374,Consumer,Central,Mobile App,Technology,Copiers,5,172.28,0.15,732.19,161.08,Standard,3.0,3.5,False,GBP
ORD-104580,2024-03-31,CUST-00910,Consumer,South,Web,Office Supplies,Paper,3,14.37,0.4,25.87,2.35,Standard,8.0,2.4,False,GBP
ORD-102456,2025-01-01,CUST-00565,Corporate,Central,Marketplace,Technology,Phones,4,588.35,0.4,1412.04,200.51,Standard,5.0,3.5,True,GBP
ORD-101222,2024-12-05,CUST-01106,Corporate,West,Web,Office Supplies,Paper,6,18.0,0.2,86.4,19.01,Second Class,3.0,5.0,False,GBP
ORD-103731,2025-07-23,CUST-00013,,East,Mobile App,Furniture,Tables,3,166.21,0.0,498.63,174.02,First Class,2.0,3.4,False,GBP
ORD-100295,2025-10-27,CUST-01167,,North,Mobile App,Technology,Machines,4,330.64,0.0,1322.56,673.18,Same Day,0.0,4.8,False,GBP
ORD-100709,2024-10-29,CUST-01345,Consumer,North,Web,Office Supplies,Labels,4,30.7,0.1,110.52,36.58,Standard,6.0,3.3,False,GBP
ORD-102059,2024-09-22,CUST-00185,Consumer,West,Marketplace,Office Supplies,Binders,3,24.61,0.4,44.3,4.74,Standard,5.0,3.7,False,GBP
ORD-104594,2025-12-07,CUST-00240,Corporate,South,Mobile App,Office Supplies,Art,6,33.64,0.3,141.29,15.26,Standard,6.0,3.9,False,GBP
ORD-103495,2025-02-05,CUST-00585,Consumer,Central,Mobile App,Office Supplies,Storage,1,23.06,0.0,23.06,6.02,Standard,5.0,3.4,False,GBP
ORD-102329,2024-07-20,CUST-00734,Home Office,South,Web,Office Supplies,Paper,8,64.29,0.0,514.32,184.13,Same Day,1.0,5.0,True,GBP
ORD-102994,2024-02-22,CUST-01306,Consumer,Central,Marketplace,Office Supplies,Storage,6,38.23,0.4,137.63,-8.4,Same Day,0.0,4.3,False,GBP
ORD-104703,2024-09-14,CUST-00834,Consumer,South,Marketplace,Technology,Machines,8,428.02,0.2,2739.33,635.52,Standard,3.0,3.8,False,GBP
ORD-102970,2024-12-02,CUST-00806,,West,Web,Technology,Copiers,5,517.92,0.15,2201.16,402.81,Second Class,3.0,3.9,False,GBP
ORD-102666,2024-10-29,CUST-00593,Consumer,North,Marketplace,Office Supplies,Binders,1,28.36,0.0,28.36,7.52,Same Day,0.0,2.7,False,GBP
ORD-102196,2024-12-12,CUST-00898,Home Office,North,Marketplace,Technology,Machines,6,322.99,0.15,1647.25,398.63,Same Day,2.0,3.9,False,GBP
ORD-104371,2024-06-19,CUST-00563,Home Office,North,Mobile App,Furniture,Bookcases,2,304.93,0.2,487.89,121.97,Standard,6.0,3.9,False,GBP
ORD-101942,2024-12-17,CUST-00241,Home Office,West,Marketplace,Technology,Phones,2,367.88,0.0,735.76,246.48,Standard,6.0,,False,GBP
ORD-101351,2024-12-20,CUST-01209,Home Office,South,Web,Office Supplies,Paper,6,30.44,0.15,155.24,42.69,First Class,,3.7,False,GBP
ORD-100189,2025-02-02,CUST-00496,Corporate,West,Web,Furniture,Furnishings,1,233.48,0.0,233.48,81.95,Standard,5.0,3.6,False,GBP
ORD-103594,2024-05-27,CUST-00864,Consumer,South,Mobile App,Office Supplies,Art,2,19.83,0.2,31.73,6.12,Standard,7.0,3.7,True,GBP
ORD-104513,2025-11-18,CUST-00458,Home Office,North,Mobile App,Furniture,Chairs,5,218.67,0.0,1093.35,415.47,Standard,7.0,3.4,False,GBP
ORD-101372,2024-06-11,CUST-00561,Consumer,Central,Mobile App,Furniture,Furnishings,7,423.95,0.1,2670.88,929.47,Standard,7.0,3.6,False,GBP
ORD-101295,2024-01-17,CUST-00311,Consumer,Central,Web,Technology,Accessories,3,291.69,0.0,875.07,299.27,Second Class,5.0,4.2,True,GBP
ORD-102485,2025-03-01,CUST-00222,Consumer,Central,Mobile App,Office Supplies,Storage,8,20.58,0.1,148.18,46.97,Standard,5.0,4.2,False,GBP
ORD-100555,2025-09-28,CUST-01181,Consumer,North,Web,Furniture,Bookcases,6,528.54,0.3,2219.87,495.03,Standard,6.0,3.9,False,GBP
ORD-101110,2025-07-22,CUST-01111,Home Office,North,Mobile App,Furniture,Chairs,4,145.24,0.3,406.67,100.04,Second Class,3.0,5.0,False,GBP
ORD-101188,2025-03-02,CUST-00347,Consumer,East,Marketplace,Office Supplies,Storage,2,53.04,0.3,74.26,14.85,Standard,,4.0,False,GBP
ORD-103719,2025-06-09,CUST-00385,Corporate,Central,Marketplace,Furniture,Bookcases,1,249.32,0.0,249.32,77.29,Second Class,4.0,4.1,False,GBP
ORD-103627,2024-09-21,CUST-01187,Home Office,West,Marketplace,Office Supplies,Labels,5,56.78,0.0,283.9,88.29,Standard,6.0,2.7,False,GBP
ORD-101217,2024-03-18,CUST-00205,,West,Web,Technology,Copiers,4,451.12,0.0,1804.48,470.97,Second Class,3.0,4.2,False,GBP
ORD-103827,2024-08-15,CUST-00044,,Central,Mobile App,Office Supplies,Paper,1,23.24,0.3,16.27,4.83,First Class,2.0,4.9,False,GBP
ORD-100987,2025-12-13,CUST-01020,,Central,Web,Office Supplies,Paper,7,29.36,0.3,143.86,-3.31,First Class,2.0,3.8,False,GBP
ORD-102047,2025-09-16,CUST-01015,,West,Web,Office Supplies,Paper,8,38.23,0.1,275.26,94.41,Standard,5.0,3.8,False,GBP
ORD-101707,2024-05-07,CUST-00299,Corporate,South,Web,Furniture,Tables,5,319.81,0.0,1599.05,478.12,Second Class,5.0,4.8,False,GBP
ORD-100667,2024-11-05,CUST-00718,Consumer,West,Marketplace,Technology,Copiers,6,186.3,0.0,1117.8,459.42,Second Class,3.0,2.8,False,GBP
ORD-102423,2024-09-18,CUST-00076,,North,Mobile App,Office Supplies,Art,2,41.59,0.2,66.54,18.76,Standard,7.0,4.9,True,GBP
ORD-100056,2024-04-27,CUST-00765,Consumer,East,Web,Technology,Accessories,7,345.26,0.0,2416.82,1015.06,Second Class,5.0,4.5,False,GBP
ORD-103694,2024-02-19,CUST-00206,Consumer,Central,Mobile App,Furniture,Furnishings,1,161.03,0.0,161.03,69.24,Second Class,5.0,4.1,False,GBP
ORD-101053,2024-09-09,CUST-00289,Consumer,Central,Marketplace,Office Supplies,Art,4,11.39,0.15,38.73,7.51,Standard,5.0,4.6,False,GBP
ORD-102528,2024-08-16,CUST-00378,Consumer,North,Web,Furniture,Tables,6,220.77,0.4,794.77,118.42,Standard,6.0,2.8,False,GBP
ORD-103034,2025-12-21,CUST-00030,Consumer,West,Marketplace,Office Supplies,Labels,2,94.3,0.3,132.02,19.67,Standard,6.0,3.5,False,GBP
ORD-103420,2024-04-24,CUST-00910,Consumer,Central,Web,Office Supplies,Paper,5,76.11,0.0,380.55,95.9,Standard,6.0,5.0,False,GBP
ORD-104093,2024-07-16,CUST-00418,Consumer,East,Web,Furniture,Chairs,1,228.92,0.0,228.92,92.71,Standard,8.0,3.9,False,GBP
ORD-100703,2025-07-05,CUST-00145,Corporate,Central,Mobile App,Technology,Accessories,2,291.26,0.15,495.14,124.28,Standard,5.0,3.2,True,GBP
ORD-102768,2024-05-22,CUST-00999,Home Office,West,Marketplace,Office Supplies,Labels,6,37.5,0.0,225.0,98.1,First Class,3.0,3.4,True,GBP
ORD-103557,2025-11-23,CUST-00470,Consumer,East,Mobile App,Office Supplies,Labels,4,69.22,0.0,276.88,109.37,First Class,4.0,4.5,False,GBP
ORD-100016,2024-05-21,CUST-00675,Consumer,South,Mobile App,Technology,Accessories,7,329.99,0.0,2309.93,736.87,Standard,7.0,3.2,True,GBP
ORD-104359,2024-04-25,CUST-00229,Home Office,South,Phone,Furniture,Chairs,5,335.03,0.3,1172.6,248.59,Second Class,5.0,4.2,False,GBP
ORD-100134,2025-09-25,CUST-00247,Corporate,West,Mobile App,Technology,Machines,4,310.19,0.15,1054.65,278.43,Second Class,6.0,3.3,False,GBP
ORD-104097,2025-06-13,CUST-00409,Consumer,East,Mobile App,Office Supplies,Storage,3,44.71,0.2,107.3,32.94,First Class,5.0,4.0,False,GBP
ORD-100437,2024-05-09,CUST-00660,Home Office,West,Mobile App,Office Supplies,Art,2,9.65,0.4,11.58,1.59,Same Day,3.0,5.0,False,GBP
ORD-103634,2025-11-17,CUST-00961,Consumer,North,Web,Office Supplies,Paper,1,26.27,0.3,18.39,2.61,Standard,6.0,3.8,False,GBP
ORD-104881,2025-11-20,CUST-00877,Home Office,West,Mobile App,Furniture,Tables,1,443.45,0.15,376.93,125.89,Standard,7.0,3.7,False,GBP
ORD-104620,2025-09-10,CUST-00817,Consumer,East,Mobile App,Technology,Accessories,2,513.4,0.4,616.08,142.31,Standard,4.0,4.2,False,GBP
ORD-103758,2025-02-14,CUST-00388,Consumer,East,Web,Furniture,Furnishings,5,242.43,0.2,969.72,283.16,First Class,3.0,3.6,False,GBP
ORD-100444,2025-05-30,CUST-00328,Consumer,North,Mobile App,Furniture,Tables,5,135.58,0.3,474.53,129.07,Standard,6.0,5.0,False,GBP
ORD-102566,2025-08-23,CUST-00942,Corporate,Central,Web,Technology,Copiers,6,1286.96,0.3,5405.23,935.1,Standard,5.0,4.8,False,GBP
ORD-103239,2024-10-19,CUST-00149,,North,Marketplace,Technology,Copiers,8,165.53,0.15,1125.6,261.14,Standard,6.0,3.3,False,GBP
ORD-102747,2024-07-28,CUST-01027,Corporate,South,Mobile App,Furniture,Tables,8,271.75,0.0,2174.0,789.16,Same Day,0.0,2.6,False,GBP
ORD-102256,2025-01-28,CUST-00336,Corporate,East,Mobile App,Furniture,Furnishings,3,195.89,0.2,470.14,52.19,First Class,1.0,3.2,False,GBP
ORD-101191,2024-10-10,CUST-00010,,North,Web,Office Supplies,Binders,8,12.58,0.2,80.51,19.24,Standard,7.0,3.9,False,GBP
ORD-103090,2024-01-26,CUST-00096,Consumer,South,Phone,Technology,Phones,7,572.18,0.4,2403.16,218.69,Standard,8.0,3.5,False,GBP
ORD-101086,2025-09-29,CUST-01370,,West,Web,Furniture,Bookcases,7,170.98,0.15,1017.33,262.47,Standard,6.0,4.6,False,GBP
ORD-100425,2024-11-02,CUST-01229,Consumer,South,Marketplace,Technology,Machines,2,328.36,0.2,525.38,130.29,Second Class,3.0,3.5,True,GBP
ORD-103982,2024-01-05,CUST-00878,,West,Mobile App,Office Supplies,Art,5,32.69,0.0,163.45,55.41,Second Class,5.0,3.7,True,GBP
ORD-101113,2025-04-27,CUST-00051,Home Office,Central,Web,Office Supplies,Labels,2,24.24,0.0,48.48,17.74,Standard,6.0,3.6,False,GBP
ORD-100274,2024-07-07,CUST-00521,Consumer,West,Phone,Office Supplies,Binders,4,18.46,0.15,62.76,18.95,Standard,7.0,4.9,False,GBP
ORD-104416,2025-03-05,CUST-01237,Consumer,South,Mobile App,Office Supplies,Labels,1,24.3,0.2,19.44,2.97,First Class,1.0,2.4,False,GBP
ORD-101180,2024-04-20,CUST-00379,Corporate,West,Mobile App,Office Supplies,Paper,7,18.63,0.3,91.29,12.96,Standard,6.0,4.5,False,GBP
ORD-103666,2025-02-17,CUST-00394,Home Office,Central,Web,Office Supplies,Labels,1,9.12,0.1,8.21,2.53,Standard,5.0,,False,GBP
ORD-102523,2024-10-22,CUST-01060,Home Office,North,Web,Office Supplies,Binders,2,28.57,0.0,57.14,20.28,Second Class,7.0,4.3,True,GBP
ORD-103064,2024-11-28,CUST-00684,Corporate,West,Web,Office Supplies,Paper,5,28.43,0.0,142.15,59.28,Same Day,5.0,3.0,False,GBP
ORD-103624,2024-06-07,CUST-01250,Consumer,West,Web,Technology,Copiers,7,427.73,0.4,1796.47,330.55,Standard,8.0,4.4,False,GBP
ORD-101535,2024-01-14,CUST-00877,Home Office,South,Marketplace,Technology,Copiers,4,234.02,0.1,842.47,219.04,Second Class,6.0,2.9,False,GBP
ORD-103817,2025-08-29,CUST-00143,Consumer,South,Mobile App,Furniture,Furnishings,3,130.88,0.0,392.64,138.99,First Class,,4.3,False,GBP
ORD-104930,2024-01-21,CUST-00280,,Central,Web,Office Supplies,Art,6,84.06,0.1,453.92,61.73,Standard,5.0,4.0,False,GBP
ORD-102695,2025-06-12,CUST-01014,Corporate,North,Web,Office Supplies,Binders,1,31.96,0.1,28.76,10.38,Standard,7.0,4.0,True,GBP
ORD-103835,2024-12-28,CUST-00707,Consumer,North,Mobile App,Technology,Accessories,6,398.76,0.4,1435.54,223.94,Second Class,5.0,4.0,False,GBP
ORD-103895,2025-03-14,CUST-00778,Consumer,West,Web,Furniture,Chairs,4,461.11,0.15,1567.77,464.06,Standard,9.0,,False,GBP
ORD-100870,2024-02-15,CUST-00728,Corporate,West,Web,Office Supplies,Storage,6,32.68,0.4,117.65,15.18,Standard,4.0,3.3,False,GBP
ORD-100767,2024-04-14,CUST-01385,Consumer,East,Phone,Office Supplies,Binders,7,61.28,0.0,428.96,147.13,First Class,1.0,5.0,False,GBP
ORD-101953,2025-05-20,CUST-00408,Consumer,Central,Mobile App,Office Supplies,Paper,2,26.14,0.0,52.28,18.61,Standard,6.0,3.6,False,GBP
ORD-104867,2024-04-29,CUST-01063,Consumer,East,Web,Technology,Accessories,8,267.45,0.0,2139.6,800.21,Second Class,6.0,2.9,False,GBP
ORD-102237,2025-02-06,CUST-00724,Consumer,South,Phone,Office Supplies,Paper,8,21.73,0.0,173.84,59.28,Standard,4.0,3.6,False,GBP
ORD-101204,2025-08-23,CUST-01347,,South,Marketplace,Technology,Phones,5,558.4,0.2,2233.6,618.71,Standard,4.0,2.7,False,GBP
ORD-104275,2024-06-21,CUST-00140,Consumer,Central,Mobile App,Technology,Phones,7,134.64,0.0,942.48,330.81,Standard,4.0,4.2,False,GBP
ORD-104889,2025-05-30,CUST-00745,,East,Mobile App,Technology,Phones,8,373.81,0.4,1794.29,278.11,First Class,1.0,4.3,False,GBP
ORD-101121,2024-07-18,CUST-00497,Consumer,South,Web,Furniture,Tables,3,264.69,0.0,794.07,238.22,Standard,4.0,3.7,False,GBP
ORD-102902,2025-08-14,CUST-01375,Corporate,East,Web,Office Supplies,Paper,3,49.8,0.0,149.4,53.78,Standard,7.0,3.2,False,GBP
ORD-101961,2024-11-24,CUST-01139,Corporate,East,Marketplace,Office Supplies,Storage,2,31.76,0.3,44.46,3.82,Standard,5.0,4.3,False,GBP
ORD-104839,2025-09-11,CUST-00310,Consumer,Central,Web,Technology,Phones,5,402.54,0.0,2012.7,625.95,Standard,7.0,4.5,False,GBP
ORD-103473,2024-06-07,CUST-01255,Corporate,West,Mobile App,Office Supplies,Art,3,23.4,0.0,70.2,27.1,Standard,6.0,4.1,False,GBP
ORD-103776,2024-09-08,CUST-00111,Corporate,Central,Mobile App,Technology,Machines,3,333.31,0.0,999.93,409.97,Standard,4.0,3.8,False,GBP
ORD-100863,2024-01-18,CUST-01308,Consumer,South,Marketplace,Office Supplies,Art,2,11.79,0.0,23.58,7.0,Standard,6.0,4.4,False,GBP
ORD-102722,2024-06-25,CUST-00883,Home Office,South,Marketplace,Office Supplies,Art,7,23.29,0.4,97.82,10.37,First Class,2.0,3.9,False,GBP
ORD-101274,2024-06-27,CUST-01263,,Central,Marketplace,Office Supplies,Paper,7,20.92,0.0,146.44,61.36,Standard,7.0,,True,GBP
ORD-101319,2025-10-21,CUST-01229,Consumer,South,Marketplace,Office Supplies,Binders,7,18.64,0.3,91.34,11.87,Standard,5.0,3.2,False,GBP
ORD-103708,2025-10-05,CUST-00102,Consumer,North,Marketplace,Technology,Phones,3,196.64,0.4,353.95,64.06,Standard,4.0,3.9,False,GBP
ORD-100050,2024-07-20,CUST-00216,Corporate,West,Web,Office Supplies,Labels,6,80.57,0.2,386.74,77.73,Standard,9.0,3.9,False,GBP
ORD-104368,2025-12-18,CUST-00753,Corporate,Central,Web,Technology,Phones,4,586.29,0.0,2345.16,909.92,Standard,6.0,,False,GBP
ORD-104216,2025-03-07,CUST-01019,Consumer,East,Web,Office Supplies,Labels,8,21.49,0.4,103.15,5.16,Standard,7.0,4.8,False,GBP
ORD-104667,2025-07-22,CUST-00863,Home Office,West,Web,Furniture,Bookcases,8,176.61,0.15,1200.95,198.16,Standard,7.0,2.2,False,GBP
ORD-101316,2024-01-09,CUST-00120,Consumer,Central,Mobile App,Office Supplies,Paper,4,36.02,0.15,122.47,6.37,Second Class,2.0,3.3,False,GBP
ORD-100074,2025-05-01,CUST-00436,Consumer,West,Mobile App,Furniture,Bookcases,4,164.29,0.0,657.16,295.06,First Class,0.0,4.4,True,GBP
ORD-101967,2025-11-27,CUST-01196,Corporate,West,Marketplace,Furniture,Bookcases,5,470.5,0.4,1411.5,254.07,Second Class,2.0,2.9,False,GBP
ORD-101216,2025-04-23,CUST-00776,Consumer,West,Mobile App,Technology,Machines,6,137.53,0.0,825.18,309.44,First Class,5.0,5.0,False,GBP
ORD-104092,2024-10-26,CUST-01355,Home Office,East,Mobile App,Office Supplies,Art,5,34.08,0.15,144.84,27.95,First Class,4.0,5.0,False,GBP
ORD-100843,2024-09-21,CUST-00929,Corporate,North,Marketplace,Furniture,Furnishings,7,503.4,0.0,3523.8,637.81,Second Class,4.0,3.6,False,GBP
ORD-102338,2025-07-05,CUST-00364,Corporate,Central,Mobile App,Furniture,Chairs,3,289.3,0.0,867.9,405.31,Same Day,4.0,3.9,False,GBP
ORD-102740,2024-06-04,CUST-00562,Consumer,North,Mobile App,Office Supplies,Labels,6,36.18,0.0,217.08,69.03,Standard,5.0,3.3,False,GBP
ORD-101285,2024-02-02,CUST-01132,Corporate,South,Mobile App,Technology,Copiers,1,745.77,0.0,745.77,178.98,Standard,7.0,2.7,False,GBP
ORD-101994,2025-02-07,CUST-00791,,North,Marketplace,Technology,Accessories,7,498.09,0.4,2091.98,401.66,Standard,,4.4,False,GBP
ORD-100478,2025-06-26,CUST-00304,Home Office,West,Web,Office Supplies,Labels,6,31.02,0.1,167.51,35.85,Same Day,1.0,5.0,False,GBP
ORD-103461,2025-08-29,CUST-00377,Consumer,North,Mobile App,Office Supplies,Art,6,16.28,0.0,97.68,24.22,First Class,4.0,3.3,False,GBP
ORD-104170,2024-03-06,CUST-00833,Home Office,West,Web,Technology,Copiers,2,258.92,0.0,517.84,165.19,Second Class,4.0,4.4,False,GBP
ORD-100574,2024-10-18,CUST-01386,Consumer,East,Mobile App,Office Supplies,Paper,1,11.32,0.1,10.19,3.77,Second Class,3.0,2.6,False,GBP
ORD-101456,2024-01-07,CUST-00438,,East,Web,Technology,Machines,5,474.77,0.4,1424.31,240.71,Same Day,0.0,3.2,False,GBP
ORD-103668,2025-03-08,CUST-01094,Consumer,East,Mobile App,Office Supplies,Art,7,30.54,0.1,192.4,50.99,Standard,8.0,3.2,True,GBP
ORD-104076,2025-06-16,CUST-00793,Home Office,East,Mobile App,Office Supplies,Storage,1,40.12,0.0,40.12,14.84,Second Class,2.0,5.0,False,GBP
ORD-102365,2025-10-12,CUST-00234,Corporate,East,Marketplace,Office Supplies,Labels,7,17.31,0.2,96.94,23.85,Standard,6.0,,False,GBP
ORD-100654,2024-02-02,CUST-00615,Corporate,Central,Mobile App,Office Supplies,Art,6,26.83,0.15,136.83,43.1,First Class,5.0,3.4,False,GBP
ORD-103806,2024-09-03,CUST-00317,Corporate,South,Web,Furniture,Chairs,5,243.07,0.2,972.28,139.04,Standard,9.0,3.9,False,GBP
ORD-104402,2024-10-27,CUST-00585,,East,Web,Furniture,Chairs,8,233.78,0.15,1589.7,337.02,Standard,8.0,2.2,False,GBP
ORD-103740,2025-04-30,CUST-00918,Home Office,West,Web,Office Supplies,Storage,6,25.44,0.4,91.58,12.36,Standard,4.0,3.8,False,GBP
ORD-101233,2025-08-01,CUST-01116,Consumer,Central,Phone,Technology,Phones,1,1226.35,0.0,1226.35,448.84,Second Class,5.0,2.7,False,GBP
ORD-102309,2025-03-08,CUST-00463,Consumer,East,Web,Office Supplies,Storage,4,17.0,0.4,40.8,3.84,Standard,5.0,4.1,False,GBP
ORD-104007,2024-02-10,CUST-01185,Consumer,South,Web,Office Supplies,Art,3,48.29,0.3,101.41,17.34,Second Class,2.0,3.4,False,GBP
ORD-103718,2025-10-12,CUST-00090,Corporate,West,Phone,Furniture,Tables,4,164.47,0.0,657.88,267.1,First Class,2.0,5.0,False,GBP
ORD-102561,2025-01-27,CUST-00561,Corporate,South,Web,Furniture,Chairs,6,601.78,0.4,2166.41,506.94,Second Class,7.0,2.6,False,GBP
ORD-103384,2025-03-15,CUST-00059,Corporate,West,Phone,Office Supplies,Paper,8,18.4,0.0,147.2,55.49,Standard,5.0,4.2,False,GBP
ORD-100440,2025-04-26,CUST-00187,Consumer,South,Marketplace,Office Supplies,Storage,5,29.91,0.4,89.73,15.52,Standard,5.0,5.0,False,GBP
ORD-100983,2025-06-29,CUST-01239,Corporate,South,Mobile App,Furniture,Chairs,6,304.53,0.15,1553.1,512.52,Standard,6.0,4.8,False,GBP
ORD-101880,2025-04-13,CUST-00668,Consumer,East,Mobile App,Furniture,Bookcases,2,316.78,0.3,443.49,100.67,Second Class,3.0,4.9,False,GBP
ORD-103448,2025-02-06,CUST-00413,,North,Marketplace,Technology,Phones,3,929.06,0.0,2787.18,1103.72,First Class,2.0,3.1,False,GBP
ORD-100205,2024-11-25,CUST-00274,,Central,Phone,Furniture,Tables,5,97.82,0.3,342.37,68.13,Standard,7.0,3.5,False,GBP
ORD-104916,2025-09-07,CUST-01294,Home Office,West,Mobile App,Furniture,Chairs,6,354.89,0.4,1277.6,88.15,Standard,5.0,3.5,True,GBP
ORD-103360,2024-09-29,CUST-00168,,East,Web,Office Supplies,Binders,6,25.08,0.15,127.91,11.9,Standard,6.0,3.6,False,GBP
ORD-102104,2024-04-21,CUST-00986,Home Office,South,Mobile App,Office Supplies,Paper,5,43.08,0.0,215.4,63.76,Standard,6.0,4.0,True,GBP
ORD-103756,2025-04-03,CUST-00737,Corporate,South,Web,Technology,Copiers,4,199.38,0.4,478.51,33.5,Second Class,2.0,4.7,False,GBP
ORD-101408,2025-03-29,CUST-00829,Corporate,South,Web,Technology,Copiers,4,941.99,0.3,2637.57,638.29,Standard,7.0,5.0,False,GBP
ORD-104904,2024-08-13,CUST-00054,Corporate,West,Mobile App,Office Supplies,Storage,3,44.05,0.1,118.93,32.82,Same Day,1.0,4.7,False,GBP
ORD-100531,2024-03-09,CUST-01252,Consumer,West,Web,Furniture,Tables,3,294.41,0.3,618.26,119.94,Same Day,2.0,3.7,False,GBP
ORD-103722,2025-04-27,CUST-00470,Consumer,South,Mobile App,Office Supplies,Binders,6,42.15,0.1,227.61,65.55,Standard,6.0,2.5,False,GBP
ORD-100979,2025-07-14,CUST-00514,Corporate,North,Phone,Office Supplies,Binders,3,19.83,0.4,35.69,4.21,Standard,5.0,5.0,False,GBP
ORD-100589,2025-06-05,CUST-00120,Home Office,Central,Mobile App,Office Supplies,Labels,6,29.78,0.4,107.21,11.9,Same Day,0.0,3.1,False,GBP
ORD-102285,2024-03-04,CUST-00033,Corporate,Central,Marketplace,Office Supplies,Storage,1,21.68,0.4,13.01,0.61,Standard,6.0,3.0,True,GBP
ORD-101904,2024-07-07,CUST-00968,,North,Web,Technology,Phones,7,119.21,0.3,584.13,131.43,Standard,5.0,4.6,False,GBP
ORD-101450,2025-09-12,CUST-00507,Corporate,South,Phone,Office Supplies,Paper,7,35.68,0.15,212.3,56.47,Standard,5.0,3.8,True,GBP
ORD-101173,2024-01-04,CUST-00423,Consumer,South,Marketplace,Technology,Accessories,2,340.95,0.15,579.62,191.85,Standard,5.0,,False,GBP
ORD-100605,2025-10-06,CUST-00009,,West,Mobile App,Furniture,Furnishings,8,226.0,0.2,1446.4,312.42,Standard,4.0,2.7,False,GBP
ORD-101785,2024-03-07,CUST-00237,Consumer,North,Web,Office Supplies,Labels,8,25.47,0.4,122.26,10.39,Second Class,4.0,3.4,False,GBP
ORD-100175,2024-03-29,CUST-01383,Corporate,South,Web,Office Supplies,Labels,1,66.32,0.0,66.32,21.89,Second Class,3.0,3.4,False,GBP
ORD-104756,2025-01-01,CUST-01321,Corporate,South,Marketplace,Furniture,Bookcases,8,136.59,0.0,1092.72,297.22,First Class,3.0,4.3,False,GBP
ORD-101480,2024-12-28,CUST-01137,Home Office,North,Mobile App,Furniture,Chairs,1,291.57,0.2,233.26,59.25,Second Class,2.0,3.4,True,GBP
ORD-103482,2025-09-04,CUST-01317,Consumer,West,Web,Furniture,Tables,3,667.61,0.0,2002.83,620.88,Standard,6.0,3.8,True,GBP
ORD-100412,2024-11-08,CUST-00912,Consumer,North,Web,Technology,Machines,5,438.03,0.0,2190.15,622.0,Standard,6.0,5.0,False,GBP
ORD-101390,2024-03-04,CUST-00658,Corporate,Central,Marketplace,Technology,Phones,2,189.74,0.0,379.48,103.22,Standard,6.0,3.1,False,GBP
ORD-101341,2024-04-28,CUST-01388,Consumer,Central,Web,Office Supplies,Labels,6,11.12,0.0,66.72,18.55,Standard,6.0,2.7,False,GBP
ORD-104987,2025-11-15,CUST-01204,Consumer,Central,Mobile App,Office Supplies,Binders,8,21.08,0.15,143.34,39.99,Standard,6.0,3.6,False,GBP
ORD-102077,2025-10-17,CUST-01345,Home Office,Central,Mobile App,Office Supplies,Paper,5,18.06,0.2,72.24,16.04,Standard,4.0,5.0,False,GBP
ORD-103743,2025-04-21,CUST-00251,Consumer,Central,Web,Technology,Copiers,2,260.54,0.4,312.65,-9.07,Standard,7.0,3.3,False,GBP
ORD-103630,2024-06-11,CUST-00376,Corporate,West,Mobile App,Office Supplies,Storage,4,22.18,0.2,70.98,16.04,Second Class,3.0,5.0,False,GBP
ORD-104913,2025-06-01,CUST-00755,Consumer,East,Marketplace,Office Supplies,Storage,8,34.62,0.2,221.57,62.04,Standard,5.0,3.9,False,GBP
ORD-103371,2024-04-13,CUST-01176,Corporate,North,Phone,Office Supplies,Storage,5,43.7,0.0,218.5,95.48,Standard,8.0,1.2,False,GBP
ORD-100078,2024-07-26,CUST-00867,,South,Web,Office Supplies,Labels,4,23.93,0.0,95.72,29.58,Second Class,4.0,4.3,False,GBP
ORD-102907,2025-07-17,CUST-00591,Consumer,East,Mobile App,Technology,Accessories,3,549.35,0.0,1648.05,443.33,Standard,6.0,4.2,False,GBP
ORD-104188,2024-06-16,CUST-00904,Consumer,West,Mobile App,Furniture,Chairs,5,241.65,0.0,1208.25,451.89,Standard,5.0,3.9,False,GBP
ORD-103824,2024-05-04,CUST-01114,Consumer,West,Web,Office Supplies,Art,3,59.42,0.0,178.26,71.84,Standard,6.0,2.8,False,GBP
ORD-100264,2025-06-04,CUST-00251,Corporate,Central,Mobile App,Furniture,Tables,1,264.5,0.15,224.82,78.91,Second Class,5.0,4.1,True,GBP
ORD-104394,2024-05-10,CUST-00667,,East,Web,Technology,Copiers,1,907.56,0.0,907.56,441.07,Standard,5.0,4.2,False,GBP
ORD-101598,2024-12-08,CUST-00892,Consumer,South,Mobile App,Furniture,Tables,2,306.89,0.1,552.4,125.95,Standard,5.0,4.3,False,GBP
ORD-102322,2025-05-17,CUST-01238,Home Office,Central,Mobile App,Furniture,Furnishings,4,367.17,0.0,1468.68,428.85,Second Class,4.0,4.4,False,GBP
ORD-104360,2025-10-30,CUST-00844,Consumer,West,Web,Furniture,Furnishings,2,439.43,0.0,878.86,289.14,Standard,5.0,3.6,False,GBP
ORD-104854,2025-12-12,CUST-00658,Consumer,North,Mobile App,Furniture,Bookcases,8,331.0,0.4,1588.8,354.3,First Class,5.0,5.0,False,GBP
ORD-104521,2025-02-28,CUST-00340,Consumer,Central,Web,Furniture,Bookcases,6,77.79,0.1,420.07,142.4,Second Class,3.0,,False,GBP
ORD-104679,2024-02-14,CUST-00246,Home Office,North,Phone,Office Supplies,Binders,7,15.98,0.0,111.86,34.01,Second Class,4.0,4.8,False,GBP
ORD-101178,2025-01-21,CUST-01129,Corporate,East,Marketplace,Office Supplies,Paper,6,38.74,0.4,139.46,7.81,First Class,3.0,2.7,False,GBP
ORD-102070,2025-10-07,CUST-01236,Home Office,Central,Web,Office Supplies,Binders,3,69.0,0.0,207.0,58.37,Standard,7.0,4.1,False,GBP
ORD-103786,2025-03-04,CUST-00806,Consumer,West,Web,Office Supplies,Storage,2,46.38,0.1,83.48,35.73,Second Class,3.0,3.3,False,GBP
ORD-104680,2025-12-18,CUST-01279,Consumer,West,Mobile App,Office Supplies,Paper,1,17.33,0.0,17.33,5.41,Standard,7.0,3.8,False,GBP
ORD-102386,2024-11-01,CUST-00296,Corporate,South,Mobile App,Office Supplies,Storage,4,42.85,0.1,154.26,50.75,First Class,5.0,3.5,False,GBP
ORD-102275,2025-10-18,CUST-00402,,South,Web,Office Supplies,Storage,4,76.18,0.0,304.72,121.89,Standard,7.0,2.7,False,GBP
ORD-101340,2024-09-27,CUST-00871,Home Office,Central,Web,Office Supplies,Storage,1,34.84,0.0,34.84,5.82,First Class,4.0,3.9,False,GBP
ORD-104882,2025-06-06,CUST-00941,Home Office,West,Marketplace,Office Supplies,Binders,6,42.46,0.4,152.86,28.13,First Class,4.0,4.4,False,GBP
ORD-103237,2025-03-30,CUST-01304,Consumer,East,Web,Office Supplies,Storage,3,34.49,0.3,72.43,21.29,Second Class,6.0,2.9,False,GBP
ORD-102640,2024-02-06,CUST-00290,Corporate,North,Marketplace,Office Supplies,Paper,1,33.32,0.4,19.99,-1.24,Second Class,3.0,2.3,False,GBP
ORD-104220,2024-10-29,CUST-00125,Consumer,Central,Web,Technology,Copiers,4,775.29,0.15,2635.99,669.54,Standard,5.0,2.8,False,GBP
ORD-100010,2024-07-29,CUST-01044,Consumer,West,Mobile App,Office Supplies,Storage,5,45.4,0.1,204.3,70.69,Standard,6.0,5.0,False,GBP
ORD-100438,2025-08-12,CUST-00888,Consumer,South,Web,Office Supplies,Paper,8,29.89,0.3,167.38,23.94,Second Class,4.0,2.9,False,GBP
ORD-101366,2025-08-16,CUST-00092,Corporate,South,Web,Furniture,Chairs,8,359.94,0.1,2591.57,606.43,Second Class,6.0,3.0,True,GBP
ORD-100971,2025-01-10,CUST-01213,Corporate,West,Phone,Technology,Accessories,7,526.49,0.2,2948.34,660.43,Standard,6.0,2.6,False,GBP
ORD-102460,2024-10-07,CUST-00516,Home Office,West,Mobile App,Office Supplies,Labels,5,22.36,0.4,67.08,16.57,First Class,4.0,3.4,False,GBP
ORD-101482,2024-06-22,CUST-00726,Corporate,East,Marketplace,Furniture,Tables,2,174.58,0.4,209.5,32.68,Second Class,4.0,5.0,False,GBP
ORD-100669,2025-04-10,CUST-00438,,North,Mobile App,Office Supplies,Art,5,20.5,0.3,71.75,21.45,Second Class,1.0,4.3,False,GBP
ORD-102914,2025-11-04,CUST-00637,Consumer,South,Web,Furniture,Bookcases,3,173.16,0.1,467.53,117.82,Standard,5.0,3.5,False,GBP
ORD-102893,2024-03-25,CUST-00418,Consumer,East,Mobile App,Office Supplies,Labels,4,13.34,0.3,37.35,7.58,First Class,,4.0,True,GBP
ORD-104221,2025-10-09,CUST-01208,Consumer,South,Phone,Furniture,Chairs,7,308.62,0.4,1296.2,141.29,Second Class,4.0,4.7,False,GBP
ORD-102305,2024-04-04,CUST-00369,Home Office,Central,Web,Office Supplies,Labels,3,25.4,0.3,53.34,8.16,Standard,7.0,4.0,False,GBP
ORD-104826,2025-04-11,CUST-01324,Home Office,North,Phone,Office Supplies,Storage,1,26.33,0.4,15.8,1.99,Standard,6.0,3.2,False,GBP
ORD-101926,2024-07-05,CUST-00859,Consumer,East,Web,Furniture,Furnishings,1,649.45,0.2,519.56,189.64,Standard,7.0,5.0,False,GBP
ORD-101337,2024-04-01,CUST-00653,Consumer,North,Web,Office Supplies,Storage,3,30.86,0.3,64.81,18.86,Second Class,5.0,4.1,False,GBP
ORD-103587,2024-04-24,CUST-00522,Corporate,East,Web,Office Supplies,Labels,1,16.32,0.4,9.79,1.52,Standard,6.0,4.8,False,GBP
ORD-103076,2024-09-19,CUST-00265,Home Office,East,Mobile App,Office Supplies,Binders,6,14.34,0.1,77.44,32.68,First Class,3.0,,False,GBP
ORD-104294,2024-03-08,CUST-00650,Consumer,West,Web,Office Supplies,Storage,5,22.74,0.1,102.33,26.3,First Class,4.0,4.8,False,GBP
ORD-100628,2024-03-24,CUST-01273,Consumer,Central,Mobile App,Office Supplies,Binders,2,11.32,0.0,22.64,8.38,Same Day,1.0,3.6,False,GBP
ORD-100409,2024-09-16,CUST-01159,,West,Marketplace,Technology,Phones,8,581.17,0.4,2789.62,320.81,Standard,7.0,4.8,False,GBP
ORD-104814,2025-04-28,CUST-00006,Consumer,East,Web,Technology,Phones,4,399.67,0.1,1438.81,352.51,Second Class,4.0,4.4,False,GBP
ORD-101198,2025-09-16,CUST-01166,Corporate,South,Web,Furniture,Furnishings,8,372.55,0.0,2980.4,1034.2,Standard,9.0,3.3,False,GBP
ORD-102636,2024-11-07,CUST-00583,,East,Mobile App,Furniture,Chairs,7,367.56,0.0,2572.92,915.96,Standard,,4.8,False,GBP
ORD-103667,2024-06-17,CUST-00454,Corporate,Central,Phone,Office Supplies,Paper,8,14.97,0.0,119.76,46.83,Standard,5.0,,False,GBP
ORD-102679,2024-01-31,CUST-00649,Corporate,East,Mobile App,Furniture,Tables,3,416.45,0.15,1061.95,349.38,Second Class,4.0,4.9,False,GBP
ORD-101201,2024-01-22,CUST-00363,Consumer,West,Marketplace,Office Supplies,Binders,2,13.72,0.0,27.44,8.78,Same Day,4.0,,False,GBP
ORD-104109,2024-12-30,CUST-00369,Consumer,West,Web,Furniture,Furnishings,4,226.51,0.0,906.04,338.86,Standard,5.0,5.0,False,GBP
ORD-100760,2024-10-31,CUST-00206,Corporate,East,Phone,Office Supplies,Art,7,61.47,0.1,387.26,121.99,First Class,3.0,4.0,False,GBP
ORD-103106,2024-12-02,CUST-01329,Consumer,South,Marketplace,Office Supplies,Storage,2,30.93,0.4,37.12,4.31,Standard,6.0,,False,GBP
ORD-103610,2024-03-06,CUST-01335,Consumer,West,Web,Office Supplies,Binders,2,33.01,0.15,56.12,6.17,Standard,5.0,3.7,False,GBP
ORD-104078,2025-05-29,CUST-00403,Consumer,South,Web,Technology,Machines,2,693.67,0.0,1387.34,532.74,First Class,3.0,4.0,False,GBP
ORD-104681,2025-11-06,CUST-01146,Consumer,North,Mobile App,Office Supplies,Art,5,5.24,0.15,22.27,4.52,First Class,3.0,4.3,False,GBP
ORD-101600,2024-04-21,CUST-00642,Consumer,South,Web,Technology,Copiers,6,626.92,0.1,3385.37,1218.73,Standard,5.0,4.7,False,GBP
ORD-102211,2025-11-21,CUST-00980,Consumer,West,Web,Technology,Machines,6,418.02,0.15,2131.9,545.77,Standard,4.0,3.7,True,GBP
ORD-103416,2024-01-26,CUST-01147,Corporate,East,Mobile App,Technology,Copiers,6,412.68,0.0,2476.08,864.15,Standard,5.0,4.4,False,GBP
ORD-101593,2024-11-15,CUST-01002,,North,Mobile App,Furniture,Chairs,3,169.95,0.4,305.91,42.83,Standard,6.0,4.8,False,GBP
ORD-101458,2025-03-29,CUST-01381,Corporate,East,Marketplace,Technology,Copiers,8,819.45,0.2,5244.48,1190.5,First Class,2.0,3.5,False,GBP
ORD-104534,2025-08-05,CUST-00072,Home Office,Central,Web,Furniture,Chairs,4,291.04,0.15,989.54,289.94,Standard,4.0,4.4,False,GBP
ORD-102178,2024-11-15,CUST-01183,Corporate,North,Phone,Technology,Copiers,6,351.33,0.15,1791.78,286.68,Second Class,4.0,3.9,False,GBP
ORD-103111,2025-12-08,CUST-01175,Corporate,Central,Phone,Office Supplies,Labels,7,11.36,0.0,79.52,27.59,Standard,8.0,4.3,False,GBP
ORD-102281,2024-11-29,CUST-00802,Consumer,East,Marketplace,Furniture,Tables,3,348.09,0.1,939.84,300.75,Standard,6.0,4.6,False,GBP
ORD-100693,2025-08-30,CUST-00981,Corporate,North,Web,Furniture,Bookcases,4,389.76,0.0,1559.04,706.25,Same Day,4.0,2.3,False,GBP
ORD-101578,2024-12-18,CUST-01048,Corporate,North,Web,Technology,Phones,3,667.38,0.15,1701.82,345.47,Standard,6.0,3.2,True,GBP
ORD-102060,2025-08-24,CUST-00860,,South,Mobile App,Furniture,Bookcases,8,294.9,0.2,1887.36,351.05,Standard,8.0,3.8,True,GBP
ORD-104800,2024-07-23,CUST-00996,Consumer,South,Marketplace,Technology,Accessories,6,678.67,0.4,2443.21,246.76,Standard,7.0,3.0,False,GBP
ORD-102984,2024-02-16,CUST-01001,Home Office,Central,Mobile App,Furniture,Chairs,7,209.37,0.0,1465.59,496.84,Second Class,5.0,3.7,False,GBP
ORD-102351,2024-07-09,CUST-01138,Consumer,South,Web,Technology,Phones,8,277.54,0.15,1887.27,369.9,Standard,8.0,4.6,False,GBP
ORD-102613,2025-04-22,CUST-00672,Corporate,Central,Mobile App,Furniture,Chairs,3,509.73,0.0,1529.19,565.8,Same Day,1.0,5.0,False,GBP
ORD-103930,2025-05-01,CUST-00885,Consumer,Central,Mobile App,Furniture,Tables,2,203.92,0.0,407.84,183.12,Standard,6.0,4.8,True,GBP
ORD-103716,2024-12-02,CUST-00846,Consumer,West,Marketplace,Office Supplies,Storage,6,23.25,0.0,139.5,42.55,First Class,4.0,2.8,False,GBP
ORD-103063,2024-10-09,CUST-00979,Corporate,Central,Mobile App,Furniture,Bookcases,3,179.13,0.2,429.91,53.74,Standard,7.0,5.0,False,GBP
ORD-101370,2025-09-19,CUST-01217,Home Office,East,Web,Technology,Phones,7,722.0,0.3,3537.8,714.64,Same Day,0.0,3.0,False,GBP
ORD-104249,2024-07-03,CUST-00816,,West,Web,Furniture,Tables,1,370.7,0.0,370.7,111.58,Same Day,4.0,4.2,False,GBP
ORD-104885,2025-06-17,CUST-00113,Consumer,North,Marketplace,Office Supplies,Binders,7,19.75,0.1,124.42,36.33,Second Class,,3.3,False,GBP
ORD-100042,2025-01-21,CUST-00039,Corporate,South,Web,Office Supplies,Storage,6,22.28,0.4,80.21,12.83,First Class,3.0,5.0,False,GBP
ORD-101240,2024-02-22,CUST-00111,Corporate,Central,Mobile App,Furniture,Chairs,4,159.63,0.0,638.52,219.65,Second Class,1.0,4.2,False,GBP
ORD-101418,2025-11-20,CUST-01018,Corporate,North,Web,Furniture,Chairs,2,146.89,0.0,293.78,89.31,Second Class,5.0,4.4,False,GBP
ORD-100878,2025-07-08,CUST-00149,Consumer,South,Mobile App,Furniture,Chairs,4,192.2,0.0,768.8,192.2,Second Class,4.0,4.0,False,GBP
ORD-101483,2025-03-27,CUST-01099,Home Office,North,Web,Furniture,Furnishings,4,298.22,0.0,1192.88,394.84,Second Class,3.0,4.4,False,GBP
ORD-103779,2025-03-15,CUST-00322,Consumer,South,Web,Office Supplies,Paper,2,11.18,0.1,20.12,6.68,Second Class,5.0,3.8,False,GBP
ORD-102471,2024-12-13,CUST-01232,Corporate,South,Mobile App,Furniture,Tables,5,316.27,0.0,1581.35,613.56,First Class,6.0,,False,GBP
ORD-104455,2024-12-07,CUST-00797,Corporate,East,Mobile App,Furniture,Furnishings,2,148.55,0.0,297.1,82.59,Standard,6.0,4.3,False,GBP
ORD-100055,2024-10-13,CUST-00517,Consumer,East,Mobile App,Furniture,Furnishings,6,508.82,0.2,2442.34,762.01,Standard,6.0,2.9,False,GBP
ORD-100879,2025-05-25,CUST-00741,Corporate,Central,Marketplace,Technology,Phones,6,214.21,0.3,899.68,177.24,Second Class,5.0,,False,GBP
ORD-101318,2025-06-10,CUST-00607,,North,Web,Office Supplies,Paper,5,33.2,0.15,141.1,36.26,Second Class,4.0,3.7,False,GBP
ORD-102633,2025-10-20,CUST-00209,Consumer,South,Web,Office Supplies,Binders,8,32.0,0.0,256.0,60.42,Standard,8.0,2.5,False,GBP
ORD-104122,2025-10-24,CUST-00640,Consumer,West,Web,Furniture,Chairs,1,119.8,0.0,119.8,42.77,Second Class,2.0,3.6,False,GBP
ORD-101238,2025-03-22,CUST-01161,,West,Web,Office Supplies,Labels,7,18.6,0.15,110.67,36.74,Standard,7.0,4.7,False,GBP
ORD-101513,2025-11-15,CUST-01314,,East,Mobile App,Office Supplies,Storage,6,23.83,0.0,142.98,42.61,Standard,6.0,3.7,False,GBP
ORD-100135,2025-06-28,CUST-00600,,Central,Marketplace,Office Supplies,Labels,3,49.87,0.3,104.73,30.27,First Class,5.0,3.2,False,GBP
ORD-102258,2025-11-09,CUST-00181,Corporate,West,Marketplace,Furniture,Tables,1,123.3,0.0,123.3,51.79,Same Day,3.0,3.1,False,GBP
ORD-102828,2024-11-24,CUST-01282,,South,Mobile App,Furniture,Chairs,7,421.7,0.1,2656.71,953.76,First Class,2.0,4.8,False,GBP
ORD-104841,2025-05-25,CUST-01152,Consumer,South,Mobile App,Technology,Machines,5,530.94,0.3,1858.29,144.95,Standard,6.0,3.6,False,GBP
ORD-101862,2024-08-07,CUST-01389,Corporate,South,Web,Office Supplies,Binders,7,43.93,0.1,276.76,93.54,Second Class,8.0,3.9,False,GBP
ORD-103928,2025-12-01,CUST-00337,,Central,Mobile App,Furniture,Chairs,4,373.22,0.3,1045.02,167.2,First Class,3.0,4.1,False,GBP
ORD-103231,2025-01-19,CUST-00141,Corporate,Central,Mobile App,Furniture,Bookcases,1,538.52,0.4,323.11,20.36,First Class,2.0,3.5,False,GBP
ORD-103956,2024-03-17,CUST-00877,Corporate,Central,Phone,Furniture,Tables,5,89.13,0.1,401.08,150.4,Second Class,3.0,4.6,False,GBP
ORD-104492,2024-07-12,CUST-01240,Consumer,South,Web,Furniture,Chairs,6,444.12,0.0,2664.72,911.33,Same Day,0.0,4.2,False,GBP
ORD-101498,2025-11-05,CUST-00124,Consumer,North,Web,Office Supplies,Art,1,38.2,0.4,22.92,3.78,Standard,5.0,4.5,False,GBP
ORD-104149,2025-06-17,CUST-00067,Home Office,Central,Web,Office Supplies,Storage,3,41.2,0.3,86.52,5.71,First Class,4.0,3.3,False,GBP
ORD-104879,2025-08-21,CUST-00290,Consumer,North,Marketplace,Furniture,Furnishings,3,97.85,0.0,293.55,109.49,Standard,6.0,2.9,False,GBP
ORD-102941,2025-03-21,CUST-00038,Consumer,South,Web,Technology,Accessories,7,478.65,0.2,2680.44,793.41,Standard,5.0,4.8,False,GBP
ORD-100178,2024-03-03,CUST-01148,Consumer,East,Web,Office Supplies,Binders,2,19.59,0.0,39.18,16.53,Standard,5.0,3.0,False,GBP
ORD-102788,2025-12-03,CUST-00218,,Central,Mobile App,Office Supplies,Binders,8,73.27,0.0,586.16,155.92,Standard,4.0,4.5,False,GBP
ORD-101179,2025-10-17,CUST-00703,Consumer,West,Mobile App,Furniture,Chairs,4,222.05,0.15,754.97,266.5,First Class,5.0,,False,GBP
ORD-103212,2024-10-31,CUST-00977,,South,Web,Technology,Copiers,8,443.85,0.3,2485.56,544.34,Standard,6.0,2.7,False,GBP
ORD-100300,2025-11-05,CUST-00781,Home Office,West,Mobile App,Office Supplies,Storage,1,13.29,0.3,9.3,2.86,Same Day,0.0,3.8,False,GBP
ORD-103275,2024-03-27,CUST-00550,Consumer,South,Web,Furniture,Bookcases,1,245.28,0.1,220.75,63.8,Second Class,5.0,4.0,False,GBP
ORD-101663,2025-05-24,CUST-01201,Corporate,West,Web,Office Supplies,Storage,8,21.15,0.3,118.44,4.74,Standard,5.0,3.4,False,GBP
ORD-104724,2025-07-16,CUST-00113,Consumer,Central,Marketplace,Office Supplies,Binders,6,38.91,0.2,186.77,53.42,Second Class,3.0,3.0,False,GBP
ORD-101001,2025-06-27,CUST-00398,Corporate,West,Phone,Technology,Machines,2,276.75,0.3,387.45,96.86,Second Class,2.0,5.0,False,GBP
ORD-103261,2024-10-19,CUST-00879,Consumer,Central,Web,Office Supplies,Storage,8,21.29,0.2,136.26,37.06,Standard,7.0,4.5,False,GBP
ORD-104174,2024-11-17,CUST-00826,,West,Phone,Furniture,Chairs,3,260.96,0.0,782.88,247.39,Same Day,0.0,4.2,True,GBP
ORD-103590,2024-07-15,CUST-00606,Corporate,West,Marketplace,Furniture,Chairs,5,687.86,0.2,2751.44,773.15,Standard,6.0,,False,GBP
ORD-100228,2024-12-25,CUST-01287,Consumer,West,Marketplace,Technology,Phones,6,569.16,0.1,3073.46,848.27,Same Day,0.0,3.9,False,GBP
ORD-100818,2024-10-04,CUST-00823,,South,Mobile App,Office Supplies,Labels,5,43.91,0.0,219.55,73.55,Same Day,0.0,3.8,False,GBP
ORD-100988,2025-01-30,CUST-01349,Consumer,West,Mobile App,Furniture,Chairs,5,99.24,0.3,347.34,39.94,Same Day,2.0,3.4,False,GBP
ORD-100029,2025-08-03,CUST-00524,Consumer,North,Web,Office Supplies,Binders,7,22.52,0.2,126.11,29.89,First Class,3.0,3.1,False,GBP
ORD-101657,2025-07-20,CUST-00285,Consumer,East,Web,Office Supplies,Paper,8,38.35,0.2,245.44,71.67,First Class,6.0,3.5,True,GBP
ORD-100561,2024-01-13,CUST-00804,Consumer,South,Mobile App,Furniture,Bookcases,6,912.02,0.0,5472.12,2276.4,Standard,6.0,3.0,False,GBP
ORD-103464,2025-01-05,CUST-00155,Corporate,East,Marketplace,Technology,Machines,7,342.92,0.0,2400.44,1022.59,Second Class,4.0,4.6,False,GBP
ORD-104892,2024-01-10,CUST-00854,Corporate,South,Web,Furniture,Bookcases,1,89.09,0.4,53.45,8.93,First Class,4.0,3.2,True,GBP
ORD-100225,2025-04-22,CUST-01143,Consumer,East,Web,Furniture,Tables,4,527.96,0.1,1900.66,659.53,Same Day,2.0,4.4,False,GBP
ORD-104101,2024-08-21,CUST-01356,Home Office,West,Web,Office Supplies,Art,2,39.12,0.0,78.24,29.73,Standard,7.0,2.1,False,GBP
ORD-104089,2024-01-12,CUST-01121,,Central,Web,Furniture,Chairs,3,151.73,0.4,273.11,25.13,Standard,5.0,3.6,False,GBP
ORD-104540,2024-11-05,CUST-01256,Consumer,Central,Web,Technology,Machines,2,618.53,0.0,1237.06,402.04,Standard,7.0,3.8,False,GBP
ORD-103443,2025-05-02,CUST-01025,Corporate,Central,Web,Technology,Machines,5,435.37,0.0,2176.85,620.4,Standard,10.0,3.7,True,GBP
ORD-104128,2025-11-27,CUST-00383,Corporate,North,Mobile App,Office Supplies,Art,2,33.31,0.3,46.63,15.71,Standard,5.0,3.4,False,GBP
ORD-103010,2024-01-27,CUST-00526,Consumer,South,Web,Office Supplies,Art,1,20.07,0.1,18.06,6.83,First Class,4.0,3.8,False,GBP
ORD-100668,2025-10-15,CUST-00438,Home Office,Central,Mobile App,Furniture,Furnishings,8,73.39,0.0,587.12,199.03,Second Class,4.0,4.5,False,GBP
ORD-102943,2025-08-31,CUST-00529,,West,Web,Furniture,Bookcases,4,323.69,0.3,906.33,15.41,Second Class,6.0,3.0,False,GBP
ORD-103006,2024-10-10,CUST-00977,Consumer,North,Web,Technology,Machines,7,350.25,0.3,1716.22,176.77,Second Class,3.0,2.8,False,GBP
ORD-104644,2024-03-15,CUST-00922,Consumer,South,Mobile App,Furniture,Bookcases,2,310.84,0.3,435.18,74.85,Second Class,5.0,3.4,True,GBP
ORD-103539,2024-01-29,CUST-00785,Consumer,East,Phone,Office Supplies,Labels,3,15.56,0.3,32.68,6.27,Second Class,1.0,4.0,False,GBP
ORD-100151,2025-05-30,CUST-00569,,South,Mobile App,Technology,Machines,6,568.6,0.2,2729.28,346.62,Standard,6.0,4.4,False,GBP
ORD-101802,2024-11-29,CUST-00340,Corporate,West,Phone,Office Supplies,Storage,2,21.46,0.3,30.04,7.27,Standard,8.0,4.8,False,GBP
ORD-104318,2024-11-18,CUST-00670,Consumer,Central,Mobile App,Technology,Phones,7,358.27,0.1,2257.1,424.33,Standard,5.0,2.6,True,GBP
ORD-100702,2025-03-10,CUST-01201,Home Office,East,Mobile App,Office Supplies,Labels,6,33.51,0.2,160.85,43.91,Standard,8.0,3.0,True,GBP
ORD-104794,2024-09-21,CUST-00336,Home Office,North,Web,Office Supplies,Storage,8,9.42,0.0,75.36,24.87,Same Day,2.0,3.6,False,GBP
ORD-101444,2024-06-24,CUST-01237,Corporate,West,Mobile App,Furniture,Tables,5,163.25,0.0,816.25,231.81,Standard,7.0,4.6,False,GBP
ORD-102950,2025-01-29,CUST-01325,Consumer,West,Marketplace,Office Supplies,Art,4,24.58,0.15,83.57,17.22,Standard,7.0,3.7,False,GBP
ORD-103517,2025-04-08,CUST-01206,Home Office,East,Marketplace,Furniture,Bookcases,5,260.98,0.15,1109.16,271.74,Standard,5.0,2.9,False,GBP
ORD-100854,2024-05-01,CUST-01210,Consumer,West,Mobile App,Technology,Accessories,2,752.14,0.0,1504.28,595.69,Standard,8.0,2.9,False,GBP
ORD-101832,2025-07-06,CUST-00108,Consumer,West,Web,Office Supplies,Paper,1,35.86,0.3,25.1,4.34,Standard,5.0,,False,GBP
ORD-102881,2024-02-08,CUST-00792,Consumer,East,Mobile App,Office Supplies,Art,5,41.09,0.1,184.91,47.71,First Class,4.0,5.0,False,GBP
ORD-103294,2024-08-12,CUST-00051,Corporate,South,Mobile App,Furniture,Tables,8,437.11,0.0,3496.88,1412.74,Standard,5.0,3.8,False,GBP
ORD-104954,2024-05-06,CUST-01393,Consumer,Central,Mobile App,Office Supplies,Art,4,32.87,0.0,131.48,59.3,Standard,8.0,3.7,False,GBP
ORD-104209,2025-08-01,CUST-00951,Home Office,South,Marketplace,Furniture,Furnishings,1,365.5,0.0,365.5,140.72,First Class,2.0,3.3,False,GBP
ORD-102337,2025-05-19,CUST-00325,Consumer,South,Mobile App,Office Supplies,Art,4,33.18,0.0,132.72,38.36,Same Day,0.0,3.7,False,GBP
ORD-100206,2024-06-21,CUST-00196,Corporate,West,Marketplace,Technology,Copiers,4,281.11,0.3,787.11,115.71,Standard,7.0,2.9,False,GBP
ORD-101147,2024-08-14,CUST-00626,Consumer,Central,Mobile App,Office Supplies,Storage,6,14.76,0.4,53.14,11.8,Standard,9.0,4.1,False,GBP
ORD-103136,2025-11-18,CUST-01337,Consumer,North,Web,Office Supplies,Art,3,23.63,0.2,56.71,14.8,Second Class,4.0,2.9,False,GBP
ORD-103297,2025-05-31,CUST-00384,Corporate,East,Mobile App,Technology,Accessories,8,327.87,0.0,2622.96,873.45,Same Day,0.0,4.6,False,GBP
ORD-103238,2025-05-05,CUST-01312,Home Office,East,Phone,Office Supplies,Storage,1,18.09,0.1,16.28,5.7,Standard,8.0,3.4,False,GBP
ORD-102735,2024-04-09,CUST-00299,Corporate,East,Mobile App,Office Supplies,Labels,5,146.3,0.0,731.5,321.86,Standard,5.0,3.4,False,GBP
ORD-101245,2025-05-09,CUST-00685,Consumer,Central,Mobile App,Office Supplies,Paper,4,15.8,0.2,50.56,13.55,Standard,5.0,3.5,False,GBP
ORD-104084,2025-04-05,CUST-00595,,North,Mobile App,Furniture,Furnishings,2,422.88,0.1,761.18,214.65,Second Class,2.0,3.1,False,GBP
ORD-103852,2025-07-19,CUST-00647,Consumer,Central,Web,Office Supplies,Paper,2,20.05,0.1,36.09,12.52,Second Class,2.0,4.3,False,GBP
ORD-102731,2025-01-25,CUST-00249,Consumer,East,Web,Technology,Accessories,5,392.64,0.1,1766.88,600.74,Standard,7.0,4.3,False,GBP
ORD-103333,2025-07-16,CUST-00424,Consumer,North,Web,Technology,Accessories,2,598.13,0.0,1196.26,397.16,Standard,5.0,4.4,True,GBP
ORD-102665,2025-10-05,CUST-00237,Consumer,Central,Mobile App,Furniture,Bookcases,7,103.6,0.0,725.2,199.43,Same Day,2.0,3.5,False,GBP
ORD-101982,2024-08-01,CUST-00252,Consumer,South,Mobile App,Technology,Machines,6,138.37,0.15,705.69,228.64,Second Class,3.0,2.4,True,GBP
ORD-100869,2025-01-03,CUST-00311,Consumer,West,Web,Furniture,Chairs,4,237.54,0.0,950.16,216.64,Second Class,5.0,4.0,False,GBP
ORD-101659,2024-01-10,CUST-00971,Consumer,South,Web,Furniture,Chairs,1,263.88,0.1,237.49,66.97,Standard,8.0,4.5,False,GBP
ORD-103233,2024-12-15,CUST-01068,Corporate,East,Mobile App,Furniture,Furnishings,7,119.99,0.0,839.93,280.54,Standard,6.0,3.3,False,GBP
ORD-103050,2024-02-25,CUST-00639,Home Office,South,Web,Technology,Phones,3,494.87,0.0,1484.61,426.08,Second Class,4.0,3.1,False,GBP
ORD-104632,2024-08-01,CUST-01369,Corporate,Central,Web,Technology,Accessories,4,187.54,0.1,675.14,211.99,Standard,5.0,4.5,False,GBP
ORD-102677,2024-08-18,CUST-01116,,West,Phone,Technology,Phones,7,200.42,0.2,1122.35,189.68,First Class,1.0,4.8,False,GBP
ORD-103397,2025-01-15,CUST-00877,Consumer,Central,Marketplace,Furniture,Bookcases,3,259.17,0.0,777.51,257.36,Standard,6.0,4.1,False,GBP
ORD-103078,2024-06-23,CUST-00133,Corporate,West,Marketplace,Technology,Machines,4,359.87,0.4,863.69,93.28,Standard,7.0,4.0,False,GBP
ORD-103985,2024-10-23,CUST-00208,Consumer,West,Web,Furniture,Tables,7,282.23,0.15,1679.27,596.14,Standard,3.0,4.6,False,GBP
ORD-101138,2025-08-01,CUST-00881,Home Office,West,Mobile App,Technology,Accessories,8,456.81,0.0,3654.48,1458.14,Second Class,6.0,2.7,False,GBP
ORD-102694,2024-10-06,CUST-01016,Consumer,Central,Marketplace,Office Supplies,Binders,4,19.39,0.0,77.56,28.31,First Class,4.0,5.0,False,GBP
ORD-104235,2024-12-13,CUST-00243,Corporate,Central,Web,Office Supplies,Binders,5,21.66,0.0,108.3,49.28,Standard,6.0,4.5,False,GBP
ORD-104585,2024-06-30,CUST-00815,Home Office,West,Mobile App,Technology,Accessories,8,504.51,0.0,4036.08,460.11,Standard,4.0,3.0,False,GBP
ORD-104652,2024-08-22,CUST-00463,Consumer,West,Marketplace,Office Supplies,Labels,1,26.41,0.3,18.49,3.33,Standard,7.0,3.7,False,GBP
ORD-104310,2025-04-11,CUST-01331,Consumer,North,Web,Office Supplies,Art,2,32.34,0.4,38.81,10.94,Same Day,4.0,3.8,False,GBP
ORD-104642,2025-06-11,CUST-00072,Consumer,North,Mobile App,Office Supplies,Binders,4,11.66,0.0,46.64,16.42,Second Class,3.0,3.5,False,GBP
ORD-103369,2024-02-15,CUST-00908,,West,Mobile App,Office Supplies,Labels,2,13.33,0.0,26.66,8.93,Second Class,5.0,3.2,False,GBP
ORD-102179,2025-01-15,CUST-00528,Corporate,North,Web,Technology,Copiers,7,114.5,0.3,561.05,131.29,Standard,6.0,5.0,False,GBP
ORD-104410,2025-10-10,CUST-00522,Consumer,East,Web,Furniture,Bookcases,6,168.51,0.1,36398.0,292.09,Standard,7.0,5.0,False,GBP
ORD-102186,2024-03-11,CUST-01320,Consumer,South,Marketplace,Technology,Accessories,2,1329.72,0.1,2393.5,856.87,Second Class,3.0,4.3,False,GBP
ORD-102639,2024-05-06,CUST-00188,Consumer,West,Web,Technology,Accessories,4,901.16,0.1,3244.18,629.37,Standard,4.0,3.1,False,GBP
ORD-104851,2025-11-14,CUST-00259,Home Office,Central,Web,Office Supplies,Binders,5,17.94,0.3,62.79,10.61,Standard,4.0,4.2,False,GBP
ORD-100416,2025-07-14,CUST-00402,Consumer,North,Marketplace,Technology,Accessories,6,226.17,0.15,1153.47,341.43,First Class,3.0,3.8,False,GBP
ORD-102086,2025-07-01,CUST-00561,Consumer,North,Mobile App,Technology,Machines,1,504.09,0.15,428.48,108.83,Standard,5.0,5.0,False,GBP
ORD-104054,2024-05-14,CUST-00535,Consumer,Central,Mobile App,Furniture,Tables,8,126.32,0.0,1010.56,211.21,First Class,1.0,3.3,True,GBP
ORD-103986,2025-05-13,CUST-00249,Consumer,Central,Web,Furniture,Furnishings,6,185.51,0.0,1113.06,375.1,First Class,2.0,3.4,True,GBP
ORD-102754,2024-12-14,CUST-01252,Consumer,West,Mobile App,Furniture,Chairs,3,393.54,0.0,1180.62,426.2,Standard,8.0,4.4,False,GBP
ORD-100136,2024-02-03,CUST-01336,Home Office,West,Phone,Technology,Copiers,1,1215.74,0.0,1215.74,390.25,Second Class,5.0,3.1,False,GBP
ORD-101474,2024-01-04,CUST-00964,Corporate,East,Web,Office Supplies,Art,7,23.76,0.0,166.32,58.71,Standard,7.0,4.8,False,GBP
ORD-101122,2025-08-20,CUST-01064,Corporate,East,Mobile App,Technology,Accessories,7,380.21,0.3,1863.03,484.39,Standard,4.0,4.1,False,GBP
ORD-104131,2024-11-13,CUST-01362,Consumer,North,Marketplace,Office Supplies,Art,1,34.85,0.4,20.91,0.73,First Class,5.0,3.3,False,GBP
ORD-100025,2025-11-07,CUST-00887,Corporate,North,Marketplace,Office Supplies,Storage,2,48.2,0.0,96.4,35.19,Standard,8.0,4.1,False,GBP
ORD-100657,2025-11-15,CUST-01033,Consumer,Central,Web,Furniture,Furnishings,4,223.48,0.4,536.35,89.57,First Class,5.0,4.5,False,GBP
ORD-103942,2025-03-12,CUST-01353,Consumer,East,Marketplace,Furniture,Tables,4,215.76,0.0,863.04,294.3,Second Class,3.0,4.5,False,GBP
ORD-100449,2025-08-20,CUST-00785,Consumer,Central,Web,Technology,Phones,8,908.89,0.4,4362.67,885.62,Second Class,6.0,4.2,False,GBP
ORD-103432,2025-06-14,CUST-00079,Corporate,North,Web,Office Supplies,Labels,5,17.5,0.0,87.5,24.15,Standard,8.0,2.9,False,GBP
ORD-103296,2024-03-11,CUST-00329,Consumer,South,Web,Furniture,Furnishings,4,190.7,0.2,610.24,125.1,Standard,5.0,4.3,False,GBP
ORD-103124,2025-03-27,CUST-01103,Consumer,Central,Marketplace,Furniture,Chairs,3,379.05,0.3,796.0,158.4,First Class,3.0,3.2,False,GBP
ORD-101401,2025-11-07,CUST-00389,Consumer,Central,Web,Furniture,Tables,1,129.18,0.15,109.8,35.68,Standard,6.0,2.8,False,GBP
ORD-103282,2025-11-22,CUST-01061,,Central,Mobile App,Technology,Phones,2,691.14,0.3,967.6,166.43,First Class,1.0,4.3,False,GBP
ORD-101258,2024-05-22,CUST-00979,Home Office,East,Web,Office Supplies,Binders,5,20.16,0.0,100.8,31.95,Second Class,3.0,3.9,False,GBP
ORD-101270,2025-12-29,CUST-00908,Consumer,North,Web,Office Supplies,Art,6,53.3,0.0,319.8,88.26,Same Day,0.0,5.0,True,GBP
ORD-104989,2024-03-29,CUST-00509,Home Office,East,Web,Office Supplies,Storage,7,33.28,0.15,198.02,64.95,First Class,2.0,2.2,False,GBP
ORD-101449,2024-12-06,CUST-00844,Consumer,West,Mobile App,Office Supplies,Labels,6,52.98,0.0,317.88,111.58,First Class,1.0,,False,GBP
ORD-101052,2025-04-17,CUST-01194,Consumer,North,Mobile App,Office Supplies,Labels,4,28.86,0.0,115.44,32.67,Second Class,4.0,4.7,False,GBP
ORD-102825,2024-09-15,CUST-00741,Consumer,West,Marketplace,Office Supplies,Paper,1,24.86,0.0,24.86,6.66,Standard,6.0,3.4,True,GBP
ORD-102437,2024-08-28,CUST-01028,Consumer,West,Web,Office Supplies,Labels,6,22.22,0.0,133.32,53.33,Standard,5.0,4.5,False,GBP
ORD-103990,2024-08-16,CUST-01004,Consumer,Central,Web,Technology,Accessories,3,276.74,0.0,830.22,296.39,First Class,4.0,3.8,False,GBP
ORD-104340,2025-03-10,CUST-00300,,North,Web,Technology,Phones,6,300.2,0.4,1080.72,50.79,Second Class,5.0,3.4,False,GBP
ORD-100276,2024-11-29,CUST-00895,Consumer,South,Mobile App,Furniture,Bookcases,8,416.05,0.15,2829.14,480.95,Same Day,0.0,4.5,False,GBP
ORD-102441,2024-08-27,CUST-00326,,West,Mobile App,Furniture,Bookcases,7,119.35,0.3,584.81,39.18,Standard,6.0,3.6,False,GBP
ORD-102158,2025-10-13,CUST-01354,Corporate,West,Mobile App,Technology,Copiers,5,672.43,0.1,3025.94,777.67,Standard,9.0,3.8,False,GBP
ORD-100588,2024-05-13,CUST-01002,,Central,Mobile App,Office Supplies,Storage,4,59.0,0.2,188.8,48.33,Standard,6.0,4.0,False,GBP
ORD-102207,2024-01-31,CUST-01296,Consumer,South,Phone,Office Supplies,Labels,3,20.01,0.0,60.03,13.93,Same Day,1.0,3.3,False,GBP
ORD-100970,2024-03-28,CUST-01350,Home Office,South,Mobile App,Furniture,Bookcases,8,164.58,0.1,1184.98,479.92,Standard,6.0,3.5,False,GBP
ORD-103184,2024-09-09,CUST-01374,Home Office,West,Web,Furniture,Chairs,4,276.41,0.4,663.38,98.84,Second Class,4.0,4.1,False,GBP
ORD-102708,2025-08-13,CUST-00647,Corporate,West,Web,Furniture,Chairs,5,431.49,0.2,1725.96,63.86,Standard,6.0,3.8,True,GBP
ORD-104240,2025-02-06,CUST-00851,Corporate,South,Web,Office Supplies,Art,7,19.29,0.3,94.52,18.53,Standard,9.0,4.1,False,GBP
ORD-103334,2024-12-14,CUST-00271,Home Office,Central,Mobile App,Technology,Phones,1,346.54,0.0,346.54,103.96,Standard,,3.4,False,GBP
ORD-101759,2025-10-08,CUST-00967,Home Office,North,Web,Furniture,Chairs,4,683.22,0.0,2732.88,1218.86,Standard,5.0,,False,GBP
ORD-102181,2024-09-28,CUST-00706,,South,Web,Technology,Accessories,3,378.63,0.0,1135.89,395.29,Standard,,4.0,True,GBP
ORD-103757,2025-11-29,CUST-00419,Consumer,South,Phone,Technology,Accessories,2,839.04,0.0,1678.08,453.08,Second Class,5.0,4.7,False,GBP
ORD-104263,2025-11-27,CUST-00788,Consumer,North,Marketplace,Office Supplies,Art,6,12.64,0.3,53.09,8.39,Second Class,3.0,4.4,False,GBP
ORD-102272,2024-05-03,CUST-01341,Consumer,Central,Mobile App,Office Supplies,Binders,2,87.16,0.15,148.17,43.12,Standard,5.0,4.5,False,GBP
ORD-103825,2024-11-04,CUST-00568,Corporate,East,Web,Office Supplies,Paper,6,86.33,0.4,310.79,-3.11,Standard,4.0,3.8,False,GBP
ORD-100927,2025-07-30,CUST-00161,Home Office,West,Marketplace,Office Supplies,Labels,6,22.66,0.15,115.57,32.94,Standard,7.0,3.3,False,GBP
ORD-103226,2024-04-04,CUST-00160,Corporate,South,Mobile App,Office Supplies,Paper,6,15.8,0.0,94.8,25.03,Same Day,0.0,3.8,False,GBP
ORD-103068,2024-07-28,CUST-00065,Consumer,South,Marketplace,Office Supplies,Paper,1,11.82,0.2,9.46,2.69,Standard,9.0,3.4,False,GBP
ORD-104994,2025-04-07,CUST-00322,,North,Phone,Office Supplies,Paper,6,22.83,0.0,136.98,40.55,First Class,1.0,4.5,False,GBP
ORD-100024,2025-11-20,CUST-00524,Corporate,North,Mobile App,Furniture,Tables,7,136.56,0.3,669.14,133.16,Standard,5.0,,True,GBP
ORD-104939,2025-03-04,CUST-00025,Corporate,Central,Web,Technology,Machines,4,351.68,0.0,1406.72,310.89,Second Class,4.0,5.0,False,GBP
ORD-100443,2024-05-06,CUST-00889,Corporate,East,Web,Technology,Copiers,1,340.27,0.2,272.22,52.81,Standard,8.0,3.4,True,GBP
ORD-104246,2024-04-06,CUST-00511,Corporate,West,Marketplace,Furniture,Chairs,7,126.24,0.3,618.58,18.56,Standard,6.0,3.7,False,GBP
ORD-104857,2025-01-28,CUST-00970,Consumer,South,Marketplace,Office Supplies,Binders,1,17.48,0.4,10.49,2.4,Standard,6.0,4.1,False,GBP
ORD-102142,2025-01-06,CUST-00524,Consumer,West,Phone,Office Supplies,Art,8,41.93,0.15,285.12,64.15,Second Class,4.0,3.8,False,GBP
ORD-100754,2024-01-28,CUST-00722,,Central,Marketplace,Furniture,Bookcases,4,688.8,0.0,2755.2,1267.39,First Class,1.0,4.4,False,GBP
ORD-102265,2024-08-26,CUST-00524,Consumer,North,Marketplace,Furniture,Bookcases,7,123.12,0.2,689.47,182.02,Standard,5.0,3.7,False,GBP
ORD-101047,2024-11-15,CUST-00224,Consumer,West,Marketplace,Technology,Phones,1,374.21,0.0,374.21,156.05,Same Day,3.0,2.9,False,GBP
ORD-100780,2024-02-07,CUST-00912,Home Office,North,Marketplace,Office Supplies,Paper,1,55.87,0.1,50.28,20.46,Standard,7.0,3.6,False,GBP
ORD-100900,2025-04-14,CUST-01379,Home Office,South,Web,Furniture,Tables,8,62.78,0.1,452.02,131.54,Standard,5.0,2.7,False,GBP
ORD-103035,2025-08-16,CUST-01392,Consumer,East,Mobile App,Furniture,Tables,4,588.33,0.0,2353.32,715.41,Second Class,6.0,4.2,False,GBP
ORD-101952,2025-03-24,CUST-00002,Consumer,West,Web,Technology,Machines,7,687.02,0.2,3847.31,934.9,First Class,3.0,5.0,False,GBP
ORD-102760,2024-08-04,CUST-00046,Consumer,North,Marketplace,Furniture,Bookcases,7,490.78,0.2,2748.37,505.7,Standard,4.0,2.4,False,GBP
ORD-101197,2025-03-31,CUST-00279,Corporate,East,Web,Technology,Machines,2,965.28,0.15,1640.98,495.58,Standard,7.0,3.3,False,GBP
ORD-100100,2024-08-21,CUST-01051,Home Office,West,Marketplace,Technology,Accessories,3,420.38,0.4,756.68,37.08,Standard,6.0,3.4,False,GBP
ORD-101049,2025-08-10,CUST-00645,Corporate,Central,Mobile App,Office Supplies,Paper,1,32.0,0.2,25.6,11.08,First Class,3.0,3.2,False,GBP
ORD-101627,2024-09-29,CUST-01306,Home Office,North,Web,Furniture,Tables,6,115.71,0.15,590.12,161.69,Second Class,5.0,4.3,False,GBP
ORD-104886,2024-10-25,CUST-00851,Corporate,East,Marketplace,Office Supplies,Paper,7,32.69,0.1,205.95,87.12,Second Class,4.0,3.8,False,GBP
ORD-102831,2025-12-21,CUST-00823,Corporate,North,Mobile App,Furniture,Bookcases,5,392.26,0.4,1176.78,121.21,Standard,8.0,3.6,False,GBP
ORD-103800,2024-03-16,CUST-00847,Consumer,North,Marketplace,Office Supplies,Labels,1,27.63,0.15,23.49,4.18,Second Class,5.0,4.3,False,GBP
ORD-102443,2025-08-07,CUST-01166,Consumer,West,Web,Office Supplies,Art,2,19.15,0.0,38.3,16.93,Standard,8.0,4.4,False,GBP
ORD-101271,2024-11-03,CUST-00803,Consumer,West,Mobile App,Technology,Accessories,2,480.15,0.3,672.21,209.06,Second Class,4.0,4.4,True,GBP
ORD-104763,2024-11-20,CUST-00426,Consumer,North,Mobile App,Furniture,Bookcases,7,295.85,0.0,2070.95,650.28,First Class,0.0,3.3,False,GBP
ORD-102748,2024-05-02,CUST-00581,Consumer,Central,Mobile App,Furniture,Furnishings,2,76.8,0.3,107.52,20.86,Standard,6.0,1.3,False,GBP
ORD-100766,2024-04-14,CUST-00967,Consumer,Central,Mobile App,Furniture,Furnishings,4,318.35,0.0,1273.4,542.47,Standard,7.0,2.7,False,GBP
ORD-101889,2025-12-04,CUST-01031,Consumer,Central,Web,Office Supplies,Art,2,31.68,0.0,63.36,21.73,Standard,5.0,,False,GBP
ORD-103660,2025-10-25,CUST-00383,Corporate,East,Marketplace,Office Supplies,Binders,8,50.55,0.3,283.08,71.05,Standard,5.0,2.8,True,GBP
ORD-103060,2025-05-05,CUST-01055,Home Office,West,Web,Furniture,Chairs,3,399.48,0.3,838.91,187.08,Standard,9.0,5.0,False,GBP
ORD-100168,2025-07-19,CUST-00281,Consumer,North,Web,Office Supplies,Art,5,49.02,0.0,245.1,65.44,Second Class,,3.6,False,GBP
ORD-100073,2024-02-18,CUST-01234,Consumer,Central,Web,Office Supplies,Labels,1,33.27,0.15,28.28,6.59,First Class,3.0,3.8,False,GBP
ORD-102653,2025-07-06,CUST-00056,,Central,Web,Office Supplies,Paper,4,24.59,0.2,78.69,12.98,First Class,2.0,2.8,False,GBP
ORD-103922,2025-09-05,CUST-01135,Corporate,North,Web,Technology,Accessories,1,158.0,0.2,126.4,18.96,Standard,9.0,4.0,False,GBP
ORD-102985,2024-10-18,CUST-01036,Home Office,East,Web,Furniture,Furnishings,3,309.3,0.0,927.9,226.41,First Class,2.0,2.7,False,GBP
ORD-101883,2025-04-15,CUST-00299,Consumer,Central,Phone,Technology,Machines,3,481.38,0.0,1444.14,375.48,Standard,5.0,3.0,False,GBP
ORD-104044,2024-07-23,CUST-00642,Consumer,North,Web,Technology,Machines,6,315.86,0.0,1895.16,777.02,Standard,9.0,4.6,False,GBP
ORD-102166,2025-07-25,CUST-01292,Consumer,West,Mobile App,Office Supplies,Art,1,22.19,0.15,18.86,6.24,Standard,6.0,3.1,False,GBP
ORD-102568,2025-11-22,CUST-00993,Home Office,South,Mobile App,Office Supplies,Binders,4,61.76,0.4,148.22,5.04,Standard,9.0,3.4,False,GBP
ORD-100992,2025-09-26,CUST-00311,Consumer,East,Marketplace,Office Supplies,Storage,2,37.93,0.0,75.86,18.21,Standard,7.0,4.5,False,GBP
ORD-103216,2024-03-13,CUST-00268,Corporate,Central,Web,Technology,Machines,2,362.78,0.0,725.56,253.22,Standard,6.0,4.0,False,GBP
ORD-101905,2024-01-23,CUST-00326,Consumer,Central,Web,Furniture,Chairs,8,300.22,0.0,2401.76,886.25,Standard,6.0,,False,GBP
ORD-103086,2025-07-30,CUST-00041,Consumer,North,Marketplace,Office Supplies,Storage,6,18.79,0.2,90.19,18.31,Standard,6.0,3.6,False,GBP
ORD-101384,2024-05-17,CUST-01385,,North,Phone,Technology,Accessories,4,447.1,0.4,1073.04,354.1,Second Class,2.0,4.9,False,GBP
ORD-103441,2025-01-13,CUST-00662,Corporate,West,Web,Furniture,Bookcases,6,117.95,0.4,424.62,101.48,Same Day,1.0,5.0,False,GBP
ORD-101738,2025-09-30,CUST-01261,Consumer,East,Phone,Furniture,Bookcases,2,1195.3,0.0,2390.6,415.96,Second Class,3.0,4.7,False,GBP
ORD-104737,2024-03-23,CUST-01208,Consumer,North,Marketplace,Furniture,Bookcases,3,217.69,0.0,653.07,227.27,Standard,6.0,,False,GBP
ORD-101503,2025-05-04,CUST-00065,Consumer,East,Mobile App,Furniture,Tables,4,881.43,0.15,2996.86,1072.88,Standard,6.0,3.3,False,GBP
ORD-102564,2024-04-04,CUST-01156,,East,Mobile App,Office Supplies,Paper,7,17.79,0.0,124.53,54.67,Standard,7.0,2.3,False,GBP
ORD-101631,2025-01-28,CUST-00416,Consumer,North,Web,Furniture,Bookcases,5,560.77,0.15,2383.27,598.2,Standard,5.0,2.6,False,GBP
ORD-103724,2025-07-24,CUST-00827,Home Office,East,Web,Office Supplies,Labels,8,41.5,0.2,265.6,61.62,Standard,6.0,4.1,False,GBP
ORD-102102,2025-04-25,CUST-00368,Consumer,South,Web,Furniture,Chairs,5,290.31,0.0,1451.55,706.9,Standard,6.0,3.3,False,GBP
ORD-100266,2024-02-07,CUST-00095,Corporate,South,Mobile App,Technology,Copiers,7,758.16,0.2,4245.7,1231.25,Second Class,5.0,3.1,False,GBP
ORD-101033,2024-03-08,CUST-00968,Consumer,South,Web,Furniture,Tables,3,457.23,0.1,1234.52,322.21,Second Class,4.0,4.1,False,GBP
ORD-102631,2025-04-11,CUST-00578,,North,Mobile App,Technology,Machines,4,227.96,0.15,775.06,234.07,Second Class,6.0,3.6,True,GBP
ORD-103586,2024-06-08,CUST-01031,Corporate,South,Mobile App,Furniture,Furnishings,1,150.45,0.2,120.36,25.16,Same Day,,,False,GBP
ORD-102585,2024-07-17,CUST-01094,Corporate,West,Web,Technology,Copiers,6,535.43,0.3,2248.81,193.4,Standard,5.0,3.3,False,GBP
ORD-101844,2024-03-20,CUST-01156,Corporate,West,Marketplace,Technology,Accessories,6,248.51,0.0,1491.06,354.87,Standard,5.0,3.3,True,GBP
ORD-104960,2024-05-27,CUST-00951,Home Office,South,Mobile App,Furniture,Tables,7,362.26,0.4,1521.49,117.15,Standard,6.0,4.5,False,GBP
ORD-104729,2025-11-26,CUST-01039,Consumer,North,Web,Furniture,Chairs,4,335.14,0.0,1340.56,481.26,Second Class,5.0,3.0,False,GBP
ORD-102214,2025-06-29,CUST-00735,Home Office,North,Web,Furniture,Bookcases,2,225.69,0.4,270.83,54.98,Standard,5.0,4.6,False,GBP
ORD-100144,2025-08-01,CUST-00570,Consumer,East,Web,Office Supplies,Storage,5,7.76,0.15,32.98,10.62,Same Day,2.0,3.0,False,GBP
ORD-104427,2024-06-24,CUST-01395,Home Office,East,Web,Furniture,Bookcases,3,285.17,0.1,769.96,210.2,Standard,7.0,,False,GBP
ORD-103959,2025-03-17,CUST-01295,Home Office,South,Phone,Furniture,Chairs,4,405.11,0.15,1377.37,472.44,Second Class,3.0,2.6,False,GBP
ORD-104343,2025-04-19,CUST-00085,Consumer,South,Mobile App,Furniture,Chairs,1,241.98,0.15,205.68,81.24,Standard,7.0,3.0,False,GBP
ORD-104469,2024-02-09,CUST-00911,Consumer,Central,Marketplace,Technology,Machines,2,1116.17,0.0,2232.34,593.8,Standard,6.0,3.2,False,GBP
ORD-104476,2025-01-20,CUST-01150,,West,Mobile App,Furniture,Chairs,2,451.75,0.1,813.15,200.03,Standard,7.0,3.5,False,GBP
ORD-102547,2024-02-20,CUST-01329,Corporate,West,Marketplace,Furniture,Chairs,8,117.27,0.15,797.44,167.46,Second Class,1.0,3.5,False,GBP
ORD-100320,2025-05-26,CUST-00656,Corporate,East,Mobile App,Technology,Accessories,7,514.45,0.1,3241.04,677.38,Standard,6.0,4.9,False,GBP
ORD-101587,2024-11-21,CUST-00028,Corporate,South,Web,Furniture,Chairs,1,283.57,0.15,241.03,75.92,Standard,4.0,5.0,False,GBP
ORD-101584,2024-01-02,CUST-01138,Consumer,South,Mobile App,Office Supplies,Storage,5,33.22,0.0,166.1,66.77,Standard,6.0,4.2,False,GBP
ORD-103573,2025-10-17,CUST-00920,Consumer,Central,Web,Technology,Copiers,5,555.27,0.2,2221.08,575.26,Standard,6.0,5.0,False,GBP
ORD-103699,2024-05-20,CUST-00369,Home Office,North,Marketplace,Furniture,Furnishings,4,202.48,0.0,809.92,359.6,Standard,5.0,2.3,False,GBP
ORD-102282,2025-09-16,CUST-01185,Home Office,West,Mobile App,Office Supplies,Binders,4,28.65,0.0,114.6,39.88,Second Class,5.0,4.6,False,GBP
ORD-104526,2024-03-31,CUST-00794,,Central,Web,Office Supplies,Paper,2,25.62,0.2,40.99,4.71,Standard,7.0,4.8,False,GBP
ORD-101010,2024-02-22,CUST-00988,,South,Mobile App,Technology,Copiers,6,558.49,0.3,2345.66,403.45,First Class,5.0,4.5,True,GBP
ORD-103913,2025-06-30,CUST-00974,Corporate,South,Mobile App,Technology,Copiers,7,367.57,0.1,2315.69,998.06,Second Class,5.0,4.1,False,GBP
ORD-103024,2024-04-23,CUST-00458,Corporate,Central,Marketplace,Technology,Phones,7,1059.16,0.3,5189.88,1307.85,Standard,5.0,3.4,False,GBP
ORD-103996,2024-06-20,CUST-00205,Consumer,North,Web,Office Supplies,Art,1,24.65,0.4,14.79,3.08,Second Class,4.0,4.5,False,GBP
ORD-100191,2025-06-26,CUST-00685,Consumer,South,Mobile App,Office Supplies,Storage,6,32.57,0.3,136.79,22.16,Standard,9.0,3.5,False,GBP
ORD-101175,2025-11-28,CUST-00596,Consumer,South,Marketplace,Office Supplies,Paper,3,23.62,0.1,63.77,13.58,Standard,6.0,4.8,False,GBP
ORD-104531,2025-05-22,CUST-00349,Consumer,West,Web,Office Supplies,Storage,3,35.46,0.4,63.83,5.43,Standard,8.0,3.6,False,GBP
ORD-101690,2024-12-27,CUST-01198,Consumer,East,Phone,Furniture,Furnishings,1,214.4,0.0,214.4,79.76,Second Class,6.0,,False,GBP
ORD-101280,2024-06-04,CUST-00679,Consumer,North,Marketplace,Furniture,Bookcases,1,661.52,0.4,396.91,48.82,Standard,6.0,3.2,False,GBP
ORD-103350,2024-08-28,CUST-01307,Consumer,East,Marketplace,Technology,Machines,3,551.82,0.3,1158.82,188.89,Standard,8.0,2.7,False,GBP
ORD-102232,2024-09-15,CUST-00940,Home Office,North,Web,Furniture,Furnishings,2,290.98,0.4,349.18,43.65,Same Day,0.0,3.4,False,GBP
ORD-100687,2024-10-07,CUST-00367,Consumer,Central,Mobile App,Office Supplies,Labels,1,47.59,0.3,33.31,4.43,Standard,4.0,,False,GBP
ORD-100638,2025-09-29,CUST-00228,Consumer,East,Web,Office Supplies,Paper,3,34.87,0.0,104.61,31.91,Standard,5.0,4.5,True,GBP
ORD-100569,2025-12-08,CUST-00214,Consumer,East,Web,Office Supplies,Labels,2,19.37,0.1,34.87,13.15,Second Class,6.0,3.3,False,GBP
ORD-103654,2024-12-15,CUST-00020,Home Office,West,Marketplace,Furniture,Tables,8,253.03,0.3,1416.97,440.68,Standard,7.0,2.7,False,GBP
ORD-100933,2024-07-02,CUST-00966,Consumer,West,Mobile App,Office Supplies,Binders,2,12.17,0.15,20.69,2.71,Standard,4.0,,False,GBP
ORD-101169,2025-03-17,CUST-01325,Consumer,South,Web,Office Supplies,Binders,4,34.04,0.2,108.93,25.71,Standard,7.0,4.3,False,GBP
ORD-101360,2024-07-23,CUST-01379,Consumer,North,Mobile App,Office Supplies,Binders,8,6.61,0.0,52.88,21.15,First Class,,4.3,False,GBP
ORD-104629,2024-06-25,CUST-01331,Consumer,East,Mobile App,Technology,Copiers,3,536.65,0.0,1609.95,544.16,Second Class,5.0,3.7,False,GBP
ORD-103287,2024-10-18,CUST-00650,Consumer,North,Web,Furniture,Tables,6,455.32,0.2,2185.54,295.05,Same Day,2.0,4.7,False,GBP
ORD-103462,2024-12-10,CUST-01293,Home Office,East,Mobile App,Office Supplies,Binders,4,57.71,0.15,196.21,20.01,First Class,3.0,4.4,False,GBP
ORD-101822,2025-07-14,CUST-00261,,West,Mobile App,Office Supplies,Storage,8,41.87,0.3,234.47,52.76,Second Class,2.0,2.3,False,GBP
ORD-102790,2024-05-04,CUST-00474,Consumer,West,Web,Furniture,Furnishings,3,153.17,0.0,459.51,149.34,Standard,7.0,4.9,False,GBP
ORD-100196,2025-02-06,CUST-00752,Home Office,West,Mobile App,Furniture,Chairs,6,533.41,0.0,3200.46,1376.2,Standard,6.0,4.3,False,GBP
ORD-104591,2025-05-02,CUST-00360,Home Office,South,Mobile App,Office Supplies,Paper,7,18.5,0.15,110.08,33.13,Second Class,4.0,4.6,False,GBP
ORD-103089,2024-03-08,CUST-01332,Corporate,Central,Mobile App,Technology,Copiers,5,273.37,0.4,820.11,81.19,First Class,3.0,5.0,False,GBP
ORD-103785,2024-02-24,CUST-00559,Consumer,South,Mobile App,Office Supplies,Labels,3,35.78,0.0,107.34,63.12,Standard,7.0,4.8,False,GBP
ORD-102428,2025-02-14,CUST-00329,Consumer,South,Phone,Furniture,Furnishings,6,162.91,0.0,977.46,341.13,Standard,4.0,4.1,False,GBP
ORD-102075,2024-05-07,CUST-00531,Home Office,Central,Web,Furniture,Bookcases,1,1080.94,0.15,918.8,271.96,Standard,6.0,3.1,False,GBP
ORD-104491,2024-11-25,CUST-00792,Consumer,Central,Mobile App,Technology,Accessories,3,571.91,0.2,1372.58,420.01,Second Class,5.0,,False,GBP
ORD-101705,2024-07-20,CUST-00959,Consumer,North,Web,Office Supplies,Art,2,21.29,0.4,25.55,1.99,Second Class,6.0,5.0,False,GBP
ORD-100147,2025-06-16,CUST-01328,Consumer,Central,Web,Office Supplies,Binders,4,33.09,0.4,79.42,0.48,Standard,7.0,4.5,False,GBP
ORD-100797,2025-06-04,CUST-00598,Home Office,North,Web,Office Supplies,Art,2,19.18,0.1,34.52,10.77,Standard,4.0,4.3,False,GBP
ORD-101750,2025-12-15,CUST-01152,Consumer,East,Web,Technology,Copiers,4,372.55,0.3,1043.14,368.23,Same Day,2.0,4.0,False,GBP
ORD-100623,2025-12-01,CUST-00448,,East,Web,Furniture,Tables,5,103.59,0.1,466.16,117.47,Standard,6.0,3.9,False,GBP
ORD-102286,2024-10-15,CUST-00538,Consumer,South,Marketplace,Technology,Phones,4,256.09,0.3,717.05,99.67,Standard,6.0,2.2,False,GBP
ORD-104067,2025-11-16,CUST-00195,Corporate,North,Web,Office Supplies,Art,7,25.14,0.0,175.98,24.46,Second Class,3.0,4.1,False,GBP
ORD-102028,2024-06-02,CUST-00744,Corporate,North,Mobile App,Office Supplies,Binders,8,11.67,0.1,84.02,25.71,First Class,3.0,5.0,False,GBP
ORD-101473,2025-06-29,CUST-00503,Corporate,Central,Mobile App,Technology,Machines,2,515.93,0.15,877.08,233.3,Second Class,4.0,,False,GBP
ORD-100722,2024-06-21,CUST-00464,Corporate,South,Mobile App,Technology,Copiers,4,279.89,0.4,671.74,94.04,Standard,7.0,4.3,False,GBP
ORD-101361,2025-03-25,CUST-00311,,North,Mobile App,Furniture,Bookcases,7,80.1,0.3,392.49,53.38,Standard,4.0,4.5,False,GBP
ORD-100106,2025-09-02,CUST-00285,Corporate,North,Web,Office Supplies,Paper,6,8.65,0.4,31.14,2.77,First Class,3.0,2.9,False,GBP
ORD-104446,2025-01-06,CUST-01298,Corporate,South,Web,Office Supplies,Labels,4,17.88,0.0,71.52,23.53,Standard,8.0,,False,GBP
ORD-104746,2024-01-12,CUST-00062,Corporate,South,Web,Technology,Copiers,1,666.46,0.0,666.46,257.25,Standard,6.0,3.1,False,GBP
ORD-104485,2025-11-04,CUST-01120,Home Office,North,Marketplace,Furniture,Chairs,6,441.47,0.4,1589.29,44.5,Second Class,3.0,3.6,False,GBP
ORD-103052,2025-11-16,CUST-01201,,South,Web,Office Supplies,Storage,5,24.54,0.0,122.7,39.14,Second Class,2.0,3.6,False,GBP
ORD-101472,2025-12-30,CUST-01163,Consumer,North,Web,Furniture,Bookcases,1,243.39,0.2,194.71,26.87,Second Class,5.0,4.3,False,GBP
ORD-101117,2025-12-13,CUST-00934,Corporate,North,Mobile App,Office Supplies,Binders,4,89.5,0.15,304.3,93.42,Standard,4.0,3.5,False,GBP
ORD-100554,2025-07-06,CUST-00072,Consumer,West,Phone,Furniture,Chairs,3,959.42,0.2,2302.61,278.62,Standard,4.0,4.6,False,GBP
ORD-100299,2025-01-11,CUST-00885,Consumer,East,Web,Office Supplies,Labels,3,41.48,0.15,105.77,32.37,Standard,7.0,3.8,True,GBP
ORD-100170,2025-11-12,CUST-01044,Corporate,South,Web,Office Supplies,Paper,2,32.47,0.15,55.2,11.54,Standard,6.0,4.3,False,GBP
ORD-103326,2025-01-17,CUST-00339,Consumer,West,Web,Technology,Copiers,5,574.35,0.1,2584.58,620.3,Standard,7.0,5.0,False,GBP
ORD-103803,2024-07-24,CUST-00080,Consumer,Central,Marketplace,Office Supplies,Labels,5,36.07,0.15,153.3,20.85,Standard,7.0,3.4,False,GBP
ORD-103674,2025-08-03,CUST-01192,Consumer,Central,Web,Furniture,Tables,3,435.92,0.0,1307.76,363.56,Standard,7.0,3.3,False,GBP
ORD-101276,2025-05-17,CUST-01049,,North,Web,Office Supplies,Art,8,9.88,0.0,79.04,28.22,Standard,7.0,2.3,False,GBP
ORD-102354,2024-01-11,CUST-00141,Consumer,West,Web,Office Supplies,Art,6,43.64,0.0,261.84,100.55,Second Class,4.0,4.6,False,GBP
ORD-103619,2024-05-31,CUST-01394,Consumer,West,Mobile App,Furniture,Furnishings,1,331.29,0.1,298.16,101.97,Second Class,2.0,4.2,False,GBP
ORD-100415,2024-03-20,CUST-01039,Consumer,South,Marketplace,Office Supplies,Binders,7,26.91,0.15,160.11,32.34,First Class,5.0,3.3,False,GBP
ORD-104524,2025-01-23,CUST-00914,Home Office,South,Web,Technology,Machines,8,491.42,0.3,2751.95,514.61,Standard,7.0,4.4,False,GBP
ORD-104282,2024-12-12,CUST-01249,Consumer,West,Mobile App,Technology,Copiers,6,262.26,0.0,1573.56,385.52,Second Class,6.0,3.6,False,GBP
ORD-103053,2025-05-01,CUST-00501,Consumer,East,Mobile App,Technology,Machines,1,234.06,0.0,234.06,72.32,Standard,4.0,3.1,False,GBP
ORD-103923,2024-05-19,CUST-00446,Consumer,East,Mobile App,Furniture,Chairs,1,342.18,0.4,205.31,16.63,Standard,7.0,2.7,False,GBP
ORD-101839,2024-04-11,CUST-00377,Consumer,Central,Mobile App,Technology,Accessories,3,680.3,0.0,2040.9,787.79,Standard,6.0,,False,GBP
ORD-102956,2025-01-27,CUST-01152,Home Office,Central,Web,Technology,Machines,1,319.78,0.0,319.78,101.37,Standard,8.0,2.0,False,GBP
ORD-102317,2025-10-05,CUST-00051,Consumer,South,Web,Office Supplies,Binders,1,21.76,0.4,13.06,0.81,Standard,4.0,5.0,False,GBP
ORD-102915,2024-04-18,CUST-00178,Consumer,North,Web,Furniture,Bookcases,5,136.61,0.0,683.05,216.53,Standard,8.0,1.5,False,GBP
ORD-100630,2025-02-05,CUST-00802,Corporate,East,Web,Office Supplies,Art,1,64.21,0.15,54.58,18.39,First Class,2.0,,False,GBP
ORD-100162,2024-11-03,CUST-00260,Consumer,East,Mobile App,Technology,Accessories,7,106.29,0.3,520.82,91.14,First Class,1.0,4.4,False,GBP
ORD-100413,2025-09-16,CUST-00428,Home Office,Central,Web,Office Supplies,Labels,5,32.35,0.3,113.22,16.64,Same Day,2.0,3.7,True,GBP
ORD-101073,2025-01-26,CUST-01058,Home Office,East,Mobile App,Office Supplies,Art,3,34.9,0.15,88.99,19.58,Standard,6.0,4.0,False,GBP
ORD-102017,2025-07-17,CUST-01318,,East,Web,Technology,Copiers,3,205.45,0.2,493.08,101.57,First Class,3.0,4.7,False,GBP
ORD-100876,2025-04-23,CUST-00910,Consumer,East,Marketplace,Office Supplies,Binders,6,15.87,0.1,85.7,35.05,Standard,6.0,5.0,False,GBP
ORD-100817,2025-08-13,CUST-01017,Consumer,Central,Web,Office Supplies,Binders,8,8.94,0.4,42.91,3.48,Second Class,2.0,5.0,False,GBP
ORD-102255,2024-01-25,CUST-00452,Consumer,West,Web,Technology,Copiers,5,445.6,0.2,1782.4,385.0,Second Class,4.0,3.9,False,GBP
ORD-102734,2025-12-24,CUST-00886,Corporate,East,Mobile App,Office Supplies,Paper,4,39.53,0.2,126.5,9.49,Standard,7.0,2.6,False,GBP
ORD-100872,2024-10-22,CUST-00714,Consumer,East,Web,Furniture,Chairs,4,127.06,0.4,304.94,22.26,Standard,8.0,3.6,False,GBP
ORD-104341,2024-01-11,CUST-00300,,Central,Mobile App,Technology,Copiers,1,350.61,0.3,245.43,31.66,Same Day,0.0,4.9,False,GBP
ORD-103683,2024-11-03,CUST-00095,Consumer,North,Marketplace,Furniture,Chairs,1,318.54,0.0,318.54,101.93,Standard,8.0,4.4,False,GBP
ORD-100229,2025-04-15,CUST-00127,,West,Web,Technology,Machines,6,687.62,0.1,3713.15,1325.59,Second Class,4.0,3.2,False,GBP
ORD-100906,2025-05-09,CUST-00750,,North,Web,Furniture,Tables,4,496.57,0.15,1688.34,209.35,Second Class,1.0,2.6,False,GBP
ORD-102056,2025-04-29,CUST-00040,Corporate,West,Mobile App,Office Supplies,Storage,3,30.87,0.0,92.61,28.15,Same Day,0.0,5.0,False,GBP
ORD-100896,2024-03-16,CUST-01259,Corporate,North,Mobile App,Office Supplies,Binders,5,27.54,0.3,96.39,24.0,Standard,5.0,4.1,False,GBP
ORD-103871,2025-05-23,CUST-00108,Consumer,Central,Web,Office Supplies,Paper,3,17.94,0.2,43.06,9.09,First Class,2.0,4.0,False,GBP
ORD-102153,2025-03-25,CUST-00463,Consumer,West,Web,Technology,Machines,2,566.72,0.3,793.41,173.76,First Class,3.0,4.2,False,GBP
ORD-100791,2025-12-28,CUST-00383,Home Office,North,Marketplace,Furniture,Chairs,7,291.97,0.0,2043.79,584.52,Same Day,2.0,3.4,False,GBP
ORD-101910,2024-01-01,CUST-01390,Consumer,North,Mobile App,Office Supplies,Storage,6,24.64,0.2,118.27,25.43,Standard,,4.3,False,GBP
ORD-101327,2025-04-13,CUST-01000,Corporate,South,Web,Furniture,Furnishings,3,160.52,0.0,481.56,158.43,Second Class,3.0,,False,GBP
ORD-102308,2025-12-26,CUST-01070,Consumer,South,Phone,Furniture,Chairs,2,256.02,0.0,512.04,245.27,Standard,8.0,4.5,False,GBP
ORD-102876,2025-12-06,CUST-00135,Corporate,East,Mobile App,Furniture,Furnishings,7,672.57,0.2,3766.39,828.61,First Class,2.0,5.0,False,GBP
ORD-100698,2025-05-30,CUST-01149,Home Office,Central,Mobile App,Office Supplies,Binders,2,82.74,0.15,140.66,50.07,Second Class,4.0,4.7,False,GBP
ORD-103083,2025-10-09,CUST-00601,Corporate,South,Web,Office Supplies,Storage,7,22.56,0.3,110.54,3.98,Same Day,2.0,4.5,False,GBP
ORD-103080,2025-03-23,CUST-01077,Consumer,South,Web,Office Supplies,Binders,1,51.21,0.15,43.53,10.49,Second Class,3.0,4.7,False,GBP
ORD-101717,2024-05-30,CUST-00517,Corporate,West,Web,Office Supplies,Binders,5,14.56,0.0,72.8,18.13,Standard,7.0,3.3,False,GBP
ORD-102579,2025-03-19,CUST-00929,Consumer,East,Web,Office Supplies,Storage,3,26.38,0.0,79.14,34.51,Standard,4.0,4.4,False,GBP
ORD-100894,2024-08-08,CUST-01386,Consumer,South,Mobile App,Furniture,Chairs,4,533.35,0.4,1280.04,58.88,Standard,7.0,4.2,True,GBP
ORD-103020,2024-06-14,CUST-00532,Consumer,West,Mobile App,Furniture,Tables,8,67.17,0.0,537.36,197.21,Standard,7.0,4.4,False,GBP
ORD-103541,2025-03-12,CUST-00639,Consumer,South,Web,Office Supplies,Paper,5,30.75,0.3,107.62,19.8,Second Class,4.0,3.9,True,GBP
ORD-104153,2024-01-15,CUST-01151,Corporate,Central,Web,Furniture,Bookcases,2,131.53,0.3,184.14,64.08,Standard,4.0,4.9,False,GBP
ORD-101979,2025-11-03,CUST-00192,,South,Web,Technology,Copiers,4,1145.97,0.1,4125.49,1159.26,Second Class,4.0,3.3,False,GBP
ORD-101057,2024-02-20,CUST-00107,Corporate,Central,Web,Furniture,Tables,4,318.8,0.2,1020.16,16.32,Standard,5.0,3.4,False,GBP
ORD-103309,2024-05-14,CUST-00974,Consumer,Central,Mobile App,Office Supplies,Labels,8,20.28,0.0,162.24,53.86,Standard,8.0,3.7,True,GBP
ORD-103518,2025-12-14,CUST-00725,Corporate,West,Web,Office Supplies,Labels,7,40.83,0.15,242.94,55.39,Standard,5.0,4.0,True,GBP
ORD-102330,2025-02-14,CUST-00683,,South,Web,Furniture,Tables,8,103.99,0.4,499.15,120.79,Standard,6.0,4.3,False,GBP
ORD-103658,2025-07-27,CUST-00950,,South,Web,Office Supplies,Paper,7,49.46,0.15,294.29,87.4,Standard,5.0,4.4,False,GBP
ORD-100092,2025-06-14,CUST-00882,,East,Marketplace,Office Supplies,Labels,1,23.79,0.3,16.65,3.03,Same Day,0.0,5.0,False,GBP
ORD-101234,2025-02-25,CUST-00457,Consumer,South,Phone,Furniture,Tables,3,397.03,0.4,714.65,94.33,Standard,5.0,3.0,False,GBP
ORD-101013,2024-12-26,CUST-01142,Consumer,West,Mobile App,Furniture,Chairs,8,822.06,0.0,6576.48,2893.65,Standard,6.0,3.6,False,GBP
ORD-103863,2025-04-17,CUST-01349,Consumer,South,Marketplace,Furniture,Chairs,4,198.86,0.0,795.44,250.56,Standard,5.0,3.8,False,GBP
ORD-100947,2024-07-30,CUST-00274,Consumer,North,Phone,Technology,Accessories,5,402.21,0.0,2011.05,707.89,Second Class,6.0,4.2,False,GBP
ORD-101793,2024-10-08,CUST-00012,Consumer,South,Phone,Furniture,Chairs,3,390.98,0.15,997.0,190.43,Standard,5.0,5.0,False,GBP
ORD-100190,2025-07-06,CUST-01284,Corporate,South,Mobile App,Furniture,Tables,1,245.56,0.4,147.34,15.18,First Class,1.0,4.8,False,GBP
ORD-101531,2025-01-06,CUST-00999,Corporate,East,Marketplace,Office Supplies,Storage,5,78.81,0.0,394.05,139.49,Standard,7.0,4.8,False,GBP
ORD-102682,2025-02-26,CUST-00797,Corporate,West,Web,Office Supplies,Storage,2,18.02,0.3,25.23,2.35,Standard,6.0,4.6,False,GBP
ORD-102812,2025-10-15,CUST-00398,,East,Web,Furniture,Furnishings,8,193.44,0.4,928.51,137.42,Standard,7.0,3.7,False,GBP
ORD-103894,2025-11-26,CUST-00541,Corporate,East,Marketplace,Furniture,Furnishings,1,111.11,0.0,111.11,22.22,First Class,4.0,4.1,False,GBP
ORD-103588,2024-01-09,CUST-00617,Consumer,North,Phone,Office Supplies,Art,8,12.73,0.0,101.84,33.61,Standard,4.0,3.0,False,GBP
ORD-104819,2024-06-16,CUST-01339,Consumer,South,Mobile App,Office Supplies,Art,2,26.66,0.0,53.32,19.14,Second Class,4.0,3.4,False,GBP
ORD-103176,2025-11-04,CUST-00378,Consumer,East,Web,Furniture,Furnishings,6,200.26,0.3,841.09,157.28,Standard,7.0,,False,GBP
ORD-102111,2024-03-01,CUST-00465,Home Office,North,Web,Furniture,Tables,4,104.02,0.4,249.65,24.97,Standard,5.0,2.6,False,GBP
ORD-104772,2024-09-24,CUST-00821,Consumer,North,Web,Office Supplies,Binders,2,22.31,0.0,44.62,15.8,Second Class,2.0,4.0,False,GBP
ORD-100105,2025-01-22,CUST-00089,Home Office,North,Mobile App,Office Supplies,Art,7,15.98,0.4,67.12,5.57,Second Class,1.0,3.9,True,GBP
ORD-103413,2025-05-08,CUST-00176,Corporate,South,Marketplace,Technology,Machines,8,182.37,0.0,1458.96,528.14,Standard,5.0,4.1,False,GBP
ORD-102801,2024-12-21,CUST-00904,Consumer,East,Mobile App,Technology,Machines,1,186.73,0.0,186.73,59.57,Second Class,2.0,3.4,False,GBP
ORD-101963,2025-05-22,CUST-00566,,South,Web,Office Supplies,Art,2,28.7,0.0,57.4,14.81,Standard,9.0,3.3,False,GBP
ORD-102301,2025-12-09,CUST-00884,Home Office,North,Web,Furniture,Chairs,1,538.83,0.3,377.18,38.47,Standard,8.0,4.8,True,GBP
ORD-100774,2025-04-10,CUST-01049,Corporate,South,Web,Furniture,Chairs,3,737.16,0.4,1326.89,107.48,Standard,7.0,3.0,False,GBP
ORD-101232,2024-10-10,CUST-00675,Consumer,North,Mobile App,Furniture,Tables,7,131.74,0.0,922.18,286.8,Second Class,3.0,4.2,False,GBP
ORD-100858,2024-01-04,CUST-01245,Corporate,East,Web,Technology,Machines,4,1285.54,0.2,4113.73,682.88,Standard,4.0,3.7,False,GBP
ORD-103154,2025-08-26,CUST-01253,Home Office,Central,Mobile App,Technology,Phones,7,157.62,0.0,1103.34,505.33,Standard,4.0,3.9,False,GBP
ORD-104593,2024-01-26,CUST-00338,Home Office,North,Marketplace,Furniture,Furnishings,5,522.59,0.0,2612.95,1026.89,First Class,0.0,4.3,False,GBP
ORD-104974,2024-08-05,CUST-00003,Home Office,Central,Mobile App,Furniture,Bookcases,4,382.52,0.2,1224.06,341.51,Standard,8.0,3.5,False,GBP
ORD-103430,2024-06-11,CUST-01215,Consumer,South,Marketplace,Furniture,Furnishings,2,255.77,0.0,511.54,134.54,Second Class,2.0,5.0,False,GBP
ORD-104160,2025-06-07,CUST-01378,Corporate,West,Phone,Furniture,Furnishings,4,90.61,0.15,308.07,75.79,Second Class,2.0,3.0,True,GBP
ORD-104370,2024-07-04,CUST-00718,Consumer,Central,Phone,Office Supplies,Labels,4,20.22,0.2,64.7,13.2,Same Day,0.0,,False,GBP
ORD-100725,2024-05-13,CUST-00843,Home Office,North,Web,Furniture,Tables,3,494.36,0.1,1334.77,403.1,Same Day,0.0,3.5,True,GBP
ORD-101679,2024-03-20,CUST-00055,Corporate,South,Web,Office Supplies,Binders,2,15.08,0.2,24.13,8.76,Second Class,6.0,2.6,False,GBP
ORD-102201,2024-08-20,CUST-00143,Home Office,West,Mobile App,Furniture,Furnishings,6,290.42,0.1,1568.27,432.84,Second Class,,3.5,False,GBP
ORD-103943,2025-09-06,CUST-01083,Consumer,West,Web,Furniture,Furnishings,4,284.78,0.0,1139.12,303.01,Standard,4.0,3.7,False,GBP
ORD-101363,2025-12-19,CUST-01021,Corporate,South,Marketplace,Technology,Copiers,3,404.46,0.0,1213.38,504.77,Standard,9.0,1.9,False,GBP
ORD-100410,2025-01-15,CUST-00426,Consumer,East,Mobile App,Office Supplies,Storage,2,57.42,0.2,91.87,16.26,Same Day,0.0,5.0,False,GBP
ORD-100830,2025-05-10,CUST-00016,,Central,Web,Technology,Copiers,8,415.39,0.2,2658.5,505.12,Second Class,5.0,4.4,False,GBP
ORD-103781,2025-04-27,CUST-00510,Corporate,East,Marketplace,Office Supplies,Art,7,42.83,0.2,239.85,43.41,First Class,3.0,4.3,False,GBP
ORD-100912,2024-05-18,CUST-00328,Consumer,West,Web,Technology,Accessories,6,1003.23,0.0,6019.38,2148.92,Standard,6.0,3.4,False,GBP
ORD-102092,2025-11-13,CUST-00123,Corporate,Central,Web,Office Supplies,Labels,2,19.06,0.0,38.12,12.2,Standard,6.0,3.6,True,GBP
ORD-100390,2025-08-20,CUST-00359,,Central,Marketplace,Office Supplies,Storage,7,12.2,0.1,76.86,24.75,First Class,3.0,4.8,False,GBP
ORD-104818,2024-12-19,CUST-00204,,East,Web,Technology,Accessories,6,514.82,0.0,3088.92,1454.88,Second Class,3.0,4.6,False,GBP
ORD-104357,2024-02-28,CUST-00038,Consumer,Central,Web,Technology,Phones,5,560.67,0.0,2803.35,1031.63,Second Class,3.0,5.0,False,GBP
ORD-102243,2025-01-06,CUST-00547,Consumer,North,Web,Office Supplies,Binders,4,31.34,0.4,75.22,9.03,First Class,3.0,5.0,False,GBP
ORD-103123,2024-07-23,CUST-00638,Corporate,North,Web,Office Supplies,Storage,2,18.69,0.3,26.17,2.85,Standard,6.0,2.3,False,GBP
ORD-103121,2024-11-19,CUST-01109,Corporate,West,Web,Furniture,Furnishings,6,156.32,0.4,562.75,44.46,Standard,6.0,,False,GBP
ORD-103957,2024-08-02,CUST-00337,,East,Web,Office Supplies,Art,3,32.32,0.2,77.57,21.25,Standard,6.0,,True,GBP
ORD-100718,2024-06-13,CUST-00642,Home Office,Central,Web,Office Supplies,Storage,2,34.43,0.15,58.53,9.19,Standard,7.0,3.2,False,GBP
ORD-103452,2024-04-27,CUST-01095,Consumer,South,Web,Office Supplies,Storage,2,50.55,0.15,85.93,30.42,Same Day,0.0,3.5,False,GBP
ORD-102440,2025-05-04,CUST-00418,Consumer,South,Mobile App,Technology,Machines,6,476.58,0.1,2573.53,561.03,First Class,3.0,3.8,False,GBP
ORD-103256,2025-05-25,CUST-00504,Consumer,Central,Marketplace,Office Supplies,Binders,6,45.87,0.15,233.94,61.76,Second Class,4.0,3.9,True,GBP
ORD-103108,2024-12-23,CUST-00503,Consumer,East,Marketplace,Office Supplies,Labels,3,21.13,0.15,53.88,6.9,Standard,7.0,4.2,False,GBP
ORD-103411,2024-06-03,CUST-00149,Consumer,North,Phone,Office Supplies,Storage,1,5.81,0.1,5.23,1.4,Standard,5.0,2.8,False,GBP
ORD-103048,2025-07-08,CUST-01054,Corporate,Central,Web,Office Supplies,Storage,1,71.84,0.1,64.66,29.16,Second Class,0.0,3.2,False,GBP
ORD-100420,2024-08-28,CUST-00983,,East,Web,Office Supplies,Art,4,13.64,0.2,43.65,8.82,Standard,6.0,3.7,False,GBP
ORD-102197,2025-11-22,CUST-01374,Corporate,East,Marketplace,Furniture,Furnishings,3,237.0,0.3,497.7,116.96,Standard,4.0,5.0,False,GBP
ORD-104105,2024-03-04,CUST-00651,Consumer,Central,Mobile App,Furniture,Tables,6,391.97,0.3,1646.27,370.41,Standard,5.0,,False,GBP
ORD-103877,2025-01-13,CUST-00605,Corporate,Central,Mobile App,Office Supplies,Paper,3,16.35,0.2,39.24,8.91,Standard,6.0,3.4,False,GBP
ORD-103912,2025-11-03,CUST-01035,Corporate,Central,Web,Technology,Copiers,5,310.09,0.2,1240.36,205.9,First Class,3.0,2.7,False,GBP
ORD-103117,2025-08-09,CUST-01303,Corporate,North,Marketplace,Office Supplies,Storage,8,32.84,0.3,183.9,50.76,Standard,5.0,3.0,True,GBP
ORD-101937,2024-12-04,CUST-00008,Consumer,Central,Marketplace,Furniture,Chairs,3,675.0,0.0,2025.0,459.68,Standard,6.0,4.0,False,GBP
ORD-101119,2024-01-27,CUST-00038,Consumer,West,Mobile App,Office Supplies,Art,7,25.64,0.0,179.48,56.72,Standard,3.0,4.9,True,GBP
ORD-104115,2024-12-19,CUST-01164,Consumer,South,Phone,Furniture,Tables,6,397.55,0.4,1431.18,98.75,Second Class,4.0,,False,GBP
ORD-100534,2024-12-04,CUST-00339,Consumer,North,Web,Office Supplies,Art,7,45.21,0.0,316.47,87.98,Standard,4.0,3.5,False,GBP
ORD-100548,2025-05-12,CUST-00415,Corporate,South,Web,Office Supplies,Paper,6,15.63,0.2,75.02,18.23,Standard,2.0,4.7,False,GBP
ORD-100298,2025-05-09,CUST-00352,,South,Web,Technology,Machines,4,680.14,0.2,2176.45,424.41,Second Class,6.0,4.5,False,GBP
ORD-103362,2024-04-03,CUST-00302,,West,Mobile App,Technology,Accessories,6,219.9,0.15,1121.49,411.59,Standard,7.0,3.2,False,GBP
ORD-103729,2024-04-01,CUST-00997,Consumer,North,Web,Technology,Accessories,2,606.7,0.15,1031.39,204.22,First Class,4.0,3.8,False,GBP
ORD-102170,2024-11-22,CUST-00652,Consumer,North,Web,Office Supplies,Paper,6,28.28,0.0,169.68,52.94,Second Class,5.0,3.6,False,GBP
ORD-101385,2024-12-31,CUST-00052,Corporate,South,Phone,Office Supplies,Storage,7,47.62,0.0,333.34,132.67,Same Day,0.0,4.0,False,GBP
ORD-103207,2025-05-27,CUST-00661,Consumer,Central,Web,Technology,Machines,3,633.01,0.15,1614.18,432.6,First Class,2.0,,False,GBP
ORD-103135,2025-10-21,CUST-00297,Home Office,Central,Mobile App,Office Supplies,Storage,6,46.13,0.4,166.07,21.76,Standard,5.0,2.8,False,GBP
ORD-103899,2025-11-20,CUST-01010,,West,Web,Office Supplies,Storage,8,28.43,0.4,136.46,19.38,Same Day,0.0,4.4,False,GBP
ORD-104918,2025-04-08,CUST-01196,Home Office,East,Mobile App,Technology,Machines,5,646.16,0.2,2584.64,648.74,Standard,6.0,5.0,False,GBP
ORD-104184,2025-10-02,CUST-00528,Corporate,Central,Web,Furniture,Chairs,6,256.89,0.15,1310.14,441.52,Standard,5.0,3.6,False,GBP
ORD-103158,2025-10-20,CUST-00222,Home Office,East,Mobile App,Office Supplies,Paper,2,31.01,0.4,37.21,9.71,Standard,7.0,3.6,False,GBP
ORD-100097,2025-05-28,CUST-00042,Corporate,Central,Web,Office Supplies,Storage,5,124.78,0.0,623.9,185.3,Same Day,0.0,3.5,False,GBP
ORD-102099,2025-01-27,CUST-00263,,North,Mobile App,Furniture,Bookcases,4,128.8,0.15,437.92,133.13,Second Class,2.0,3.5,False,GBP
ORD-104605,2024-05-10,CUST-00592,Consumer,North,Web,Office Supplies,Art,8,54.98,0.0,439.84,88.85,Standard,5.0,,False,GBP
ORD-102259,2024-05-05,CUST-00127,,North,Phone,Furniture,Chairs,6,277.51,0.1,1498.55,349.16,First Class,0.0,4.1,False,GBP
ORD-104799,2024-11-20,CUST-00677,Consumer,East,Mobile App,Furniture,Chairs,1,677.32,0.0,677.32,184.91,Standard,8.0,3.3,True,GBP
ORD-101969,2024-01-11,CUST-00551,Corporate,Central,Mobile App,Office Supplies,Art,5,75.63,0.0,378.15,117.23,First Class,4.0,4.7,False,GBP
ORD-102794,2024-01-03,CUST-00131,,East,Web,Furniture,Chairs,3,122.43,0.2,293.83,73.16,First Class,3.0,4.1,True,GBP
ORD-101045,2025-08-22,CUST-01140,Consumer,East,Mobile App,Office Supplies,Binders,2,17.77,0.2,28.43,6.4,First Class,2.0,5.0,True,GBP
ORD-100939,2025-07-28,CUST-00736,Corporate,North,Web,Office Supplies,Art,4,41.44,0.0,165.76,53.21,First Class,4.0,4.7,False,GBP
ORD-104973,2025-09-15,CUST-00135,Corporate,Central,Web,Technology,Accessories,8,566.81,0.4,2720.69,353.69,Second Class,4.0,,False,GBP
ORD-100607,2024-01-24,CUST-01333,Consumer,Central,Phone,Office Supplies,Art,6,18.49,0.1,99.85,29.26,First Class,4.0,4.0,False,GBP
ORD-102526,2024-03-10,CUST-00749,Consumer,South,Web,Technology,Machines,1,225.62,0.2,180.5,54.15,Standard,6.0,3.7,False,GBP
ORD-102539,2024-09-19,CUST-00290,Corporate,West,Mobile App,Furniture,Bookcases,7,91.21,0.3,446.93,107.71,First Class,3.0,3.8,False,GBP
ORD-101070,2025-09-20,CUST-01001,,North,Marketplace,Office Supplies,Labels,2,25.29,0.0,50.58,15.02,Standard,6.0,,True,GBP
ORD-100296,2025-01-28,CUST-00858,Consumer,South,Mobile App,Technology,Copiers,6,216.96,0.1,1171.58,351.47,Standard,4.0,4.3,False,GBP
ORD-100049,2024-07-13,CUST-00573,Home Office,East,Mobile App,Technology,Copiers,5,152.23,0.15,646.98,217.39,First Class,3.0,3.3,False,GBP
ORD-100224,2024-06-02,CUST-01308,Home Office,South,Mobile App,Office Supplies,Storage,8,21.73,0.15,147.76,33.25,First Class,2.0,4.4,False,GBP
ORD-101774,2025-04-02,CUST-00811,Corporate,West,Marketplace,Office Supplies,Art,6,36.45,0.4,131.22,14.57,First Class,2.0,4.3,False,GBP
ORD-101243,2024-04-13,CUST-00906,Consumer,North,Web,Furniture,Tables,7,174.99,0.3,857.45,174.06,Standard,6.0,3.7,False,GBP
ORD-103279,2025-02-18,CUST-00387,Corporate,Central,Web,Office Supplies,Art,7,16.32,0.0,114.24,31.19,Second Class,3.0,4.5,False,GBP
ORD-101921,2024-01-14,CUST-00411,Consumer,North,Mobile App,Technology,Machines,3,450.77,0.4,811.39,132.26,Second Class,4.0,3.5,False,GBP
ORD-100850,2024-02-02,CUST-00189,,East,Mobile App,Technology,Machines,4,261.0,0.15,887.4,218.3,Standard,4.0,3.3,False,GBP
ORD-101225,2025-06-03,CUST-01236,Consumer,North,Web,Office Supplies,Paper,6,16.9,0.1,91.26,30.12,Standard,5.0,4.5,False,GBP
ORD-104658,2025-06-27,CUST-00858,,Central,Web,Office Supplies,Binders,8,19.81,0.4,95.09,24.82,Second Class,4.0,4.7,False,GBP
ORD-102852,2025-08-21,CUST-00217,Corporate,South,Web,Technology,Copiers,2,414.34,0.0,828.68,232.86,First Class,2.0,3.8,False,GBP
ORD-104700,2024-01-10,CUST-00633,Consumer,Central,Web,Office Supplies,Art,8,19.47,0.0,155.76,58.41,Same Day,2.0,2.3,False,GBP
ORD-103317,2024-04-09,CUST-00062,,North,Mobile App,Furniture,Tables,6,877.51,0.0,5265.06,2106.02,Standard,6.0,,False,GBP
ORD-100442,2024-05-24,CUST-00292,Home Office,South,Web,Furniture,Tables,8,210.79,0.0,1686.32,650.92,Standard,7.0,4.2,False,GBP
ORD-102472,2025-11-20,CUST-01193,Consumer,South,Mobile App,Technology,Phones,5,473.17,0.0,2365.85,584.36,Standard,6.0,2.7,False,GBP
ORD-102587,2024-11-06,CUST-00914,,North,Web,Technology,Accessories,8,143.19,0.15,973.69,100.29,Standard,7.0,4.1,False,GBP
ORD-102815,2025-10-06,CUST-00767,Home Office,North,Mobile App,Office Supplies,Storage,7,73.06,0.4,306.85,52.78,First Class,3.0,3.8,True,GBP
ORD-102916,2024-09-18,CUST-00945,Home Office,West,Mobile App,Office Supplies,Paper,7,42.95,0.2,240.52,46.42,First Class,,4.0,False,GBP
ORD-100187,2025-05-11,CUST-01373,Corporate,Central,Mobile App,Furniture,Tables,2,71.26,0.0,142.52,61.85,Same Day,2.0,2.8,False,GBP
ORD-104502,2024-08-20,CUST-01108,Consumer,East,Mobile App,Office Supplies,Labels,7,27.58,0.0,193.06,80.7,Standard,7.0,4.3,False,GBP
ORD-102799,2024-07-03,CUST-01073,Home Office,West,Mobile App,Technology,Phones,5,138.02,0.15,586.58,163.66,Standard,6.0,5.0,False,GBP
ORD-103903,2025-12-07,CUST-00253,Consumer,East,Mobile App,Office Supplies,Storage,4,44.73,0.0,178.92,60.83,Standard,5.0,4.1,False,GBP
ORD-104075,2025-08-01,CUST-00869,Corporate,Central,Marketplace,Furniture,Tables,5,352.88,0.0,1764.4,718.11,Standard,5.0,5.0,False,GBP
ORD-100461,2024-01-27,CUST-00011,Consumer,Central,Marketplace,Technology,Phones,6,283.3,0.4,1019.88,85.67,Standard,8.0,4.1,True,GBP
ORD-104766,2025-07-22,CUST-00881,Consumer,West,Web,Technology,Phones,3,542.12,0.4,975.82,233.22,Standard,4.0,3.6,False,GBP
ORD-103131,2024-09-26,CUST-01142,Corporate,South,Phone,Technology,Copiers,2,480.99,0.15,817.68,221.59,Standard,6.0,4.4,False,GBP
ORD-100714,2024-03-24,CUST-01232,Corporate,East,Mobile App,Office Supplies,Storage,4,13.02,0.0,52.08,14.48,Standard,6.0,3.4,False,GBP
ORD-104520,2024-05-15,CUST-00170,Consumer,East,Phone,Furniture,Tables,6,242.27,0.0,1453.62,622.15,Same Day,0.0,3.1,False,GBP
ORD-100635,2025-11-09,CUST-01016,Consumer,North,Web,Office Supplies,Art,7,52.93,0.0,370.51,124.49,Same Day,0.0,4.8,False,GBP
ORD-104085,2025-11-05,CUST-00369,Consumer,Central,Mobile App,Furniture,Chairs,3,318.25,0.0,954.75,368.53,Second Class,2.0,5.0,False,GBP
ORD-104624,2025-10-16,CUST-00997,,South,Web,Furniture,Bookcases,3,91.42,0.2,219.41,42.78,Same Day,,3.9,False,GBP
ORD-102266,2025-05-28,CUST-00286,Home Office,West,Mobile App,Office Supplies,Paper,4,29.95,0.0,119.8,44.92,Standard,6.0,3.5,False,GBP
ORD-104040,2024-11-20,CUST-01177,,West,Mobile App,Office Supplies,Storage,2,33.9,0.1,61.02,18.49,Second Class,4.0,4.1,False,GBP
ORD-104042,2025-10-04,CUST-00375,,South,Marketplace,Furniture,Tables,8,416.22,0.3,2330.83,212.11,Standard,6.0,4.3,False,GBP
ORD-101765,2024-01-20,CUST-01183,Consumer,East,Web,Technology,Accessories,6,662.51,0.15,3378.8,567.64,Same Day,0.0,4.4,False,GBP
ORD-102347,2025-04-13,CUST-01252,Home Office,South,Mobile App,Office Supplies,Binders,5,116.82,0.0,584.1,230.72,Same Day,2.0,2.9,False,GBP
ORD-102903,2024-03-29,CUST-00756,Corporate,East,Web,Office Supplies,Storage,5,31.64,0.1,142.38,46.13,Standard,3.0,4.7,False,GBP
ORD-100609,2025-04-05,CUST-01290,Corporate,North,Mobile App,Furniture,Chairs,6,415.85,0.0,2495.1,940.65,Standard,5.0,3.2,True,GBP
ORD-100485,2024-01-08,CUST-01171,Consumer,North,Mobile App,Office Supplies,Storage,5,76.07,0.15,323.3,75.98,Standard,5.0,3.9,False,GBP
ORD-101085,2024-11-01,CUST-00552,Home Office,North,Web,Office Supplies,Paper,1,18.73,0.3,13.11,4.01,Second Class,4.0,3.8,False,GBP
ORD-102129,2025-12-22,CUST-00895,Consumer,East,Web,Office Supplies,Binders,2,13.07,0.4,15.68,2.02,Same Day,1.0,3.5,False,GBP
ORD-104420,2024-12-09,CUST-01395,Consumer,South,Web,Furniture,Tables,7,257.86,0.0,1805.02,521.65,First Class,1.0,5.0,False,GBP
ORD-103538,2025-08-30,CUST-01385,Consumer,North,Web,Furniture,Chairs,3,339.64,0.0,1018.92,472.78,Standard,5.0,3.5,False,GBP
ORD-103128,2025-08-25,CUST-01083,Corporate,Central,Web,Technology,Phones,4,327.9,0.1,1180.44,254.98,Standard,3.0,4.3,False,GBP
ORD-100019,2025-12-12,CUST-00758,,North,Marketplace,Technology,Accessories,2,1525.16,0.3,2135.22,164.41,First Class,4.0,3.8,False,GBP
ORD-104934,2024-06-07,CUST-00016,,East,Marketplace,Office Supplies,Labels,5,15.01,0.0,75.05,25.82,Second Class,3.0,4.7,False,GBP
ORD-101673,2025-10-23,CUST-01121,Corporate,West,Mobile App,Technology,Phones,1,479.11,0.4,287.47,-1.15,Standard,5.0,4.1,False,GBP
ORD-102856,2024-05-28,CUST-01180,Corporate,North,Web,Furniture,Bookcases,2,106.13,0.2,169.81,48.23,First Class,4.0,3.7,False,GBP
ORD-101790,2025-07-18,CUST-00814,Corporate,Central,Web,Furniture,Bookcases,3,226.9,0.15,578.6,132.5,Standard,7.0,3.9,True,GBP
ORD-104896,2024-06-29,CUST-01119,Home Office,Central,Mobile App,Technology,Accessories,6,743.08,0.1,4012.63,914.88,Second Class,4.0,3.4,False,GBP
ORD-100096,2025-01-22,CUST-00718,Home Office,North,Mobile App,Furniture,Bookcases,4,422.55,0.15,1436.67,459.73,Second Class,8.0,4.4,False,GBP
ORD-103155,2024-08-15,CUST-00445,Corporate,East,Web,Furniture,Chairs,6,160.34,0.0,962.04,317.47,Second Class,4.0,3.3,False,GBP
ORD-102494,2024-03-13,CUST-00168,Corporate,South,Mobile App,Office Supplies,Paper,5,18.76,0.0,93.8,39.49,Same Day,0.0,3.7,True,GBP
ORD-104570,2024-07-27,CUST-01020,Consumer,South,Web,Office Supplies,Labels,4,16.48,0.1,59.33,18.33,Standard,7.0,4.2,False,GBP
ORD-100366,2024-07-02,CUST-00183,Home Office,East,Mobile App,Office Supplies,Art,1,14.89,0.3,10.42,1.85,Standard,7.0,5.0,False,GBP
ORD-101721,2024-03-22,CUST-01116,Consumer,South,Web,Furniture,Bookcases,1,220.05,0.0,220.05,72.62,Second Class,5.0,3.7,True,GBP
ORD-103657,2024-12-30,CUST-01230,,South,Web,Furniture,Bookcases,5,515.51,0.0,2577.55,592.84,Standard,7.0,3.8,False,GBP
ORD-101909,2024-12-25,CUST-00471,Consumer,Central,Web,Office Supplies,Labels,8,24.07,0.1,173.3,46.27,Second Class,3.0,2.6,False,GBP
ORD-104856,2024-10-06,CUST-00195,,South,Mobile App,Office Supplies,Binders,2,18.21,0.1,32.78,10.36,Second Class,2.0,5.0,False,GBP
ORD-100918,2025-03-26,CUST-00544,Consumer,Central,Web,Furniture,Tables,7,314.95,0.0,2204.65,767.22,Same Day,2.0,4.2,False,GBP
ORD-101425,2024-10-15,CUST-00818,Corporate,East,Web,Technology,Machines,5,614.37,0.15,2611.07,1062.71,Standard,9.0,2.3,False,GBP
ORD-102807,2024-08-20,CUST-01313,Consumer,Central,Web,Furniture,Furnishings,4,85.11,0.2,272.35,69.45,Standard,8.0,4.7,False,GBP
ORD-104488,2024-04-27,CUST-01056,Consumer,North,Mobile App,Technology,Copiers,7,195.72,0.1,1233.04,462.39,Standard,6.0,2.6,False,GBP
ORD-103565,2024-05-17,CUST-00674,Consumer,North,Marketplace,Office Supplies,Binders,6,94.82,0.0,568.92,111.51,Standard,5.0,4.9,True,GBP
ORD-104602,2025-06-07,CUST-00097,Home Office,Central,Web,Technology,Phones,3,395.95,0.0,1187.85,302.9,Standard,,4.7,False,GBP
ORD-104530,2025-08-01,CUST-00950,Corporate,Central,Web,Furniture,Furnishings,3,372.17,0.0,1116.51,534.81,Standard,4.0,3.8,False,GBP
ORD-102990,2024-03-08,CUST-00705,Corporate,East,Mobile App,Office Supplies,Storage,5,28.78,0.4,86.34,5.87,Standard,6.0,4.2,False,GBP
ORD-103391,2025-01-13,CUST-01345,Corporate,South,Mobile App,Technology,Phones,5,332.61,0.4,997.83,113.75,Second Class,2.0,4.9,False,GBP
ORD-103823,2025-11-24,CUST-00883,Home Office,East,Web,Office Supplies,Binders,2,30.51,0.0,61.02,25.45,First Class,3.0,4.3,False,GBP
ORD-104228,2025-05-19,CUST-00043,Consumer,East,Web,Office Supplies,Art,5,50.13,0.2,200.52,58.15,Standard,7.0,3.1,False,GBP
ORD-103122,2025-01-04,CUST-00841,,North,Phone,Office Supplies,Art,4,22.47,0.15,76.4,21.16,Standard,6.0,3.7,False,GBP
ORD-103310,2025-12-27,CUST-01334,Consumer,East,Marketplace,Technology,Machines,7,336.42,0.3,1648.46,156.6,Standard,5.0,3.3,False,GBP
ORD-101588,2025-07-13,CUST-01233,Consumer,South,Web,Furniture,Tables,4,111.47,0.3,312.12,76.47,Second Class,4.0,4.4,False,GBP
ORD-103664,2024-09-12,CUST-00107,Consumer,North,Mobile App,Office Supplies,Paper,3,74.9,0.0,224.7,94.6,Standard,3.0,3.6,False,GBP
ORD-102498,2024-06-26,CUST-00827,Consumer,West,Mobile App,Office Supplies,Storage,6,57.54,0.15,293.45,75.71,Second Class,6.0,,False,GBP
ORD-100031,2024-09-28,CUST-00577,Consumer,West,Web,Furniture,Furnishings,6,198.24,0.0,1189.44,306.88,Standard,5.0,4.0,False,GBP
ORD-103283,2025-07-12,CUST-00721,Consumer,South,Web,Technology,Phones,7,226.44,0.3,1109.56,281.83,Standard,6.0,4.7,False,GBP
ORD-101375,2025-09-23,CUST-01034,Corporate,West,Marketplace,Technology,Phones,1,221.62,0.0,221.62,59.84,Standard,4.0,,False,GBP
ORD-101326,2025-08-01,CUST-01253,Consumer,Central,Mobile App,Technology,Accessories,4,131.16,0.3,367.25,58.03,Standard,3.0,4.1,False,GBP
ORD-103780,2024-09-20,CUST-01288,Consumer,South,Web,Technology,Accessories,5,498.55,0.4,1495.65,130.12,Second Class,5.0,4.3,False,GBP
ORD-101349,2024-07-04,CUST-00428,Consumer,South,Web,Office Supplies,Binders,3,19.0,0.2,45.6,14.09,Second Class,8.0,3.9,False,GBP
ORD-100255,2025-10-31,CUST-01279,Corporate,East,Mobile App,Office Supplies,Binders,2,34.35,0.3,48.09,12.12,First Class,3.0,3.3,False,GBP
ORD-104988,2024-05-17,CUST-01225,Consumer,South,Web,Office Supplies,Storage,8,38.94,0.0,311.52,100.62,Same Day,0.0,3.8,False,GBP
ORD-103642,2024-09-16,CUST-00951,Consumer,East,Mobile App,Technology,Copiers,5,127.39,0.0,636.95,243.31,Second Class,6.0,4.9,False,GBP
ORD-103622,2025-10-20,CUST-00319,Home Office,Central,Mobile App,Furniture,Furnishings,2,239.33,0.0,478.66,157.96,Second Class,5.0,,False,GBP
ORD-104147,2024-08-30,CUST-01302,Corporate,East,Web,Office Supplies,Labels,6,10.7,0.15,54.57,11.84,First Class,3.0,4.0,False,GBP
ORD-104971,2024-08-18,CUST-01374,,West,Web,Technology,Accessories,6,900.29,0.15,4591.48,1496.82,Standard,8.0,4.4,False,GBP
ORD-102727,2025-02-08,CUST-01135,Consumer,Central,Marketplace,Furniture,Bookcases,3,301.67,0.2,724.01,141.91,Standard,7.0,5.0,False,GBP
ORD-103700,2025-07-19,CUST-00092,Home Office,Central,Web,Office Supplies,Art,7,14.23,0.1,89.65,38.91,Second Class,4.0,3.0,False,GBP
ORD-100124,2025-05-13,CUST-00785,Corporate,West,Mobile App,Office Supplies,Labels,2,49.52,0.3,69.33,13.8,Standard,,4.0,False,GBP
ORD-102778,2025-11-03,CUST-00116,Consumer,Central,Web,Technology,Phones,3,556.45,0.0,1669.35,615.99,Standard,7.0,4.3,False,GBP
ORD-102879,2024-06-27,CUST-00922,Home Office,Central,Marketplace,Technology,Phones,2,277.67,0.0,555.34,191.59,Standard,5.0,4.2,False,GBP
ORD-102773,2024-07-09,CUST-00119,Consumer,South,Web,Office Supplies,Binders,4,34.65,0.2,110.88,29.16,Standard,6.0,,False,GBP
ORD-102635,2025-09-05,CUST-00534,Consumer,West,Web,Furniture,Furnishings,4,149.75,0.0,599.0,179.1,Standard,5.0,2.7,False,GBP
ORD-100433,2024-04-09,CUST-00900,Consumer,South,Web,Office Supplies,Art,1,30.07,0.0,30.07,9.95,Second Class,6.0,2.8,False,GBP
ORD-104770,2024-03-09,CUST-00689,Corporate,South,Phone,Technology,Copiers,1,89.75,0.0,89.75,29.89,Standard,5.0,3.1,False,GBP
ORD-103335,2025-02-20,CUST-00153,Consumer,West,Mobile App,Office Supplies,Art,4,21.37,0.4,51.29,8.31,Standard,,3.1,False,GBP
ORD-101099,2025-06-28,CUST-00400,Corporate,East,Marketplace,Furniture,Tables,7,118.24,0.15,703.53,240.61,Same Day,4.0,3.3,False,GBP
ORD-102514,2024-07-30,CUST-00705,,East,Web,Technology,Accessories,8,288.33,0.2,1845.31,568.36,Standard,4.0,4.3,False,GBP
ORD-103606,2025-04-10,CUST-01345,Consumer,Central,Mobile App,Furniture,Furnishings,2,217.67,0.1,391.81,67.0,Standard,7.0,4.3,True,GBP
ORD-102575,2024-09-27,CUST-00725,Home Office,North,Mobile App,Office Supplies,Art,7,28.68,0.0,200.76,58.82,Standard,7.0,,False,GBP
